File verbosity level: 9
date       time         ( uptime  ) [ thread name/id ]                   file:line     v| 
2024-09-17 15:05:44.339 (   0.002s) [                ]             loguru.cpp:755   INFO| Logging to 'totvsls.log', mode: 'w', verbosity: 9
(   0.002s) [main thread     ]             loguru.cpp:591   | arguments: c:\\Users\\Administrator\\.vscode\\extensions\\totvs.tds-vscode-2.0.9/node_modules/@totvs/tds-ls/bin/windows/advpls.exe language-server --notification-level=\"none\" --log-file=totvsls.log --record=totvsls
(   0.002s) [main thread     ]             loguru.cpp:594   | Current dir: d:\TOTVS 12\Microsiga\Protheus\ProjetoVSCode
(   0.002s) [main thread     ]             loguru.cpp:596   | stderr verbosity: -2
(   0.002s) [main thread     ]             loguru.cpp:597   | -----------------------------------
(   0.003s) [main thread     ]            totvsls.cpp:45    | LanguageServerMain: start
(   0.003s) [main thread     ]       queue_manager.cc:226   | LaunchStdinLoop: start
(   0.003s) [main thread     ]       queue_manager.cc:283   | LaunchStdoutThread: start
(   0.004s) [main thread     ]       queue_manager.cc:164   | LaunchMainLoopThread: start
(   0.008s) [languageServer  ]       queue_manager.cc:187   | Handler found for message method 'initialize'
(   0.008s) [languageServer  ]      message_handler.h:70    | > [initialize] (start) 
(   0.009s) [languageServer  ]               config.h:276   | ChangeSetting: with scope: [advpls], key: [fsencoding], value: [cp1252]
(   0.009s) [languageServer  ]               config.h:276   | ChangeSetting: with scope: [advpls], key: [notificationlevel], value: [none]
(   0.009s) [languageServer  ]               config.h:276   | ChangeSetting: with scope: [server], key: [usageInfo], value: [disabled]
(   0.009s) [languageServer  ]               config.h:276   | ChangeSetting: with scope: [linter], key: [behavior], value: [enableOnlyOpenFiles]
(   0.009s) [languageServer  ]               config.h:276   | ChangeSetting: with scope: [linter], key: [includes], value: [D:\TOTVS 12\Microsiga\Protheus\include]
(   0.009s) [languageServer  ]               config.h:276   | ChangeSetting: with scope: [editor], key: [hoverMode], value: [markDown]
(   0.009s) [languageServer  ]               config.h:276   | ChangeSetting: with scope: [editor], key: [indexCache], value: [off]
(   0.009s) [languageServer  ]               config.h:276   | ChangeSetting: with scope: [editor], key: [codeLens], value: [true]
(   0.009s) [languageServer  ]               config.h:276   | ChangeSetting: with scope: [editor], key: [signatureHelp], value: [true]
(   0.009s) [languageServer  ]               config.h:276   | ChangeSetting: with scope: [editor], key: [autocomplete], value: [LS]
(   0.009s) [languageServer  ]msg_lsp_initialize_requ:1494  | Client: Visual Studio Code version 1.86.0 - TDS Extension version 2.0.9
(   0.009s) [languageServer  ]               config.h:276   | ChangeSetting: with scope: [extension], key: [tdsversion], value: [2.0.9]
(   0.009s) [languageServer  ]msg_lsp_initialize_requ:1813  | Loading workspace folders.
(   0.009s) [languageServer  ]               utils.cc:553   | Conversion::setCode to 'cp1252 [old value: ]'
(   0.015s) [languageServer  ]      message_handler.h:75    | < [initialize] (finish)  (0 ms)
(   0.015s) [languageServer  ]       queue_manager.cc:195   | Run finishied message method 'initialize'
(   0.018s) [languageServer  ]       queue_manager.cc:187   | Handler found for message method 'initialized'
(   0.018s) [languageServer  ]     dbcode_manager.cpp:40    | > [DBCodeManager::initializeCache] (start) Load cache from disk. Folder: ALL
(   0.019s) [languageServer  ]     dbcode_manager.cpp:600   | > [LoadBinaryDefinitions] (start) Load Binary Definitions.
(   0.045s) [languageServer  ]     dbcode_manager.cpp:610   | < [LoadBinaryDefinitions] (finish) Load Binary Definitions. (2 ms)
(   0.046s) [languageServer  ]     dbcode_manager.cpp:74    | < [DBCodeManager::initializeCache] (finish) Load cache from disk. Folder: ALL (2 ms)
(   0.046s) [languageServer  ]       queue_manager.cc:195   | Run finishied message method 'initialized'
(   0.046s) [languageServer  ]       queue_manager.cc:187   | Handler found for message method 'textDocument/didOpen'
(   0.046s) [languageServer  ]      message_handler.h:70    | > [textDocument/didOpen] (start) 
(   0.046s) [languageServer  ]     workspace_file.cpp:302   | > [WorkspaceFile] (start) 02_compras/mxdtval.prw (Open/Not Temp)
(   0.069s) [                ]workspace_file_task.cpp:72    | > [FileTask] (start) Indexing folder: ProjetoVSCode (Not Open/Not Temp)
(   0.069s) [                ]     workspace_file.cpp:302   | > [WorkspaceFile] (start) .vscode/.advpl/_binary_class.prw (Not Open/Temp)
(   0.283s) [languageServer  ]     workspace_file.cpp:428   | < [WorkspaceFile] (finish) d:/totvs 12/microsiga/protheus/projetovscode/02_compras/mxdtval.prw (23 ms)
(   0.283s) [languageServer  ]      message_handler.h:75    | < [textDocument/didOpen] (finish)  (23 ms)
(   0.283s) [languageServer  ]       queue_manager.cc:195   | Run finishied message method 'textDocument/didOpen'
(   0.283s) [languageServer  ]       queue_manager.cc:187   | Handler found for message method '$totvsserver/reconnect'
(   0.284s) [languageServer  ]      message_handler.h:70    | > [$totvsserver/reconnect] (start) 
(   0.284s) [languageServer  ]msg_totvsserver_reconne:55    | Reconnecting server with connectionToken: djM6NjFxOWMxbzU3ZGFsNG1uYTZramNldjRqdHE3ZGdwOjE6MTkyLjE2OC4xLjEwMzoxMjM2OjA6Ny4wMC4yMTAzMjRQOjM=:djE6Q09NUElMQV9JOkFkbWluOjU0N3lQaVAvdDdzR3F6NW5OU3JxSEZncUVpZUpxTXFSQ29HQ1BuR1NLRWM9|djI6MTcyNjQ4NDYxNDowOjE6MQ==.Zz630GQdztUg5an3QbYlI/uCIqy6iLGy/4USdLMlCXyBGiuk7tAJy2JW/m97qYsKbtH1xJouN+SSY4V7RTxeDCgsm3aU3IV9YUegP54LQehGXiP8x9sWcORVrvAGgowBlv7A/GZLs5kNVTbKe9tjh5YZs/nTziLU7IWW0Uhu97iWVFa+NuCDWC8hZAPBqt5+QrFqGXSi+geIJ8UJPJ+SRtgMBFUOhuBb7e61aV3gXY/Jjif21Yt1dF0DZKgGQjhO/KT9zpvDNClJ6v+/o/SlLxyhNGtuypLQRJ/rR6jujJAOTVeea2u9FYRfHM+0s4f3fciyULG8LsUWPKxJhigBMQ==
(   0.284s) [languageServer  ]  connection_manager.cc:516   | Starting reconnection to the server 'DEV_COMPILA'
(   0.284s) [languageServer  ]  connection_manager.cc:517   | djM6NjFxOWMxbzU3ZGFsNG1uYTZramNldjRqdHE3ZGdwOjE6MTkyLjE2OC4xLjEwMzoxMjM2OjA6Ny4wMC4yMTAzMjRQOjM=:djE6Q09NUElMQV9JOkFkbWluOjU0N3lQaVAvdDdzR3F6NW5OU3JxSEZncUVpZUpxTXFSQ29HQ1BuR1NLRWM9|djI6MTcyNjQ4NDYxNDowOjE6MQ==.Zz630GQdztUg5an3QbYlI/uCIqy6iLGy/4USdLMlCXyBGiuk7tAJy2JW/m97qYsKbtH1xJouN+SSY4V7RTxeDCgsm3aU3IV9YUegP54LQehGXiP8x9sWcORVrvAGgowBlv7A/GZLs5kNVTbKe9tjh5YZs/nTziLU7IWW0Uhu97iWVFa+NuCDWC8hZAPBqt5+QrFqGXSi+geIJ8UJPJ+SRtgMBFUOhuBb7e61aV3gXY/Jjif21Yt1dF0DZKgGQjhO/KT9zpvDNClJ6v+/o/SlLxyhNGtuypLQRJ/rR6jujJAOTVeea2u9FYRfHM+0s4f3fciyULG8LsUWPKxJhigBMQ==
(   0.285s) [languageServer  ]    security_manager.cc:872   | lsRsaInit
(   0.288s) [languageServer  ]    security_manager.cc:1408  | lsAsymmDecrypt
(   0.288s) [languageServer  ]    security_manager.cc:1409  | plaintext 3E205B24746F7476737365727665722F7265636F6E6E6563745D202873746172742920
(   0.288s) [languageServer  ]    security_manager.cc:1410  | ciphertext 660089F3AA887DBA19A87505A44F1C19F2E8B608EB03B6EC6E350E85EEC4B3F0AE9A39768DA88FDD126043DF378D3E174ACCA62706684B193C97DCAE9C4EC088875B79F5E11020B25DCEE7290D857C64325176C17BA75B401D03C1FAFC09BD0D09D36CA9D392554FE1E342FD30BFB2A64EE8EC6D6B07560BAE46B83C8B46DC7A661634E3B04702FEE35276847C112C53C31F1FA72BC31140C8C3CDBEA31170A1D5B3AFC0EA2B9F90B137ACD63E295C613AD01C6E5690B208EBB4B900B73489FA567149FA271B54C63DD86B007B38E96EAB8E810255D9B7359F9DF2AE9F3FC8D21CAD92935C67DC76035BC9E276EFF5E2FE5CD675C30F406712105164E64A4028
(   0.288s) [languageServer  ]    security_manager.cc:1411  | ciphertext_len 256
(   0.298s) [languageServer  ]    security_manager.cc:1088  | userRsaInit
(   0.299s) [languageServer  ]    security_manager.cc:1107  | Loading user prv key.
(   0.300s) [languageServer  ]    security_manager.cc:1138  | Loading user pub key.
(   0.300s) [languageServer  ]    security_manager.cc:1237  | Loading user symm key.
(   0.308s) [languageServer  ]    security_manager.cc:326   | authentic TRUE
(   0.308s) [languageServer  ]    security_manager.cc:509   | done 547yPiP/t7sGqz5nNSrqHFgqEieJqMqRCoGCPnGSKEc=
(   0.308s) [languageServer  ]    security_manager.cc:519   | done password symmDecrypt (12)
(   0.308s) [languageServer  ]  connection_manager.cc:4793  | ConnectionManager::newConnection: 192.168.1.103:1236 (20210324103317) [1] {3}
(   0.308s) [languageServer  ]  connection_manager.cc:4797  | connected status: 0
(   0.409s) [languageServer  ]  connection_manager.cc:4800  | connected status: 2
(   0.412s) [languageServer  ]  connection_manager.cc:4809  | MS_GETSERVERVERSION OK
(   0.412s) [languageServer  ]  connection_manager.cc:4826  | Build Version: 20.3.2.12
(   0.412s) [languageServer  ]  connection_manager.cc:4833  | MS_DBGGETBUILD OK
(   0.412s) [languageServer  ]  connection_manager.cc:4844  | build: 7.00.210324P
(   0.412s) [languageServer  ]  connection_manager.cc:4853  | creating secureContext
(   0.412s) [languageServer  ]  connection_manager.cc:4855  | secureContext initialize
(   0.598s) [languageServer  ]  connection_manager.cc:4858  | asymmetric generateKeys
(   0.599s) [languageServer  ]  connection_manager.cc:4860  | secureContext initialized
(   1.007s) [                ]     workspace_file.cpp:428   | < [WorkspaceFile] (finish) d:/totvs 12/microsiga/protheus/projetovscode/.vscode/.advpl/_binary_class.prw (93 ms)
(   1.007s) [                ]     workspace_file.cpp:302   | > [WorkspaceFile] (start) .vscode/.advpl/_binary_functions.prw (Not Open/Temp)
(   1.614s) [                ]     workspace_file.cpp:428   | < [WorkspaceFile] (finish) d:/totvs 12/microsiga/protheus/projetovscode/.vscode/.advpl/_binary_functions.prw (60 ms)
(   1.614s) [                ]     workspace_file.cpp:302   | > [WorkspaceFile] (start) 00_REMOVER/GR_MA2802FI.prw (Not Open/Not Temp)
(   1.614s) [                ]     workspace_file.cpp:428   | < [WorkspaceFile] (finish) d:/totvs 12/microsiga/protheus/projetovscode/00_REMOVER/GR_MA2802FI.prw (0 ms)
(   1.614s) [                ]     workspace_file.cpp:302   | > [WorkspaceFile] (start) 00_REMOVER/GR_MA330C3.prw (Not Open/Not Temp)
(   1.614s) [                ]     workspace_file.cpp:428   | < [WorkspaceFile] (finish) d:/totvs 12/microsiga/protheus/projetovscode/00_REMOVER/GR_MA330C3.prw (0 ms)
(   1.614s) [                ]     workspace_file.cpp:302   | > [WorkspaceFile] (start) 00_REMOVER/GR_MA330D1.prw (Not Open/Not Temp)
(   1.614s) [                ]     workspace_file.cpp:428   | < [WorkspaceFile] (finish) d:/totvs 12/microsiga/protheus/projetovscode/00_REMOVER/GR_MA330D1.prw (0 ms)
(   1.614s) [                ]     workspace_file.cpp:302   | > [WorkspaceFile] (start) 00_REMOVER/GR_MA330D2.prw (Not Open/Not Temp)
(   1.614s) [                ]     workspace_file.cpp:428   | < [WorkspaceFile] (finish) d:/totvs 12/microsiga/protheus/projetovscode/00_REMOVER/GR_MA330D2.prw (0 ms)
(   1.614s) [                ]     workspace_file.cpp:302   | > [WorkspaceFile] (start) 00_REMOVER/GR_MA330D3.prw (Not Open/Not Temp)
(   1.614s) [                ]     workspace_file.cpp:428   | < [WorkspaceFile] (finish) d:/totvs 12/microsiga/protheus/projetovscode/00_REMOVER/GR_MA330D3.prw (0 ms)
(   1.614s) [                ]     workspace_file.cpp:302   | > [WorkspaceFile] (start) 00_REMOVER/GR_MA330TRB.prw (Not Open/Not Temp)
(   1.614s) [                ]     workspace_file.cpp:428   | < [WorkspaceFile] (finish) d:/totvs 12/microsiga/protheus/projetovscode/00_REMOVER/GR_MA330TRB.prw (0 ms)
(   1.614s) [                ]     workspace_file.cpp:302   | > [WorkspaceFile] (start) 00_REMOVER/PARATESTE.PRW (Not Open/Not Temp)
(   1.614s) [                ]     workspace_file.cpp:428   | < [WorkspaceFile] (finish) d:/totvs 12/microsiga/protheus/projetovscode/00_REMOVER/PARATESTE.PRW (0 ms)
(   1.614s) [                ]     workspace_file.cpp:302   | > [WorkspaceFile] (start) 00_REMOVER/TOTVSES.PRW (Not Open/Not Temp)
(   1.614s) [                ]     workspace_file.cpp:428   | < [WorkspaceFile] (finish) d:/totvs 12/microsiga/protheus/projetovscode/00_REMOVER/TOTVSES.PRW (0 ms)
(   1.614s) [                ]     workspace_file.cpp:302   | > [WorkspaceFile] (start) 01_SOMENTE_ITINGA/M460FIM.PRW (Not Open/Not Temp)
(   1.614s) [                ]     workspace_file.cpp:428   | < [WorkspaceFile] (finish) d:/totvs 12/microsiga/protheus/projetovscode/01_SOMENTE_ITINGA/M460FIM.PRW (0 ms)
(   1.615s) [                ]     workspace_file.cpp:302   | > [WorkspaceFile] (start) 01_SOMENTE_ITINGA/MT100TOK.PRW (Not Open/Not Temp)
(   1.615s) [                ]     workspace_file.cpp:428   | < [WorkspaceFile] (finish) d:/totvs 12/microsiga/protheus/projetovscode/01_SOMENTE_ITINGA/MT100TOK.PRW (0 ms)
(   1.615s) [                ]     workspace_file.cpp:302   | > [WorkspaceFile] (start) 01_SOMENTE_ITINGA/MT103FIM.PRW (Not Open/Not Temp)
(   1.615s) [                ]     workspace_file.cpp:428   | < [WorkspaceFile] (finish) d:/totvs 12/microsiga/protheus/projetovscode/01_SOMENTE_ITINGA/MT103FIM.PRW (0 ms)
(   1.615s) [                ]     workspace_file.cpp:302   | > [WorkspaceFile] (start) 01_SOMENTE_ITINGA/MT140LOK.prw (Not Open/Not Temp)
(   1.615s) [                ]     workspace_file.cpp:428   | < [WorkspaceFile] (finish) d:/totvs 12/microsiga/protheus/projetovscode/01_SOMENTE_ITINGA/MT140LOK.prw (0 ms)
(   1.615s) [                ]     workspace_file.cpp:302   | > [WorkspaceFile] (start) 01_SOMENTE_ITINGA/MT241SD3.prw (Not Open/Not Temp)
(   1.615s) [                ]     workspace_file.cpp:428   | < [WorkspaceFile] (finish) d:/totvs 12/microsiga/protheus/projetovscode/01_SOMENTE_ITINGA/MT241SD3.prw (0 ms)
(   1.615s) [                ]     workspace_file.cpp:302   | > [WorkspaceFile] (start) 01_SOMENTE_ITINGA/MTA103MNU.PRW (Not Open/Not Temp)
(   1.615s) [                ]     workspace_file.cpp:428   | < [WorkspaceFile] (finish) d:/totvs 12/microsiga/protheus/projetovscode/01_SOMENTE_ITINGA/MTA103MNU.PRW (0 ms)
(   1.615s) [                ]     workspace_file.cpp:302   | > [WorkspaceFile] (start) 02_COMPRAS/A093ACOD.PRW (Not Open/Not Temp)
(   1.615s) [                ]     workspace_file.cpp:428   | < [WorkspaceFile] (finish) d:/totvs 12/microsiga/protheus/projetovscode/02_COMPRAS/A093ACOD.PRW (0 ms)
(   1.615s) [                ]     workspace_file.cpp:302   | > [WorkspaceFile] (start) 02_COMPRAS/A100DEL.prw (Not Open/Not Temp)
(   1.615s) [                ]     workspace_file.cpp:428   | < [WorkspaceFile] (finish) d:/totvs 12/microsiga/protheus/projetovscode/02_COMPRAS/A100DEL.prw (0 ms)
(   1.615s) [                ]     workspace_file.cpp:302   | > [WorkspaceFile] (start) 02_COMPRAS/dtcusto.prw (Not Open/Not Temp)
(   1.615s) [                ]     workspace_file.cpp:428   | < [WorkspaceFile] (finish) d:/totvs 12/microsiga/protheus/projetovscode/02_COMPRAS/dtcusto.prw (0 ms)
(   1.615s) [                ]     workspace_file.cpp:302   | > [WorkspaceFile] (start) 02_COMPRAS/IMPNFE.prw (Not Open/Not Temp)
(   1.615s) [                ]     workspace_file.cpp:428   | < [WorkspaceFile] (finish) d:/totvs 12/microsiga/protheus/projetovscode/02_COMPRAS/IMPNFE.prw (0 ms)
(   1.615s) [                ]     workspace_file.cpp:302   | > [WorkspaceFile] (start) 02_COMPRAS/IMPPC.PRW (Not Open/Not Temp)
(   1.615s) [                ]     workspace_file.cpp:428   | < [WorkspaceFile] (finish) d:/totvs 12/microsiga/protheus/projetovscode/02_COMPRAS/IMPPC.PRW (0 ms)
(   1.615s) [                ]     workspace_file.cpp:302   | > [WorkspaceFile] (start) 02_COMPRAS/ImpSDQ.prw (Not Open/Not Temp)
(   1.615s) [                ]     workspace_file.cpp:428   | < [WorkspaceFile] (finish) d:/totvs 12/microsiga/protheus/projetovscode/02_COMPRAS/ImpSDQ.prw (0 ms)
(   1.615s) [                ]     workspace_file.cpp:302   | > [WorkspaceFile] (start) 02_COMPRAS/ITMmatr110.prx (Not Open/Not Temp)
(   1.615s) [                ]     workspace_file.cpp:428   | < [WorkspaceFile] (finish) d:/totvs 12/microsiga/protheus/projetovscode/02_COMPRAS/ITMmatr110.prx (0 ms)
(   1.615s) [                ]     workspace_file.cpp:302   | > [WorkspaceFile] (start) 02_COMPRAS/MA103OPC.prw (Not Open/Not Temp)
(   1.615s) [                ]     workspace_file.cpp:428   | < [WorkspaceFile] (finish) d:/totvs 12/microsiga/protheus/projetovscode/02_COMPRAS/MA103OPC.prw (0 ms)
(   1.615s) [                ]     workspace_file.cpp:302   | > [WorkspaceFile] (start) 02_COMPRAS/MATA110.prw (Not Open/Not Temp)
(   1.615s) [                ]     workspace_file.cpp:428   | < [WorkspaceFile] (finish) d:/totvs 12/microsiga/protheus/projetovscode/02_COMPRAS/MATA110.prw (0 ms)
(   1.615s) [                ]     workspace_file.cpp:302   | > [WorkspaceFile] (start) 02_COMPRAS/MSGDECRETO.PRW (Not Open/Not Temp)
(   1.615s) [                ]     workspace_file.cpp:428   | < [WorkspaceFile] (finish) d:/totvs 12/microsiga/protheus/projetovscode/02_COMPRAS/MSGDECRETO.PRW (0 ms)
(   1.615s) [                ]     workspace_file.cpp:302   | > [WorkspaceFile] (start) 02_COMPRAS/MT094CPC .prw (Not Open/Not Temp)
(   1.615s) [                ]     workspace_file.cpp:428   | < [WorkspaceFile] (finish) d:/totvs 12/microsiga/protheus/projetovscode/02_COMPRAS/MT094CPC .prw (0 ms)
(   1.615s) [                ]     workspace_file.cpp:302   | > [WorkspaceFile] (start) 02_COMPRAS/MT100LOK.prw (Not Open/Not Temp)
(   1.615s) [                ]     workspace_file.cpp:428   | < [WorkspaceFile] (finish) d:/totvs 12/microsiga/protheus/projetovscode/02_COMPRAS/MT100LOK.prw (0 ms)
(   1.615s) [                ]     workspace_file.cpp:302   | > [WorkspaceFile] (start) 02_COMPRAS/MT100TOK.prw (Not Open/Not Temp)
(   1.615s) [                ]     workspace_file.cpp:428   | < [WorkspaceFile] (finish) d:/totvs 12/microsiga/protheus/projetovscode/02_COMPRAS/MT100TOK.prw (0 ms)
(   1.615s) [                ]     workspace_file.cpp:302   | > [WorkspaceFile] (start) 02_COMPRAS/MT103DCF.PRW (Not Open/Not Temp)
(   1.615s) [                ]     workspace_file.cpp:428   | < [WorkspaceFile] (finish) d:/totvs 12/microsiga/protheus/projetovscode/02_COMPRAS/MT103DCF.PRW (0 ms)
(   1.615s) [                ]     workspace_file.cpp:302   | > [WorkspaceFile] (start) 02_COMPRAS/MT103FIN.prw (Not Open/Not Temp)
(   1.615s) [                ]     workspace_file.cpp:428   | < [WorkspaceFile] (finish) d:/totvs 12/microsiga/protheus/projetovscode/02_COMPRAS/MT103FIN.prw (0 ms)
(   1.615s) [                ]     workspace_file.cpp:302   | > [WorkspaceFile] (start) 02_COMPRAS/MT103NFE.prw (Not Open/Not Temp)
(   1.615s) [                ]     workspace_file.cpp:428   | < [WorkspaceFile] (finish) d:/totvs 12/microsiga/protheus/projetovscode/02_COMPRAS/MT103NFE.prw (0 ms)
(   1.615s) [                ]     workspace_file.cpp:302   | > [WorkspaceFile] (start) 02_COMPRAS/MT103TOK.PRW (Not Open/Not Temp)
(   1.615s) [                ]     workspace_file.cpp:428   | < [WorkspaceFile] (finish) d:/totvs 12/microsiga/protheus/projetovscode/02_COMPRAS/MT103TOK.PRW (0 ms)
(   1.615s) [                ]     workspace_file.cpp:302   | > [WorkspaceFile] (start) 02_COMPRAS/MT103VCC.prw (Not Open/Not Temp)
(   1.615s) [                ]     workspace_file.cpp:428   | < [WorkspaceFile] (finish) d:/totvs 12/microsiga/protheus/projetovscode/02_COMPRAS/MT103VCC.prw (0 ms)
(   1.615s) [                ]     workspace_file.cpp:302   | > [WorkspaceFile] (start) 02_COMPRAS/MT120APV.prw (Not Open/Not Temp)
(   1.615s) [                ]     workspace_file.cpp:428   | < [WorkspaceFile] (finish) d:/totvs 12/microsiga/protheus/projetovscode/02_COMPRAS/MT120APV.prw (0 ms)
(   1.615s) [                ]     workspace_file.cpp:302   | > [WorkspaceFile] (start) 02_COMPRAS/MT120FIM.prw (Not Open/Not Temp)
(   1.615s) [                ]     workspace_file.cpp:428   | < [WorkspaceFile] (finish) d:/totvs 12/microsiga/protheus/projetovscode/02_COMPRAS/MT120FIM.prw (0 ms)
(   1.615s) [                ]     workspace_file.cpp:302   | > [WorkspaceFile] (start) 02_COMPRAS/MT150ROT.PRW (Not Open/Not Temp)
(   1.615s) [                ]     workspace_file.cpp:428   | < [WorkspaceFile] (finish) d:/totvs 12/microsiga/protheus/projetovscode/02_COMPRAS/MT150ROT.PRW (0 ms)
(   1.615s) [                ]     workspace_file.cpp:302   | > [WorkspaceFile] (start) 02_COMPRAS/NFORC7.prw (Not Open/Not Temp)
(   1.615s) [                ]     workspace_file.cpp:428   | < [WorkspaceFile] (finish) d:/totvs 12/microsiga/protheus/projetovscode/02_COMPRAS/NFORC7.prw (0 ms)
(   1.615s) [                ]     workspace_file.cpp:302   | > [WorkspaceFile] (start) 02_COMPRAS/NFORE2.prw (Not Open/Not Temp)
(   1.615s) [                ]     workspace_file.cpp:428   | < [WorkspaceFile] (finish) d:/totvs 12/microsiga/protheus/projetovscode/02_COMPRAS/NFORE2.prw (0 ms)
(   1.615s) [                ]     workspace_file.cpp:302   | > [WorkspaceFile] (start) 02_COMPRAS/NFORZ2.prw (Not Open/Not Temp)
(   1.615s) [                ]     workspace_file.cpp:428   | < [WorkspaceFile] (finish) d:/totvs 12/microsiga/protheus/projetovscode/02_COMPRAS/NFORZ2.prw (0 ms)
(   1.615s) [                ]     workspace_file.cpp:302   | > [WorkspaceFile] (start) 02_COMPRAS/NMFORN.prw (Not Open/Not Temp)
(   1.615s) [                ]     workspace_file.cpp:428   | < [WorkspaceFile] (finish) d:/totvs 12/microsiga/protheus/projetovscode/02_COMPRAS/NMFORN.prw (0 ms)
(   1.615s) [                ]     workspace_file.cpp:302   | > [WorkspaceFile] (start) 02_COMPRAS/RelPedC.prw (Not Open/Not Temp)
(   1.615s) [                ]     workspace_file.cpp:428   | < [WorkspaceFile] (finish) d:/totvs 12/microsiga/protheus/projetovscode/02_COMPRAS/RelPedC.prw (0 ms)
(   1.615s) [                ]     workspace_file.cpp:302   | > [WorkspaceFile] (start) 03_CONEXÃONFE/A103CND2.prw (Not Open/Not Temp)
(   1.615s) [                ]     workspace_file.cpp:428   | < [WorkspaceFile] (finish) d:/totvs 12/microsiga/protheus/projetovscode/03_CONEXÃONFE/A103CND2.prw (0 ms)
(   1.615s) [                ]     workspace_file.cpp:302   | > [WorkspaceFile] (start) 03_CONEXÃONFE/A140EXC.PRW (Not Open/Not Temp)
(   1.616s) [                ]     workspace_file.cpp:428   | < [WorkspaceFile] (finish) d:/totvs 12/microsiga/protheus/projetovscode/03_CONEXÃONFE/A140EXC.PRW (0 ms)
(   1.616s) [                ]     workspace_file.cpp:302   | > [WorkspaceFile] (start) 03_CONEXÃONFE/FISMNTNFE.PRW (Not Open/Not Temp)
(   1.616s) [                ]     workspace_file.cpp:428   | < [WorkspaceFile] (finish) d:/totvs 12/microsiga/protheus/projetovscode/03_CONEXÃONFE/FISMNTNFE.PRW (0 ms)
(   1.616s) [                ]     workspace_file.cpp:302   | > [WorkspaceFile] (start) 03_CONEXÃONFE/GMT103FIM.PRW (Not Open/Not Temp)
(   1.616s) [                ]     workspace_file.cpp:428   | < [WorkspaceFile] (finish) d:/totvs 12/microsiga/protheus/projetovscode/03_CONEXÃONFE/GMT103FIM.PRW (0 ms)
(   1.616s) [                ]     workspace_file.cpp:302   | > [WorkspaceFile] (start) 03_CONEXÃONFE/M145ARDEL.prw (Not Open/Not Temp)
(   1.616s) [                ]     workspace_file.cpp:428   | < [WorkspaceFile] (finish) d:/totvs 12/microsiga/protheus/projetovscode/03_CONEXÃONFE/M145ARDEL.prw (0 ms)
(   1.616s) [                ]     workspace_file.cpp:302   | > [WorkspaceFile] (start) 03_CONEXÃONFE/MT103CPS.PRW (Not Open/Not Temp)
(   1.616s) [                ]     workspace_file.cpp:428   | < [WorkspaceFile] (finish) d:/totvs 12/microsiga/protheus/projetovscode/03_CONEXÃONFE/MT103CPS.PRW (0 ms)
(   1.616s) [                ]     workspace_file.cpp:302   | > [WorkspaceFile] (start) 03_CONEXÃONFE/MT103CWH.PRW (Not Open/Not Temp)
(   1.616s) [                ]     workspace_file.cpp:428   | < [WorkspaceFile] (finish) d:/totvs 12/microsiga/protheus/projetovscode/03_CONEXÃONFE/MT103CWH.PRW (0 ms)
(   1.616s) [                ]     workspace_file.cpp:302   | > [WorkspaceFile] (start) 03_CONEXÃONFE/MT103IP2.prw (Not Open/Not Temp)
(   1.616s) [                ]     workspace_file.cpp:428   | < [WorkspaceFile] (finish) d:/totvs 12/microsiga/protheus/projetovscode/03_CONEXÃONFE/MT103IP2.prw (0 ms)
(   1.616s) [                ]     workspace_file.cpp:302   | > [WorkspaceFile] (start) 03_CONEXÃONFE/MT116AGR.prw (Not Open/Not Temp)
(   1.616s) [                ]     workspace_file.cpp:428   | < [WorkspaceFile] (finish) d:/totvs 12/microsiga/protheus/projetovscode/03_CONEXÃONFE/MT116AGR.prw (0 ms)
(   1.616s) [                ]     workspace_file.cpp:302   | > [WorkspaceFile] (start) 03_CONEXÃONFE/MT116GRV.PRW (Not Open/Not Temp)
(   1.616s) [                ]     workspace_file.cpp:428   | < [WorkspaceFile] (finish) d:/totvs 12/microsiga/protheus/projetovscode/03_CONEXÃONFE/MT116GRV.PRW (0 ms)
(   1.616s) [                ]     workspace_file.cpp:302   | > [WorkspaceFile] (start) 03_CONEXÃONFE/MT140CAB.PRW (Not Open/Not Temp)
(   1.616s) [                ]     workspace_file.cpp:428   | < [WorkspaceFile] (finish) d:/totvs 12/microsiga/protheus/projetovscode/03_CONEXÃONFE/MT140CAB.PRW (0 ms)
(   1.616s) [                ]     workspace_file.cpp:302   | > [WorkspaceFile] (start) 03_CONEXÃONFE/MT140LOK.prw (Not Open/Not Temp)
(   1.616s) [                ]     workspace_file.cpp:428   | < [WorkspaceFile] (finish) d:/totvs 12/microsiga/protheus/projetovscode/03_CONEXÃONFE/MT140LOK.prw (0 ms)
(   1.616s) [                ]     workspace_file.cpp:302   | > [WorkspaceFile] (start) 03_CONEXÃONFE/MT140SAI.prw (Not Open/Not Temp)
(   1.616s) [                ]     workspace_file.cpp:428   | < [WorkspaceFile] (finish) d:/totvs 12/microsiga/protheus/projetovscode/03_CONEXÃONFE/MT140SAI.prw (0 ms)
(   1.616s) [                ]     workspace_file.cpp:302   | > [WorkspaceFile] (start) 03_CONEXÃONFE/MT140TOK.prw (Not Open/Not Temp)
(   1.616s) [                ]     workspace_file.cpp:428   | < [WorkspaceFile] (finish) d:/totvs 12/microsiga/protheus/projetovscode/03_CONEXÃONFE/MT140TOK.prw (0 ms)
(   1.616s) [                ]     workspace_file.cpp:302   | > [WorkspaceFile] (start) 03_CONEXÃONFE/MTA103MNU.PRW (Not Open/Not Temp)
(   1.616s) [                ]     workspace_file.cpp:428   | < [WorkspaceFile] (finish) d:/totvs 12/microsiga/protheus/projetovscode/03_CONEXÃONFE/MTA103MNU.PRW (0 ms)
(   1.616s) [                ]     workspace_file.cpp:302   | > [WorkspaceFile] (start) 03_CONEXÃONFE/MTCOLSE2.PRW (Not Open/Not Temp)
(   1.616s) [                ]     workspace_file.cpp:428   | < [WorkspaceFile] (finish) d:/totvs 12/microsiga/protheus/projetovscode/03_CONEXÃONFE/MTCOLSE2.PRW (0 ms)
(   1.616s) [                ]     workspace_file.cpp:302   | > [WorkspaceFile] (start) 04_CONTABIL/LCD530S1.prw (Not Open/Not Temp)
(   1.616s) [                ]     workspace_file.cpp:428   | < [WorkspaceFile] (finish) d:/totvs 12/microsiga/protheus/projetovscode/04_CONTABIL/LCD530S1.prw (0 ms)
(   1.616s) [                ]     workspace_file.cpp:302   | > [WorkspaceFile] (start) 04_CONTABIL/LCD530S7.prw (Not Open/Not Temp)
(   1.616s) [                ]     workspace_file.cpp:428   | < [WorkspaceFile] (finish) d:/totvs 12/microsiga/protheus/projetovscode/04_CONTABIL/LCD530S7.prw (0 ms)
(   1.616s) [                ]     workspace_file.cpp:302   | > [WorkspaceFile] (start) 04_CONTABIL/LCD650S16.prw (Not Open/Not Temp)
(   1.616s) [                ]     workspace_file.cpp:428   | < [WorkspaceFile] (finish) d:/totvs 12/microsiga/protheus/projetovscode/04_CONTABIL/LCD650S16.prw (0 ms)
(   1.616s) [                ]     workspace_file.cpp:302   | > [WorkspaceFile] (start) 04_CONTABIL/LHI530S1.prw (Not Open/Not Temp)
(   1.616s) [                ]     workspace_file.cpp:428   | < [WorkspaceFile] (finish) d:/totvs 12/microsiga/protheus/projetovscode/04_CONTABIL/LHI530S1.prw (0 ms)
(   1.616s) [                ]     workspace_file.cpp:302   | > [WorkspaceFile] (start) 04_CONTABIL/MCARGACT2.PRW (Not Open/Not Temp)
(   1.616s) [                ]     workspace_file.cpp:428   | < [WorkspaceFile] (finish) d:/totvs 12/microsiga/protheus/projetovscode/04_CONTABIL/MCARGACT2.PRW (0 ms)
(   1.616s) [                ]     workspace_file.cpp:302   | > [WorkspaceFile] (start) 04_CONTABIL/MCT1CLI.prw (Not Open/Not Temp)
(   1.616s) [                ]     workspace_file.cpp:428   | < [WorkspaceFile] (finish) d:/totvs 12/microsiga/protheus/projetovscode/04_CONTABIL/MCT1CLI.prw (0 ms)
(   1.616s) [                ]     workspace_file.cpp:302   | > [WorkspaceFile] (start) 04_CONTABIL/MLPNAT.prw (Not Open/Not Temp)
(   1.616s) [                ]     workspace_file.cpp:428   | < [WorkspaceFile] (finish) d:/totvs 12/microsiga/protheus/projetovscode/04_CONTABIL/MLPNAT.prw (0 ms)
(   1.616s) [                ]     workspace_file.cpp:302   | > [WorkspaceFile] (start) 04_CONTABIL/MLPTESNF.prw (Not Open/Not Temp)
(   1.616s) [                ]     workspace_file.cpp:428   | < [WorkspaceFile] (finish) d:/totvs 12/microsiga/protheus/projetovscode/04_CONTABIL/MLPTESNF.prw (0 ms)
(   1.616s) [                ]     workspace_file.cpp:302   | > [WorkspaceFile] (start) 04_CONTABIL/RCTBM001.prw (Not Open/Not Temp)
(   1.616s) [                ]     workspace_file.cpp:428   | < [WorkspaceFile] (finish) d:/totvs 12/microsiga/protheus/projetovscode/04_CONTABIL/RCTBM001.prw (0 ms)
(   1.616s) [                ]     workspace_file.cpp:302   | > [WorkspaceFile] (start) 05_ESTOQUE/A330DECC.prw (Not Open/Not Temp)
(   1.616s) [                ]     workspace_file.cpp:428   | < [WorkspaceFile] (finish) d:/totvs 12/microsiga/protheus/projetovscode/05_ESTOQUE/A330DECC.prw (0 ms)
(   1.616s) [                ]     workspace_file.cpp:302   | > [WorkspaceFile] (start) 05_ESTOQUE/analise.prw (Not Open/Not Temp)
(   1.616s) [                ]     workspace_file.cpp:428   | < [WorkspaceFile] (finish) d:/totvs 12/microsiga/protheus/projetovscode/05_ESTOQUE/analise.prw (0 ms)
(   1.616s) [                ]     workspace_file.cpp:302   | > [WorkspaceFile] (start) 05_ESTOQUE/BUSCALOTE.prw (Not Open/Not Temp)
(   1.616s) [                ]     workspace_file.cpp:428   | < [WorkspaceFile] (finish) d:/totvs 12/microsiga/protheus/projetovscode/05_ESTOQUE/BUSCALOTE.prw (0 ms)
(   1.616s) [                ]     workspace_file.cpp:302   | > [WorkspaceFile] (start) 05_ESTOQUE/BUSCAQTD.prw (Not Open/Not Temp)
(   1.616s) [                ]     workspace_file.cpp:428   | < [WorkspaceFile] (finish) d:/totvs 12/microsiga/protheus/projetovscode/05_ESTOQUE/BUSCAQTD.prw (0 ms)
(   1.616s) [                ]     workspace_file.cpp:302   | > [WorkspaceFile] (start) 05_ESTOQUE/CCUSTO_MVC.prw (Not Open/Not Temp)
(   1.616s) [                ]     workspace_file.cpp:428   | < [WorkspaceFile] (finish) d:/totvs 12/microsiga/protheus/projetovscode/05_ESTOQUE/CCUSTO_MVC.prw (0 ms)
(   1.616s) [                ]     workspace_file.cpp:302   | > [WorkspaceFile] (start) 05_ESTOQUE/cmatr285.prx (Not Open/Not Temp)
(   1.616s) [                ]     workspace_file.cpp:428   | < [WorkspaceFile] (finish) d:/totvs 12/microsiga/protheus/projetovscode/05_ESTOQUE/cmatr285.prx (0 ms)
(   1.616s) [                ]     workspace_file.cpp:302   | > [WorkspaceFile] (start) 05_ESTOQUE/CRIASB2.prw (Not Open/Not Temp)
(   1.616s) [                ]     workspace_file.cpp:428   | < [WorkspaceFile] (finish) d:/totvs 12/microsiga/protheus/projetovscode/05_ESTOQUE/CRIASB2.prw (0 ms)
(   1.616s) [                ]     workspace_file.cpp:302   | > [WorkspaceFile] (start) 05_ESTOQUE/CRIASB9.prw (Not Open/Not Temp)
(   1.616s) [                ]     workspace_file.cpp:428   | < [WorkspaceFile] (finish) d:/totvs 12/microsiga/protheus/projetovscode/05_ESTOQUE/CRIASB9.prw (0 ms)
(   1.616s) [                ]     workspace_file.cpp:302   | > [WorkspaceFile] (start) 05_ESTOQUE/GEREST.PRW (Not Open/Not Temp)
(   1.616s) [                ]     workspace_file.cpp:428   | < [WorkspaceFile] (finish) d:/totvs 12/microsiga/protheus/projetovscode/05_ESTOQUE/GEREST.PRW (0 ms)
(   1.616s) [                ]     workspace_file.cpp:302   | > [WorkspaceFile] (start) 05_ESTOQUE/IMPINVSB9.PRW (Not Open/Not Temp)
(   1.616s) [                ]     workspace_file.cpp:428   | < [WorkspaceFile] (finish) d:/totvs 12/microsiga/protheus/projetovscode/05_ESTOQUE/IMPINVSB9.PRW (0 ms)
(   1.616s) [                ]     workspace_file.cpp:302   | > [WorkspaceFile] (start) 05_ESTOQUE/IPADCC.prw (Not Open/Not Temp)
(   1.616s) [                ]     workspace_file.cpp:428   | < [WorkspaceFile] (finish) d:/totvs 12/microsiga/protheus/projetovscode/05_ESTOQUE/IPADCC.prw (0 ms)
(   1.616s) [                ]     workspace_file.cpp:302   | > [WorkspaceFile] (start) 05_ESTOQUE/ITM_MEST010.prw (Not Open/Not Temp)
(   1.616s) [                ]     workspace_file.cpp:428   | < [WorkspaceFile] (finish) d:/totvs 12/microsiga/protheus/projetovscode/05_ESTOQUE/ITM_MEST010.prw (0 ms)
(   1.616s) [                ]     workspace_file.cpp:302   | > [WorkspaceFile] (start) 05_ESTOQUE/M105BUT.prw (Not Open/Not Temp)
(   1.616s) [                ]     workspace_file.cpp:428   | < [WorkspaceFile] (finish) d:/totvs 12/microsiga/protheus/projetovscode/05_ESTOQUE/M105BUT.prw (0 ms)
(   1.616s) [                ]     workspace_file.cpp:302   | > [WorkspaceFile] (start) 05_ESTOQUE/M185GRV.PRW (Not Open/Not Temp)
(   1.616s) [                ]     workspace_file.cpp:428   | < [WorkspaceFile] (finish) d:/totvs 12/microsiga/protheus/projetovscode/05_ESTOQUE/M185GRV.PRW (0 ms)
(   1.616s) [                ]     workspace_file.cpp:302   | > [WorkspaceFile] (start) 05_ESTOQUE/MATR300.PRW (Not Open/Not Temp)
(   1.616s) [                ]     workspace_file.cpp:428   | < [WorkspaceFile] (finish) d:/totvs 12/microsiga/protheus/projetovscode/05_ESTOQUE/MATR300.PRW (0 ms)
(   1.616s) [                ]     workspace_file.cpp:302   | > [WorkspaceFile] (start) 05_ESTOQUE/Matr910.prw (Not Open/Not Temp)
(   1.616s) [                ]     workspace_file.cpp:428   | < [WorkspaceFile] (finish) d:/totvs 12/microsiga/protheus/projetovscode/05_ESTOQUE/Matr910.prw (0 ms)
(   1.616s) [                ]     workspace_file.cpp:302   | > [WorkspaceFile] (start) 05_ESTOQUE/MESTNOTA.PRW (Not Open/Not Temp)
(   1.616s) [                ]     workspace_file.cpp:428   | < [WorkspaceFile] (finish) d:/totvs 12/microsiga/protheus/projetovscode/05_ESTOQUE/MESTNOTA.PRW (0 ms)
(   1.616s) [                ]     workspace_file.cpp:302   | > [WorkspaceFile] (start) 05_ESTOQUE/MMOVESTEND.PRW (Not Open/Not Temp)
(   1.616s) [                ]     workspace_file.cpp:428   | < [WorkspaceFile] (finish) d:/totvs 12/microsiga/protheus/projetovscode/05_ESTOQUE/MMOVESTEND.PRW (0 ms)
(   1.616s) [                ]     workspace_file.cpp:302   | > [WorkspaceFile] (start) 05_ESTOQUE/MPFEST.prw (Not Open/Not Temp)
(   1.616s) [                ]     workspace_file.cpp:428   | < [WorkspaceFile] (finish) d:/totvs 12/microsiga/protheus/projetovscode/05_ESTOQUE/MPFEST.prw (0 ms)
(   1.617s) [                ]     workspace_file.cpp:302   | > [WorkspaceFile] (start) 05_ESTOQUE/MREAVCM.PRW (Not Open/Not Temp)
(   1.617s) [                ]     workspace_file.cpp:428   | < [WorkspaceFile] (finish) d:/totvs 12/microsiga/protheus/projetovscode/05_ESTOQUE/MREAVCM.PRW (0 ms)
(   1.617s) [                ]     workspace_file.cpp:302   | > [WorkspaceFile] (start) 05_ESTOQUE/MREVEST.prw (Not Open/Not Temp)
(   1.617s) [                ]     workspace_file.cpp:428   | < [WorkspaceFile] (finish) d:/totvs 12/microsiga/protheus/projetovscode/05_ESTOQUE/MREVEST.prw (0 ms)
(   1.617s) [                ]     workspace_file.cpp:302   | > [WorkspaceFile] (start) 05_ESTOQUE/MT110TOK.prw (Not Open/Not Temp)
(   1.617s) [                ]     workspace_file.cpp:428   | < [WorkspaceFile] (finish) d:/totvs 12/microsiga/protheus/projetovscode/05_ESTOQUE/MT110TOK.prw (0 ms)
(   1.617s) [                ]     workspace_file.cpp:302   | > [WorkspaceFile] (start) 05_ESTOQUE/MT241SD3.prw (Not Open/Not Temp)
(   1.617s) [                ]     workspace_file.cpp:428   | < [WorkspaceFile] (finish) d:/totvs 12/microsiga/protheus/projetovscode/05_ESTOQUE/MT241SD3.prw (0 ms)
(   1.617s) [                ]     workspace_file.cpp:302   | > [WorkspaceFile] (start) 05_ESTOQUE/MTA105OK.PRW (Not Open/Not Temp)
(   1.617s) [                ]     workspace_file.cpp:428   | < [WorkspaceFile] (finish) d:/totvs 12/microsiga/protheus/projetovscode/05_ESTOQUE/MTA105OK.PRW (0 ms)
(   1.617s) [                ]     workspace_file.cpp:302   | > [WorkspaceFile] (start) 05_ESTOQUE/MTA261DOC.prw (Not Open/Not Temp)
(   1.617s) [                ]     workspace_file.cpp:428   | < [WorkspaceFile] (finish) d:/totvs 12/microsiga/protheus/projetovscode/05_ESTOQUE/MTA261DOC.prw (0 ms)
(   1.617s) [                ]     workspace_file.cpp:302   | > [WorkspaceFile] (start) 05_ESTOQUE/MTA338MNU.prw (Not Open/Not Temp)
(   1.617s) [                ]     workspace_file.cpp:428   | < [WorkspaceFile] (finish) d:/totvs 12/microsiga/protheus/projetovscode/05_ESTOQUE/MTA338MNU.prw (0 ms)
(   1.617s) [                ]     workspace_file.cpp:302   | > [WorkspaceFile] (start) 05_ESTOQUE/PEGROA045.prw (Not Open/Not Temp)
(   1.617s) [                ]     workspace_file.cpp:428   | < [WorkspaceFile] (finish) d:/totvs 12/microsiga/protheus/projetovscode/05_ESTOQUE/PEGROA045.prw (0 ms)
(   1.617s) [                ]     workspace_file.cpp:302   | > [WorkspaceFile] (start) 05_ESTOQUE/PR106AUTO.prw (Not Open/Not Temp)
(   1.617s) [                ]     workspace_file.cpp:428   | < [WorkspaceFile] (finish) d:/totvs 12/microsiga/protheus/projetovscode/05_ESTOQUE/PR106AUTO.prw (0 ms)
(   1.617s) [                ]     workspace_file.cpp:302   | > [WorkspaceFile] (start) 05_ESTOQUE/Relcusto.prw (Not Open/Not Temp)
(   1.617s) [                ]     workspace_file.cpp:428   | < [WorkspaceFile] (finish) d:/totvs 12/microsiga/protheus/projetovscode/05_ESTOQUE/Relcusto.prw (0 ms)
(   1.617s) [                ]     workspace_file.cpp:302   | > [WorkspaceFile] (start) 05_ESTOQUE/RelMod.prw (Not Open/Not Temp)
(   1.617s) [                ]     workspace_file.cpp:428   | < [WorkspaceFile] (finish) d:/totvs 12/microsiga/protheus/projetovscode/05_ESTOQUE/RelMod.prw (0 ms)
(   1.617s) [                ]     workspace_file.cpp:302   | > [WorkspaceFile] (start) 05_ESTOQUE/SEQLOTE.prw (Not Open/Not Temp)
(   1.617s) [                ]     workspace_file.cpp:428   | < [WorkspaceFile] (finish) d:/totvs 12/microsiga/protheus/projetovscode/05_ESTOQUE/SEQLOTE.prw (0 ms)
(   1.617s) [                ]     workspace_file.cpp:302   | > [WorkspaceFile] (start) 05_ESTOQUE/ZE1CAD.PRW (Not Open/Not Temp)
(   1.617s) [                ]     workspace_file.cpp:428   | < [WorkspaceFile] (finish) d:/totvs 12/microsiga/protheus/projetovscode/05_ESTOQUE/ZE1CAD.PRW (0 ms)
(   1.617s) [                ]     workspace_file.cpp:302   | > [WorkspaceFile] (start) 06_FATURAMENTO/CADPAIS.PRW (Not Open/Not Temp)
(   1.617s) [                ]     workspace_file.cpp:428   | < [WorkspaceFile] (finish) d:/totvs 12/microsiga/protheus/projetovscode/06_FATURAMENTO/CADPAIS.PRW (0 ms)
(   1.617s) [                ]     workspace_file.cpp:302   | > [WorkspaceFile] (start) 06_FATURAMENTO/ChkSc2.prw (Not Open/Not Temp)
(   1.617s) [                ]     workspace_file.cpp:428   | < [WorkspaceFile] (finish) d:/totvs 12/microsiga/protheus/projetovscode/06_FATURAMENTO/ChkSc2.prw (0 ms)
(   1.617s) [                ]     workspace_file.cpp:302   | > [WorkspaceFile] (start) 06_FATURAMENTO/ChkSc6.prw (Not Open/Not Temp)
(   1.617s) [                ]     workspace_file.cpp:428   | < [WorkspaceFile] (finish) d:/totvs 12/microsiga/protheus/projetovscode/06_FATURAMENTO/ChkSc6.prw (0 ms)
(   1.617s) [                ]     workspace_file.cpp:302   | > [WorkspaceFile] (start) 06_FATURAMENTO/CRMA980_pe.prw (Not Open/Not Temp)
(   1.617s) [                ]     workspace_file.cpp:428   | < [WorkspaceFile] (finish) d:/totvs 12/microsiga/protheus/projetovscode/06_FATURAMENTO/CRMA980_pe.prw (0 ms)
(   1.617s) [                ]     workspace_file.cpp:302   | > [WorkspaceFile] (start) 06_FATURAMENTO/DAMDFE.prw (Not Open/Not Temp)
(   1.617s) [                ]     workspace_file.cpp:428   | < [WorkspaceFile] (finish) d:/totvs 12/microsiga/protheus/projetovscode/06_FATURAMENTO/DAMDFE.prw (0 ms)
(   1.617s) [                ]     workspace_file.cpp:302   | > [WorkspaceFile] (start) 06_FATURAMENTO/danfeii.prw (Not Open/Not Temp)
(   1.617s) [                ]     workspace_file.cpp:428   | < [WorkspaceFile] (finish) d:/totvs 12/microsiga/protheus/projetovscode/06_FATURAMENTO/danfeii.prw (0 ms)
(   1.617s) [                ]     workspace_file.cpp:302   | > [WorkspaceFile] (start) 06_FATURAMENTO/DESCPDV.prw (Not Open/Not Temp)
(   1.617s) [                ]     workspace_file.cpp:428   | < [WorkspaceFile] (finish) d:/totvs 12/microsiga/protheus/projetovscode/06_FATURAMENTO/DESCPDV.prw (0 ms)
(   1.617s) [                ]     workspace_file.cpp:302   | > [WorkspaceFile] (start) 06_FATURAMENTO/GM460FIM.PRW (Not Open/Not Temp)
(   1.617s) [                ]     workspace_file.cpp:428   | < [WorkspaceFile] (finish) d:/totvs 12/microsiga/protheus/projetovscode/06_FATURAMENTO/GM460FIM.PRW (0 ms)
(   1.617s) [                ]     workspace_file.cpp:302   | > [WorkspaceFile] (start) 06_FATURAMENTO/LstMULTAB.prw (Not Open/Not Temp)
(   1.617s) [                ]     workspace_file.cpp:428   | < [WorkspaceFile] (finish) d:/totvs 12/microsiga/protheus/projetovscode/06_FATURAMENTO/LstMULTAB.prw (0 ms)
(   1.617s) [                ]     workspace_file.cpp:302   | > [WorkspaceFile] (start) 06_FATURAMENTO/MA030TOK.prw (Not Open/Not Temp)
(   1.617s) [                ]     workspace_file.cpp:428   | < [WorkspaceFile] (finish) d:/totvs 12/microsiga/protheus/projetovscode/06_FATURAMENTO/MA030TOK.prw (0 ms)
(   1.617s) [                ]     workspace_file.cpp:302   | > [WorkspaceFile] (start) 06_FATURAMENTO/MATR730Q.prw (Not Open/Not Temp)
(   1.617s) [                ]     workspace_file.cpp:428   | < [WorkspaceFile] (finish) d:/totvs 12/microsiga/protheus/projetovscode/06_FATURAMENTO/MATR730Q.prw (0 ms)
(   1.617s) [                ]     workspace_file.cpp:302   | > [WorkspaceFile] (start) 06_FATURAMENTO/MCLASSIFI.PRW (Not Open/Not Temp)
(   1.617s) [                ]     workspace_file.cpp:428   | < [WorkspaceFile] (finish) d:/totvs 12/microsiga/protheus/projetovscode/06_FATURAMENTO/MCLASSIFI.PRW (0 ms)
(   1.617s) [                ]     workspace_file.cpp:302   | > [WorkspaceFile] (start) 06_FATURAMENTO/MDFESEFAZ.prw (Not Open/Not Temp)
(   1.617s) [                ]     workspace_file.cpp:428   | < [WorkspaceFile] (finish) d:/totvs 12/microsiga/protheus/projetovscode/06_FATURAMENTO/MDFESEFAZ.prw (0 ms)
(   1.617s) [                ]     workspace_file.cpp:302   | > [WorkspaceFile] (start) 06_FATURAMENTO/MPREVEND.PRW (Not Open/Not Temp)
(   1.617s) [                ]     workspace_file.cpp:428   | < [WorkspaceFile] (finish) d:/totvs 12/microsiga/protheus/projetovscode/06_FATURAMENTO/MPREVEND.PRW (0 ms)
(   1.617s) [                ]     workspace_file.cpp:302   | > [WorkspaceFile] (start) 06_FATURAMENTO/MT440GR.PRW (Not Open/Not Temp)
(   1.617s) [                ]     workspace_file.cpp:428   | < [WorkspaceFile] (finish) d:/totvs 12/microsiga/protheus/projetovscode/06_FATURAMENTO/MT440GR.PRW (0 ms)
(   1.617s) [                ]     workspace_file.cpp:302   | > [WorkspaceFile] (start) 06_FATURAMENTO/MTROCVEN.Prw (Not Open/Not Temp)
(   1.617s) [                ]     workspace_file.cpp:428   | < [WorkspaceFile] (finish) d:/totvs 12/microsiga/protheus/projetovscode/06_FATURAMENTO/MTROCVEN.Prw (0 ms)
(   1.617s) [                ]     workspace_file.cpp:302   | > [WorkspaceFile] (start) 06_FATURAMENTO/MUDAVEND.PRW (Not Open/Not Temp)
(   1.617s) [                ]     workspace_file.cpp:428   | < [WorkspaceFile] (finish) d:/totvs 12/microsiga/protheus/projetovscode/06_FATURAMENTO/MUDAVEND.PRW (0 ms)
(   1.617s) [                ]     workspace_file.cpp:302   | > [WorkspaceFile] (start) 06_FATURAMENTO/nfesefaz.prw (Not Open/Not Temp)
(   1.617s) [                ]     workspace_file.cpp:428   | < [WorkspaceFile] (finish) d:/totvs 12/microsiga/protheus/projetovscode/06_FATURAMENTO/nfesefaz.prw (0 ms)
(   1.617s) [                ]     workspace_file.cpp:302   | > [WorkspaceFile] (start) 06_FATURAMENTO/RelPdv.PRW (Not Open/Not Temp)
(   1.617s) [                ]     workspace_file.cpp:428   | < [WorkspaceFile] (finish) d:/totvs 12/microsiga/protheus/projetovscode/06_FATURAMENTO/RelPdv.PRW (0 ms)
(   1.617s) [                ]     workspace_file.cpp:302   | > [WorkspaceFile] (start) 06_FATURAMENTO/RelPrd.prw (Not Open/Not Temp)
(   1.617s) [                ]     workspace_file.cpp:428   | < [WorkspaceFile] (finish) d:/totvs 12/microsiga/protheus/projetovscode/06_FATURAMENTO/RelPrd.prw (0 ms)
(   1.617s) [                ]     workspace_file.cpp:302   | > [WorkspaceFile] (start) 06_FATURAMENTO/RelVenBE.prw (Not Open/Not Temp)
(   1.617s) [                ]     workspace_file.cpp:428   | < [WorkspaceFile] (finish) d:/totvs 12/microsiga/protheus/projetovscode/06_FATURAMENTO/RelVenBE.prw (0 ms)
(   1.617s) [                ]     workspace_file.cpp:302   | > [WorkspaceFile] (start) 06_FATURAMENTO/RelVend.prw (Not Open/Not Temp)
(   1.617s) [                ]     workspace_file.cpp:428   | < [WorkspaceFile] (finish) d:/totvs 12/microsiga/protheus/projetovscode/06_FATURAMENTO/RelVend.prw (0 ms)
(   1.617s) [                ]     workspace_file.cpp:302   | > [WorkspaceFile] (start) 06_FATURAMENTO/RelVenSCli.prw (Not Open/Not Temp)
(   1.617s) [                ]     workspace_file.cpp:428   | < [WorkspaceFile] (finish) d:/totvs 12/microsiga/protheus/projetovscode/06_FATURAMENTO/RelVenSCli.prw (0 ms)
(   1.617s) [                ]     workspace_file.cpp:302   | > [WorkspaceFile] (start) 06_FATURAMENTO/RETPESOFAT.PRW (Not Open/Not Temp)
(   1.617s) [                ]     workspace_file.cpp:428   | < [WorkspaceFile] (finish) d:/totvs 12/microsiga/protheus/projetovscode/06_FATURAMENTO/RETPESOFAT.PRW (0 ms)
(   1.617s) [                ]     workspace_file.cpp:302   | > [WorkspaceFile] (start) 06_FATURAMENTO/SF2460I.prw (Not Open/Not Temp)
(   1.617s) [                ]     workspace_file.cpp:428   | < [WorkspaceFile] (finish) d:/totvs 12/microsiga/protheus/projetovscode/06_FATURAMENTO/SF2460I.prw (0 ms)
(   1.617s) [                ]     workspace_file.cpp:302   | > [WorkspaceFile] (start) 06_FATURAMENTO_NOVO_COMERCIAL/ListMULTPag.prw (Not Open/Not Temp)
(   1.617s) [                ]     workspace_file.cpp:428   | < [WorkspaceFile] (finish) d:/totvs 12/microsiga/protheus/projetovscode/06_FATURAMENTO_NOVO_COMERCIAL/ListMULTPag.prw (0 ms)
(   1.617s) [                ]     workspace_file.cpp:302   | > [WorkspaceFile] (start) 06_FATURAMENTO_NOVO_COMERCIAL/MA410Leg.prw (Not Open/Not Temp)
(   1.617s) [                ]     workspace_file.cpp:428   | < [WorkspaceFile] (finish) d:/totvs 12/microsiga/protheus/projetovscode/06_FATURAMENTO_NOVO_COMERCIAL/MA410Leg.prw (0 ms)
(   1.617s) [                ]     workspace_file.cpp:302   | > [WorkspaceFile] (start) 06_FATURAMENTO_NOVO_COMERCIAL/MT410TOK.prw (Not Open/Not Temp)
(   1.617s) [                ]     workspace_file.cpp:428   | < [WorkspaceFile] (finish) d:/totvs 12/microsiga/protheus/projetovscode/06_FATURAMENTO_NOVO_COMERCIAL/MT410TOK.prw (0 ms)
(   1.617s) [                ]     workspace_file.cpp:302   | > [WorkspaceFile] (start) 07_FINANCEIRO/AutPag.prw (Not Open/Not Temp)
(   1.617s) [                ]     workspace_file.cpp:428   | < [WorkspaceFile] (finish) d:/totvs 12/microsiga/protheus/projetovscode/07_FINANCEIRO/AutPag.prw (0 ms)
(   1.617s) [                ]     workspace_file.cpp:302   | > [WorkspaceFile] (start) 07_FINANCEIRO/AutPagR.prw (Not Open/Not Temp)
(   1.617s) [                ]     workspace_file.cpp:428   | < [WorkspaceFile] (finish) d:/totvs 12/microsiga/protheus/projetovscode/07_FINANCEIRO/AutPagR.prw (0 ms)
(   1.617s) [                ]     workspace_file.cpp:302   | > [WorkspaceFile] (start) 07_FINANCEIRO/AxCadZGN.PRW (Not Open/Not Temp)
(   1.617s) [                ]     workspace_file.cpp:428   | < [WorkspaceFile] (finish) d:/totvs 12/microsiga/protheus/projetovscode/07_FINANCEIRO/AxCadZGN.PRW (0 ms)
(   1.617s) [                ]     workspace_file.cpp:302   | > [WorkspaceFile] (start) 07_FINANCEIRO/AxCadZGR.prw (Not Open/Not Temp)
(   1.617s) [                ]     workspace_file.cpp:428   | < [WorkspaceFile] (finish) d:/totvs 12/microsiga/protheus/projetovscode/07_FINANCEIRO/AxCadZGR.prw (0 ms)
(   1.617s) [                ]     workspace_file.cpp:302   | > [WorkspaceFile] (start) 07_FINANCEIRO/AXCLILIMIT.PRW (Not Open/Not Temp)
(   1.618s) [                ]     workspace_file.cpp:428   | < [WorkspaceFile] (finish) d:/totvs 12/microsiga/protheus/projetovscode/07_FINANCEIRO/AXCLILIMIT.PRW (0 ms)
(   1.618s) [                ]     workspace_file.cpp:302   | > [WorkspaceFile] (start) 07_FINANCEIRO/AXLIMITGR.PRW (Not Open/Not Temp)
(   1.618s) [                ]     workspace_file.cpp:428   | < [WorkspaceFile] (finish) d:/totvs 12/microsiga/protheus/projetovscode/07_FINANCEIRO/AXLIMITGR.PRW (0 ms)
(   1.618s) [                ]     workspace_file.cpp:302   | > [WorkspaceFile] (start) 07_FINANCEIRO/AXSEGURAR.PRW (Not Open/Not Temp)
(   1.618s) [                ]     workspace_file.cpp:428   | < [WorkspaceFile] (finish) d:/totvs 12/microsiga/protheus/projetovscode/07_FINANCEIRO/AXSEGURAR.PRW (0 ms)
(   1.618s) [                ]     workspace_file.cpp:302   | > [WorkspaceFile] (start) 07_FINANCEIRO/BLQFINA.PRW (Not Open/Not Temp)
(   1.618s) [                ]     workspace_file.cpp:428   | < [WorkspaceFile] (finish) d:/totvs 12/microsiga/protheus/projetovscode/07_FINANCEIRO/BLQFINA.PRW (0 ms)
(   1.618s) [                ]     workspace_file.cpp:302   | > [WorkspaceFile] (start) 07_FINANCEIRO/F040PCO.PRW (Not Open/Not Temp)
(   1.618s) [                ]     workspace_file.cpp:428   | < [WorkspaceFile] (finish) d:/totvs 12/microsiga/protheus/projetovscode/07_FINANCEIRO/F040PCO.PRW (0 ms)
(   1.618s) [                ]     workspace_file.cpp:302   | > [WorkspaceFile] (start) 07_FINANCEIRO/F050BROW.prw (Not Open/Not Temp)
(   1.618s) [                ]     workspace_file.cpp:428   | < [WorkspaceFile] (finish) d:/totvs 12/microsiga/protheus/projetovscode/07_FINANCEIRO/F050BROW.prw (0 ms)
(   1.618s) [                ]     workspace_file.cpp:302   | > [WorkspaceFile] (start) 07_FINANCEIRO/F050MDVC.prw (Not Open/Not Temp)
(   1.618s) [                ]     workspace_file.cpp:428   | < [WorkspaceFile] (finish) d:/totvs 12/microsiga/protheus/projetovscode/07_FINANCEIRO/F050MDVC.prw (0 ms)
(   1.618s) [                ]     workspace_file.cpp:302   | > [WorkspaceFile] (start) 07_FINANCEIRO/F060ACT.PRW (Not Open/Not Temp)
(   1.618s) [                ]     workspace_file.cpp:428   | < [WorkspaceFile] (finish) d:/totvs 12/microsiga/protheus/projetovscode/07_FINANCEIRO/F060ACT.PRW (0 ms)
(   1.618s) [                ]     workspace_file.cpp:302   | > [WorkspaceFile] (start) 07_FINANCEIRO/F070BROW.prw (Not Open/Not Temp)
(   1.618s) [                ]     workspace_file.cpp:428   | < [WorkspaceFile] (finish) d:/totvs 12/microsiga/protheus/projetovscode/07_FINANCEIRO/F070BROW.prw (0 ms)
(   1.618s) [                ]     workspace_file.cpp:302   | > [WorkspaceFile] (start) 07_FINANCEIRO/F070BTOK.prw (Not Open/Not Temp)
(   1.618s) [                ]     workspace_file.cpp:428   | < [WorkspaceFile] (finish) d:/totvs 12/microsiga/protheus/projetovscode/07_FINANCEIRO/F070BTOK.prw (0 ms)
(   1.618s) [                ]     workspace_file.cpp:302   | > [WorkspaceFile] (start) 07_FINANCEIRO/F380CPOS.PRW (Not Open/Not Temp)
(   1.618s) [                ]     workspace_file.cpp:428   | < [WorkspaceFile] (finish) d:/totvs 12/microsiga/protheus/projetovscode/07_FINANCEIRO/F380CPOS.PRW (0 ms)
(   1.618s) [                ]     workspace_file.cpp:302   | > [WorkspaceFile] (start) 07_FINANCEIRO/F380RECO.prw (Not Open/Not Temp)
(   1.618s) [                ]     workspace_file.cpp:428   | < [WorkspaceFile] (finish) d:/totvs 12/microsiga/protheus/projetovscode/07_FINANCEIRO/F380RECO.prw (0 ms)
(   1.618s) [                ]     workspace_file.cpp:302   | > [WorkspaceFile] (start) 07_FINANCEIRO/F580CHAV.PRW (Not Open/Not Temp)
(   1.618s) [                ]     workspace_file.cpp:428   | < [WorkspaceFile] (finish) d:/totvs 12/microsiga/protheus/projetovscode/07_FINANCEIRO/F580CHAV.PRW (0 ms)
(   1.618s) [                ]     workspace_file.cpp:302   | > [WorkspaceFile] (start) 07_FINANCEIRO/FA040DEL.PRW (Not Open/Not Temp)
(   1.618s) [                ]     workspace_file.cpp:428   | < [WorkspaceFile] (finish) d:/totvs 12/microsiga/protheus/projetovscode/07_FINANCEIRO/FA040DEL.PRW (0 ms)
(   1.618s) [                ]     workspace_file.cpp:302   | > [WorkspaceFile] (start) 07_FINANCEIRO/FA040INC.PRW (Not Open/Not Temp)
(   1.618s) [                ]     workspace_file.cpp:428   | < [WorkspaceFile] (finish) d:/totvs 12/microsiga/protheus/projetovscode/07_FINANCEIRO/FA040INC.PRW (0 ms)
(   1.618s) [                ]     workspace_file.cpp:302   | > [WorkspaceFile] (start) 07_FINANCEIRO/FA450BUT.Prw (Not Open/Not Temp)
(   1.618s) [                ]     workspace_file.cpp:428   | < [WorkspaceFile] (finish) d:/totvs 12/microsiga/protheus/projetovscode/07_FINANCEIRO/FA450BUT.Prw (0 ms)
(   1.618s) [                ]     workspace_file.cpp:302   | > [WorkspaceFile] (start) 07_FINANCEIRO/FA60FIL.PRW (Not Open/Not Temp)
(   1.618s) [                ]     workspace_file.cpp:428   | < [WorkspaceFile] (finish) d:/totvs 12/microsiga/protheus/projetovscode/07_FINANCEIRO/FA60FIL.PRW (0 ms)
(   1.618s) [                ]     workspace_file.cpp:302   | > [WorkspaceFile] (start) 07_FINANCEIRO/IMPORT.PRW (Not Open/Not Temp)
(   1.618s) [                ]     workspace_file.cpp:428   | < [WorkspaceFile] (finish) d:/totvs 12/microsiga/protheus/projetovscode/07_FINANCEIRO/IMPORT.PRW (0 ms)
(   1.618s) [                ]     workspace_file.cpp:302   | > [WorkspaceFile] (start) 07_FINANCEIRO/ITMMFIN010.prw (Not Open/Not Temp)
(   1.618s) [                ]     workspace_file.cpp:428   | < [WorkspaceFile] (finish) d:/totvs 12/microsiga/protheus/projetovscode/07_FINANCEIRO/ITMMFIN010.prw (0 ms)
(   1.618s) [                ]     workspace_file.cpp:302   | > [WorkspaceFile] (start) 07_FINANCEIRO/ITMRFIN010.prw (Not Open/Not Temp)
(   1.618s) [                ]     workspace_file.cpp:428   | < [WorkspaceFile] (finish) d:/totvs 12/microsiga/protheus/projetovscode/07_FINANCEIRO/ITMRFIN010.prw (0 ms)
(   1.618s) [                ]     workspace_file.cpp:302   | > [WorkspaceFile] (start) 07_FINANCEIRO/ITM_MFIN020.prw (Not Open/Not Temp)
(   1.618s) [                ]     workspace_file.cpp:428   | < [WorkspaceFile] (finish) d:/totvs 12/microsiga/protheus/projetovscode/07_FINANCEIRO/ITM_MFIN020.prw (0 ms)
(   1.618s) [                ]     workspace_file.cpp:302   | > [WorkspaceFile] (start) 07_FINANCEIRO/LstMoeda.prw (Not Open/Not Temp)
(   1.618s) [                ]     workspace_file.cpp:428   | < [WorkspaceFile] (finish) d:/totvs 12/microsiga/protheus/projetovscode/07_FINANCEIRO/LstMoeda.prw (0 ms)
(   1.618s) [                ]     workspace_file.cpp:302   | > [WorkspaceFile] (start) 07_FINANCEIRO/MANUTSEGUROS.PRW (Not Open/Not Temp)
(   1.618s) [                ]     workspace_file.cpp:428   | < [WorkspaceFile] (finish) d:/totvs 12/microsiga/protheus/projetovscode/07_FINANCEIRO/MANUTSEGUROS.PRW (0 ms)
(   1.618s) [                ]     workspace_file.cpp:302   | > [WorkspaceFile] (start) 07_FINANCEIRO/MVALIDMOED.PRW (Not Open/Not Temp)
(   1.618s) [                ]     workspace_file.cpp:428   | < [WorkspaceFile] (finish) d:/totvs 12/microsiga/protheus/projetovscode/07_FINANCEIRO/MVALIDMOED.PRW (0 ms)
(   1.618s) [                ]     workspace_file.cpp:302   | > [WorkspaceFile] (start) 07_FINANCEIRO/Rel0036.PRW (Not Open/Not Temp)
(   1.618s) [                ]     workspace_file.cpp:428   | < [WorkspaceFile] (finish) d:/totvs 12/microsiga/protheus/projetovscode/07_FINANCEIRO/Rel0036.PRW (0 ms)
(   1.618s) [                ]     workspace_file.cpp:302   | > [WorkspaceFile] (start) 07_FINANCEIRO/SE5FI070.PRW (Not Open/Not Temp)
(   1.618s) [                ]     workspace_file.cpp:428   | < [WorkspaceFile] (finish) d:/totvs 12/microsiga/protheus/projetovscode/07_FINANCEIRO/SE5FI070.PRW (0 ms)
(   1.618s) [                ]     workspace_file.cpp:302   | > [WorkspaceFile] (start) 08_GRPLUS/execmob.prw (Not Open/Not Temp)
(   1.618s) [                ]     workspace_file.cpp:428   | < [WorkspaceFile] (finish) d:/totvs 12/microsiga/protheus/projetovscode/08_GRPLUS/execmob.prw (0 ms)
(   1.618s) [                ]     workspace_file.cpp:302   | > [WorkspaceFile] (start) 08_GRPLUS/GMOVPOSP.prw (Not Open/Not Temp)
(   1.618s) [                ]     workspace_file.cpp:428   | < [WorkspaceFile] (finish) d:/totvs 12/microsiga/protheus/projetovscode/08_GRPLUS/GMOVPOSP.prw (0 ms)
(   1.618s) [                ]     workspace_file.cpp:302   | > [WorkspaceFile] (start) 08_GRPLUS/GR002COL.PRW (Not Open/Not Temp)
(   1.618s) [                ]     workspace_file.cpp:428   | < [WorkspaceFile] (finish) d:/totvs 12/microsiga/protheus/projetovscode/08_GRPLUS/GR002COL.PRW (0 ms)
(   1.618s) [                ]     workspace_file.cpp:302   | > [WorkspaceFile] (start) 08_GRPLUS/GR002SQL.PRW (Not Open/Not Temp)
(   1.618s) [                ]     workspace_file.cpp:428   | < [WorkspaceFile] (finish) d:/totvs 12/microsiga/protheus/projetovscode/08_GRPLUS/GR002SQL.PRW (0 ms)
(   1.618s) [                ]     workspace_file.cpp:302   | > [WorkspaceFile] (start) 08_GRPLUS/GR056MEN.prw (Not Open/Not Temp)
(   1.618s) [                ]     workspace_file.cpp:428   | < [WorkspaceFile] (finish) d:/totvs 12/microsiga/protheus/projetovscode/08_GRPLUS/GR056MEN.prw (0 ms)
(   1.618s) [                ]     workspace_file.cpp:302   | > [WorkspaceFile] (start) 08_GRPLUS/GR056SQL.PRW (Not Open/Not Temp)
(   1.618s) [                ]     workspace_file.cpp:428   | < [WorkspaceFile] (finish) d:/totvs 12/microsiga/protheus/projetovscode/08_GRPLUS/GR056SQL.PRW (0 ms)
(   1.618s) [                ]     workspace_file.cpp:302   | > [WorkspaceFile] (start) 08_GRPLUS/GR058SQL.PRW (Not Open/Not Temp)
(   1.618s) [                ]     workspace_file.cpp:428   | < [WorkspaceFile] (finish) d:/totvs 12/microsiga/protheus/projetovscode/08_GRPLUS/GR058SQL.PRW (0 ms)
(   1.618s) [                ]     workspace_file.cpp:302   | > [WorkspaceFile] (start) 08_GRPLUS/GR37ACPO.PRW (Not Open/Not Temp)
(   1.618s) [                ]     workspace_file.cpp:428   | < [WorkspaceFile] (finish) d:/totvs 12/microsiga/protheus/projetovscode/08_GRPLUS/GR37ACPO.PRW (0 ms)
(   1.618s) [                ]     workspace_file.cpp:302   | > [WorkspaceFile] (start) 08_GRPLUS/GROA0311.PRW (Not Open/Not Temp)
(   1.618s) [                ]     workspace_file.cpp:428   | < [WorkspaceFile] (finish) d:/totvs 12/microsiga/protheus/projetovscode/08_GRPLUS/GROA0311.PRW (0 ms)
(   1.618s) [                ]     workspace_file.cpp:302   | > [WorkspaceFile] (start) 08_GRPLUS/GROA56IN.prw (Not Open/Not Temp)
(   1.618s) [                ]     workspace_file.cpp:428   | < [WorkspaceFile] (finish) d:/totvs 12/microsiga/protheus/projetovscode/08_GRPLUS/GROA56IN.prw (0 ms)
(   1.618s) [                ]     workspace_file.cpp:302   | > [WorkspaceFile] (start) 08_GRPLUS/GROR002.PRW (Not Open/Not Temp)
(   1.618s) [                ]     workspace_file.cpp:428   | < [WorkspaceFile] (finish) d:/totvs 12/microsiga/protheus/projetovscode/08_GRPLUS/GROR002.PRW (0 ms)
(   1.618s) [                ]     workspace_file.cpp:302   | > [WorkspaceFile] (start) 08_GRPLUS/GROR015.PRW (Not Open/Not Temp)
(   1.618s) [                ]     workspace_file.cpp:428   | < [WorkspaceFile] (finish) d:/totvs 12/microsiga/protheus/projetovscode/08_GRPLUS/GROR015.PRW (0 ms)
(   1.618s) [                ]     workspace_file.cpp:302   | > [WorkspaceFile] (start) 08_GRPLUS/MarkCalend.prw (Not Open/Not Temp)
(   1.618s) [                ]     workspace_file.cpp:428   | < [WorkspaceFile] (finish) d:/totvs 12/microsiga/protheus/projetovscode/08_GRPLUS/MarkCalend.prw (0 ms)
(   1.618s) [                ]     workspace_file.cpp:302   | > [WorkspaceFile] (start) 08_GRPLUS/MAUTPESO.PRW (Not Open/Not Temp)
(   1.618s) [                ]     workspace_file.cpp:428   | < [WorkspaceFile] (finish) d:/totvs 12/microsiga/protheus/projetovscode/08_GRPLUS/MAUTPESO.PRW (0 ms)
(   1.618s) [                ]     workspace_file.cpp:302   | > [WorkspaceFile] (start) 08_GRPLUS/MCONLANMED.PRW (Not Open/Not Temp)
(   1.618s) [                ]     workspace_file.cpp:428   | < [WorkspaceFile] (finish) d:/totvs 12/microsiga/protheus/projetovscode/08_GRPLUS/MCONLANMED.PRW (0 ms)
(   1.618s) [                ]     workspace_file.cpp:302   | > [WorkspaceFile] (start) 08_GRPLUS/MCONTROFIO.PRW (Not Open/Not Temp)
(   1.618s) [                ]     workspace_file.cpp:428   | < [WorkspaceFile] (finish) d:/totvs 12/microsiga/protheus/projetovscode/08_GRPLUS/MCONTROFIO.PRW (0 ms)
(   1.618s) [                ]     workspace_file.cpp:302   | > [WorkspaceFile] (start) 08_GRPLUS/MDIAUTIL.PRW (Not Open/Not Temp)
(   1.618s) [                ]     workspace_file.cpp:428   | < [WorkspaceFile] (finish) d:/totvs 12/microsiga/protheus/projetovscode/08_GRPLUS/MDIAUTIL.PRW (0 ms)
(   1.618s) [                ]     workspace_file.cpp:302   | > [WorkspaceFile] (start) 08_GRPLUS/MGROA044.PRW (Not Open/Not Temp)
(   1.618s) [                ]     workspace_file.cpp:428   | < [WorkspaceFile] (finish) d:/totvs 12/microsiga/protheus/projetovscode/08_GRPLUS/MGROA044.PRW (0 ms)
(   1.618s) [                ]     workspace_file.cpp:302   | > [WorkspaceFile] (start) 08_GRPLUS/MPROPCP.PRW (Not Open/Not Temp)
(   1.618s) [                ]     workspace_file.cpp:428   | < [WorkspaceFile] (finish) d:/totvs 12/microsiga/protheus/projetovscode/08_GRPLUS/MPROPCP.PRW (0 ms)
(   1.618s) [                ]     workspace_file.cpp:302   | > [WorkspaceFile] (start) 08_GRPLUS/proformaInvoice.prx (Not Open/Not Temp)
(   1.618s) [                ]     workspace_file.cpp:428   | < [WorkspaceFile] (finish) d:/totvs 12/microsiga/protheus/projetovscode/08_GRPLUS/proformaInvoice.prx (0 ms)
(   1.618s) [                ]     workspace_file.cpp:302   | > [WorkspaceFile] (start) 08_GRPLUS/testegr/AJNUMSEQ.PRW (Not Open/Not Temp)
(   1.618s) [                ]     workspace_file.cpp:428   | < [WorkspaceFile] (finish) d:/totvs 12/microsiga/protheus/projetovscode/08_GRPLUS/testegr/AJNUMSEQ.PRW (0 ms)
(   1.619s) [                ]     workspace_file.cpp:302   | > [WorkspaceFile] (start) 08_GRPLUS/testegr/GROA015.PRW (Not Open/Not Temp)
(   1.619s) [                ]     workspace_file.cpp:428   | < [WorkspaceFile] (finish) d:/totvs 12/microsiga/protheus/projetovscode/08_GRPLUS/testegr/GROA015.PRW (0 ms)
(   1.619s) [                ]     workspace_file.cpp:302   | > [WorkspaceFile] (start) 09_LIVROS_FISCAIS/ATUALCDL.PRW (Not Open/Not Temp)
(   1.619s) [                ]     workspace_file.cpp:428   | < [WorkspaceFile] (finish) d:/totvs 12/microsiga/protheus/projetovscode/09_LIVROS_FISCAIS/ATUALCDL.PRW (0 ms)
(   1.619s) [                ]     workspace_file.cpp:302   | > [WorkspaceFile] (start) 09_LIVROS_FISCAIS/MA900MNU.prw (Not Open/Not Temp)
(   1.619s) [                ]     workspace_file.cpp:428   | < [WorkspaceFile] (finish) d:/totvs 12/microsiga/protheus/projetovscode/09_LIVROS_FISCAIS/MA900MNU.prw (0 ms)
(   1.619s) [                ]     workspace_file.cpp:302   | > [WorkspaceFile] (start) 09_LIVROS_FISCAIS/matr930a.prw (Not Open/Not Temp)
(   1.619s) [                ]     workspace_file.cpp:428   | < [WorkspaceFile] (finish) d:/totvs 12/microsiga/protheus/projetovscode/09_LIVROS_FISCAIS/matr930a.prw (0 ms)
(   1.619s) [                ]     workspace_file.cpp:302   | > [WorkspaceFile] (start) 09_LIVROS_FISCAIS/SPDFIS001.PRW (Not Open/Not Temp)
(   1.619s) [                ]     workspace_file.cpp:428   | < [WorkspaceFile] (finish) d:/totvs 12/microsiga/protheus/projetovscode/09_LIVROS_FISCAIS/SPDFIS001.PRW (0 ms)
(   1.619s) [                ]     workspace_file.cpp:302   | > [WorkspaceFile] (start) 10_LIB/AfterLogin.prw (Not Open/Not Temp)
(   1.619s) [                ]     workspace_file.cpp:428   | < [WorkspaceFile] (finish) d:/totvs 12/microsiga/protheus/projetovscode/10_LIB/AfterLogin.prw (0 ms)
(   1.619s) [                ]     workspace_file.cpp:302   | > [WorkspaceFile] (start) 10_LIB/AjNumSD1.prw (Not Open/Not Temp)
(   1.619s) [                ]     workspace_file.cpp:428   | < [WorkspaceFile] (finish) d:/totvs 12/microsiga/protheus/projetovscode/10_LIB/AjNumSD1.prw (0 ms)
(   1.619s) [                ]     workspace_file.cpp:302   | > [WorkspaceFile] (start) 10_LIB/biinweb.prw (Not Open/Not Temp)
(   1.619s) [                ]     workspace_file.cpp:428   | < [WorkspaceFile] (finish) d:/totvs 12/microsiga/protheus/projetovscode/10_LIB/biinweb.prw (0 ms)
(   1.619s) [                ]     workspace_file.cpp:302   | > [WorkspaceFile] (start) 10_LIB/ContAlert.prw (Not Open/Not Temp)
(   1.619s) [                ]     workspace_file.cpp:428   | < [WorkspaceFile] (finish) d:/totvs 12/microsiga/protheus/projetovscode/10_LIB/ContAlert.prw (0 ms)
(   1.619s) [                ]     workspace_file.cpp:302   | > [WorkspaceFile] (start) 10_LIB/dolar.prw (Not Open/Not Temp)
(   1.619s) [                ]     workspace_file.cpp:428   | < [WorkspaceFile] (finish) d:/totvs 12/microsiga/protheus/projetovscode/10_LIB/dolar.prw (0 ms)
(   1.619s) [                ]     workspace_file.cpp:302   | > [WorkspaceFile] (start) 10_LIB/fGeraMail.Prw (Not Open/Not Temp)
(   1.619s) [                ]     workspace_file.cpp:428   | < [WorkspaceFile] (finish) d:/totvs 12/microsiga/protheus/projetovscode/10_LIB/fGeraMail.Prw (0 ms)
(   1.619s) [                ]     workspace_file.cpp:302   | > [WorkspaceFile] (start) 10_LIB/FONTE_GR/GROA056.PRW (Not Open/Not Temp)
(   1.619s) [                ]     workspace_file.cpp:428   | < [WorkspaceFile] (finish) d:/totvs 12/microsiga/protheus/projetovscode/10_LIB/FONTE_GR/GROA056.PRW (0 ms)
(   1.619s) [                ]     workspace_file.cpp:302   | > [WorkspaceFile] (start) 10_LIB/LIBWHATSAPP.PRW (Not Open/Not Temp)
(   1.619s) [                ]     workspace_file.cpp:428   | < [WorkspaceFile] (finish) d:/totvs 12/microsiga/protheus/projetovscode/10_LIB/LIBWHATSAPP.PRW (0 ms)
(   1.619s) [                ]     workspace_file.cpp:302   | > [WorkspaceFile] (start) 10_LIB/MArqExpoB.prw (Not Open/Not Temp)
(   1.619s) [                ]     workspace_file.cpp:428   | < [WorkspaceFile] (finish) d:/totvs 12/microsiga/protheus/projetovscode/10_LIB/MArqExpoB.prw (0 ms)
(   1.619s) [                ]     workspace_file.cpp:302   | > [WorkspaceFile] (start) 10_LIB/MArqForSrv.prw (Not Open/Not Temp)
(   1.619s) [                ]     workspace_file.cpp:428   | < [WorkspaceFile] (finish) d:/totvs 12/microsiga/protheus/projetovscode/10_LIB/MArqForSrv.prw (0 ms)
(   1.619s) [                ]     workspace_file.cpp:302   | > [WorkspaceFile] (start) 10_LIB/MCONTNUM.PRW (Not Open/Not Temp)
(   1.619s) [                ]     workspace_file.cpp:428   | < [WorkspaceFile] (finish) d:/totvs 12/microsiga/protheus/projetovscode/10_LIB/MCONTNUM.PRW (0 ms)
(   1.619s) [                ]     workspace_file.cpp:302   | > [WorkspaceFile] (start) 10_LIB/MGETTELA.prw (Not Open/Not Temp)
(   1.619s) [                ]     workspace_file.cpp:428   | < [WorkspaceFile] (finish) d:/totvs 12/microsiga/protheus/projetovscode/10_LIB/MGETTELA.prw (0 ms)
(   1.619s) [                ]     workspace_file.cpp:302   | > [WorkspaceFile] (start) 10_LIB/MLIMPAMASK.PRW (Not Open/Not Temp)
(   1.619s) [                ]     workspace_file.cpp:428   | < [WorkspaceFile] (finish) d:/totvs 12/microsiga/protheus/projetovscode/10_LIB/MLIMPAMASK.PRW (0 ms)
(   1.619s) [                ]     workspace_file.cpp:302   | > [WorkspaceFile] (start) 10_LIB/MSupPesq.prw (Not Open/Not Temp)
(   1.619s) [                ]     workspace_file.cpp:428   | < [WorkspaceFile] (finish) d:/totvs 12/microsiga/protheus/projetovscode/10_LIB/MSupPesq.prw (0 ms)
(   1.619s) [                ]     workspace_file.cpp:302   | > [WorkspaceFile] (start) 10_LIB/MWHASTSSEND.PRW (Not Open/Not Temp)
(   1.619s) [                ]     workspace_file.cpp:428   | < [WorkspaceFile] (finish) d:/totvs 12/microsiga/protheus/projetovscode/10_LIB/MWHASTSSEND.PRW (0 ms)
(   1.619s) [                ]     workspace_file.cpp:302   | > [WorkspaceFile] (start) 10_LIB/MXMLNFE.PRW (Not Open/Not Temp)
(   1.619s) [                ]     workspace_file.cpp:428   | < [WorkspaceFile] (finish) d:/totvs 12/microsiga/protheus/projetovscode/10_LIB/MXMLNFE.PRW (0 ms)
(   1.619s) [                ]     workspace_file.cpp:302   | > [WorkspaceFile] (start) 10_LIB/RelInWeb.prw (Not Open/Not Temp)
(   1.619s) [                ]     workspace_file.cpp:428   | < [WorkspaceFile] (finish) d:/totvs 12/microsiga/protheus/projetovscode/10_LIB/RelInWeb.prw (0 ms)
(   1.619s) [                ]     workspace_file.cpp:302   | > [WorkspaceFile] (start) 10_LIB/RelVenSCli.prw (Not Open/Not Temp)
(   1.619s) [                ]     workspace_file.cpp:428   | < [WorkspaceFile] (finish) d:/totvs 12/microsiga/protheus/projetovscode/10_LIB/RelVenSCli.prw (0 ms)
(   1.619s) [                ]     workspace_file.cpp:302   | > [WorkspaceFile] (start) 10_LIB/SWCLASSWP.PRW (Not Open/Not Temp)
(   1.619s) [                ]     workspace_file.cpp:428   | < [WorkspaceFile] (finish) d:/totvs 12/microsiga/protheus/projetovscode/10_LIB/SWCLASSWP.PRW (0 ms)
(   1.619s) [                ]     workspace_file.cpp:302   | > [WorkspaceFile] (start) 10_LIB/SWWINWP.PRW (Not Open/Not Temp)
(   1.619s) [                ]     workspace_file.cpp:428   | < [WorkspaceFile] (finish) d:/totvs 12/microsiga/protheus/projetovscode/10_LIB/SWWINWP.PRW (0 ms)
(   1.619s) [                ]     workspace_file.cpp:302   | > [WorkspaceFile] (start) 10_LIB/Testasx1.prw (Not Open/Not Temp)
(   1.619s) [                ]     workspace_file.cpp:428   | < [WorkspaceFile] (finish) d:/totvs 12/microsiga/protheus/projetovscode/10_LIB/Testasx1.prw (0 ms)
(   1.619s) [                ]     workspace_file.cpp:302   | > [WorkspaceFile] (start) 10_LIB/testepdf.prw (Not Open/Not Temp)
(   1.619s) [                ]     workspace_file.cpp:428   | < [WorkspaceFile] (finish) d:/totvs 12/microsiga/protheus/projetovscode/10_LIB/testepdf.prw (0 ms)
(   1.619s) [                ]     workspace_file.cpp:302   | > [WorkspaceFile] (start) 10_LIB/WFMobGran.prw (Not Open/Not Temp)
(   1.619s) [                ]     workspace_file.cpp:428   | < [WorkspaceFile] (finish) d:/totvs 12/microsiga/protheus/projetovscode/10_LIB/WFMobGran.prw (0 ms)
(   1.619s) [                ]     workspace_file.cpp:302   | > [WorkspaceFile] (start) 10_LIB/WSCadCli.prw (Not Open/Not Temp)
(   1.619s) [                ]     workspace_file.cpp:428   | < [WorkspaceFile] (finish) d:/totvs 12/microsiga/protheus/projetovscode/10_LIB/WSCadCli.prw (0 ms)
(   1.619s) [                ]     workspace_file.cpp:302   | > [WorkspaceFile] (start) 10_LIB/zIsMVC.prw (Not Open/Not Temp)
(   1.619s) [                ]     workspace_file.cpp:428   | < [WorkspaceFile] (finish) d:/totvs 12/microsiga/protheus/projetovscode/10_LIB/zIsMVC.prw (0 ms)
(   1.619s) [                ]     workspace_file.cpp:302   | > [WorkspaceFile] (start) 11_MNT/MNTA4206.prw (Not Open/Not Temp)
(   1.619s) [                ]     workspace_file.cpp:428   | < [WorkspaceFile] (finish) d:/totvs 12/microsiga/protheus/projetovscode/11_MNT/MNTA4206.prw (0 ms)
(   1.619s) [                ]     workspace_file.cpp:302   | > [WorkspaceFile] (start) 11_MNT/MNTA420P.PRW (Not Open/Not Temp)
(   1.619s) [                ]     workspace_file.cpp:428   | < [WorkspaceFile] (finish) d:/totvs 12/microsiga/protheus/projetovscode/11_MNT/MNTA420P.PRW (0 ms)
(   1.619s) [                ]     workspace_file.cpp:302   | > [WorkspaceFile] (start) 11_MNT/MNTA990A.PRW (Not Open/Not Temp)
(   1.619s) [                ]     workspace_file.cpp:428   | < [WorkspaceFile] (finish) d:/totvs 12/microsiga/protheus/projetovscode/11_MNT/MNTA990A.PRW (0 ms)
(   1.619s) [                ]     workspace_file.cpp:302   | > [WorkspaceFile] (start) 11_MNT/MNTNGAPP.PRW (Not Open/Not Temp)
(   1.619s) [                ]     workspace_file.cpp:428   | < [WorkspaceFile] (finish) d:/totvs 12/microsiga/protheus/projetovscode/11_MNT/MNTNGAPP.PRW (0 ms)
(   1.619s) [                ]     workspace_file.cpp:302   | > [WorkspaceFile] (start) 11_MNT/PLANTA.PRW (Not Open/Not Temp)
(   1.619s) [                ]     workspace_file.cpp:428   | < [WorkspaceFile] (finish) d:/totvs 12/microsiga/protheus/projetovscode/11_MNT/PLANTA.PRW (0 ms)
(   1.619s) [                ]     workspace_file.cpp:302   | > [WorkspaceFile] (start) 11_MNT/xMNTR676.prw (Not Open/Not Temp)
(   1.619s) [                ]     workspace_file.cpp:428   | < [WorkspaceFile] (finish) d:/totvs 12/microsiga/protheus/projetovscode/11_MNT/xMNTR676.prw (0 ms)
(   1.619s) [                ]     workspace_file.cpp:302   | > [WorkspaceFile] (start) 12_WEBSERVICE/MOBALTARR.prw (Not Open/Not Temp)
(   1.619s) [                ]     workspace_file.cpp:428   | < [WorkspaceFile] (finish) d:/totvs 12/microsiga/protheus/projetovscode/12_WEBSERVICE/MOBALTARR.prw (0 ms)
(   1.619s) [                ]     workspace_file.cpp:302   | > [WorkspaceFile] (start) 12_WEBSERVICE/MOBPEDIV.PRW (Not Open/Not Temp)
(   1.619s) [                ]     workspace_file.cpp:428   | < [WorkspaceFile] (finish) d:/totvs 12/microsiga/protheus/projetovscode/12_WEBSERVICE/MOBPEDIV.PRW (0 ms)
(   1.619s) [                ]     workspace_file.cpp:302   | > [WorkspaceFile] (start) 12_WEBSERVICE/PrdAdapter.prw (Not Open/Not Temp)
(   1.619s) [                ]     workspace_file.cpp:428   | < [WorkspaceFile] (finish) d:/totvs 12/microsiga/protheus/projetovscode/12_WEBSERVICE/PrdAdapter.prw (0 ms)
(   1.619s) [                ]     workspace_file.cpp:302   | > [WorkspaceFile] (start) 12_WEBSERVICE/Rest06.prw (Not Open/Not Temp)
(   1.619s) [                ]     workspace_file.cpp:428   | < [WorkspaceFile] (finish) d:/totvs 12/microsiga/protheus/projetovscode/12_WEBSERVICE/Rest06.prw (0 ms)
(   1.619s) [                ]     workspace_file.cpp:302   | > [WorkspaceFile] (start) 12_WEBSERVICE/webbaixaest.prw (Not Open/Not Temp)
(   1.619s) [                ]     workspace_file.cpp:428   | < [WorkspaceFile] (finish) d:/totvs 12/microsiga/protheus/projetovscode/12_WEBSERVICE/webbaixaest.prw (0 ms)
(   1.619s) [                ]     workspace_file.cpp:302   | > [WorkspaceFile] (start) 12_WEBSERVICE/WSCadPrd.prw (Not Open/Not Temp)
(   1.619s) [                ]     workspace_file.cpp:428   | < [WorkspaceFile] (finish) d:/totvs 12/microsiga/protheus/projetovscode/12_WEBSERVICE/WSCadPrd.prw (0 ms)
(   1.619s) [                ]     workspace_file.cpp:302   | > [WorkspaceFile] (start) 13_GESTAO_DE_PROJETOS/CTA100MNU.PRW (Not Open/Not Temp)
(   1.619s) [                ]     workspace_file.cpp:428   | < [WorkspaceFile] (finish) d:/totvs 12/microsiga/protheus/projetovscode/13_GESTAO_DE_PROJETOS/CTA100MNU.PRW (0 ms)
(   1.619s) [                ]workspace_file_task.cpp:141   | < [FileTask] (finish) Indexed folder: ProjetoVSCode (222 files) in 01s 550ms (avg. 6 ms) (155 ms)
(   2.517s) [languageServer  ]  connection_manager.cc:5182  | MS_DBGPSWADM_SEC OK
(   2.517s) [languageServer  ]  connection_manager.cc:5034  | checkAuthenticationError userCode: 0
(   2.517s) [languageServer  ]  connection_manager.cc:5186  | User authenticated successfully.
(   2.537s) [languageServer  ]               timer.cc:42    | [perf] ConnectionManager dbgGetServerType exec took 0.590 ms
(   2.537s) [languageServer  ]  connection_manager.cc:5276  | MS_DBGGETSERVERTYPE OK => TOTVSTEC
(   2.537s) [languageServer  ]    security_manager.cc:530   | encodedExtraInfo: djI6MTcyNjU5NjM0NjowOjE6MQ==
(   2.545s) [languageServer  ]    security_manager.cc:278   | signature VHcWuOFFo7+exzNXrK+Ai1GZY7vdqTTLmBaAcgO/Y9yQV22qhne/GMB5zPeYuBdcx4XU8MylhQ7i8+jub10+pET8/koxV09+8pPEi/Vasa74GMYA+tVV7ub/x7Iztk92rbxAR4vhp9MsnTKpm6l3CHv16ZK/qZ2OlSDmGQTmAIWzSSjkEjQwxXXegSLwzX10RlZDdamrVFO2lqGHtx8oDiOFj3eBTJp7AOVxg0Y6Dv1UIxAlBHD7C4QlydK4yfalhWeIAFLKOihRkCFfbzal4C8Pkq1dEsz1F6dHb7gp1qzyImFCs7R7ocVmIKnzE+M60aLEsvdrICJRjVLQ9ekf9g==
(   2.545s) [languageServer  ]  connection_manager.cc:588   | Reconnection to the server 'DEV_COMPILA' finished.
(   2.545s) [languageServer  ]  connection_manager.cc:589   | djM6NjFxOWMxbzU3ZGFsNG1uYTZramNldjRqdHE3ZGdwOjE6MTkyLjE2OC4xLjEwMzoxMjM2OjA6Ny4wMC4yMTAzMjRQOjM=:djE6Q09NUElMQV9JOkFkbWluOjU0N3lQaVAvdDdzR3F6NW5OU3JxSEZncUVpZUpxTXFSQ29HQ1BuR1NLRWM9|djI6MTcyNjU5NjM0NjowOjE6MQ==.VHcWuOFFo7+exzNXrK+Ai1GZY7vdqTTLmBaAcgO/Y9yQV22qhne/GMB5zPeYuBdcx4XU8MylhQ7i8+jub10+pET8/koxV09+8pPEi/Vasa74GMYA+tVV7ub/x7Iztk92rbxAR4vhp9MsnTKpm6l3CHv16ZK/qZ2OlSDmGQTmAIWzSSjkEjQwxXXegSLwzX10RlZDdamrVFO2lqGHtx8oDiOFj3eBTJp7AOVxg0Y6Dv1UIxAlBHD7C4QlydK4yfalhWeIAFLKOihRkCFfbzal4C8Pkq1dEsz1F6dHb7gp1qzyImFCs7R7ocVmIKnzE+M60aLEsvdrICJRjVLQ9ekf9g==
(   2.545s) [languageServer  ]               timer.cc:42    | [perf] ConnectionManager Reconnect server for connectionToken: djM6NjFxOWMxbzU3ZGFsNG1uYTZramNldjRqdHE3ZGdwOjE6MTkyLjE2OC4xLjEwMzoxMjM2OjA6Ny4wMC4yMTAzMjRQOjM=:djE6Q09NUElMQV9JOkFkbWluOjU0N3lQaVAvdDdzR3F6NW5OU3JxSEZncUVpZUpxTXFSQ29HQ1BuR1NLRWM9|djI6MTcyNjU5NjM0NjowOjE6MQ==.VHcWuOFFo7+exzNXrK+Ai1GZY7vdqTTLmBaAcgO/Y9yQV22qhne/GMB5zPeYuBdcx4XU8MylhQ7i8+jub10+pET8/koxV09+8pPEi/Vasa74GMYA+tVV7ub/x7Iztk92rbxAR4vhp9MsnTKpm6l3CHv16ZK/qZ2OlSDmGQTmAIWzSSjkEjQwxXXegSLwzX10RlZDdamrVFO2lqGHtx8oDiOFj3eBTJp7AOVxg0Y6Dv1UIxAlBHD7C4QlydK4yfalhWeIAFLKOihRkCFfbzal4C8Pkq1dEsz1F6dHb7gp1qzyImFCs7R7ocVmIKnzE+M60aLEsvdrICJRjVLQ9ekf9g== took 2261.2259293 ms
(   2.545s) [languageServer  ]      message_handler.h:75    | < [$totvsserver/reconnect] (finish)  (226 ms)
(   2.545s) [languageServer  ]       queue_manager.cc:195   | Run finishied message method '$totvsserver/reconnect'
(   2.545s) [languageServer  ]       queue_manager.cc:187   | Handler found for message method 'textDocument/documentLink'
(   2.545s) [languageServer  ]      message_handler.h:70    | > [textDocument/documentLink] (start) 
(   2.545s) [languageServer  ]      message_handler.h:75    | < [textDocument/documentLink] (finish)  (0 ms)
(   2.545s) [languageServer  ]       queue_manager.cc:195   | Run finishied message method 'textDocument/documentLink'
(   2.545s) [languageServer  ]       queue_manager.cc:187   | Handler found for message method 'textDocument/didOpen'
(   2.545s) [languageServer  ]      message_handler.h:70    | > [textDocument/didOpen] (start) 
(   2.545s) [languageServer  ]     workspace_file.cpp:302   | > [WorkspaceFile] (start) 13_GESTAO_DE_PROJETOS/CTA100MNU.PRW (Open/Not Temp)
(   2.802s) [languageServer  ]     workspace_file.cpp:428   | < [WorkspaceFile] (finish) d:/totvs 12/microsiga/protheus/projetovscode/13_GESTAO_DE_PROJETOS/CTA100MNU.PRW (25 ms)
(   2.802s) [languageServer  ]      message_handler.h:75    | < [textDocument/didOpen] (finish)  (25 ms)
(   2.802s) [languageServer  ]       queue_manager.cc:195   | Run finishied message method 'textDocument/didOpen'
(   2.802s) [languageServer  ]       queue_manager.cc:187   | Handler found for message method 'textDocument/didOpen'
(   2.802s) [languageServer  ]      message_handler.h:70    | > [textDocument/didOpen] (start) 
(   2.802s) [languageServer  ]     workspace_file.cpp:302   | > [WorkspaceFile] (start) 06_FATURAMENTO_NOVO_COMERCIAL/MA410Leg.prw (Open/Not Temp)
(   3.035s) [languageServer  ]     workspace_file.cpp:428   | < [WorkspaceFile] (finish) d:/totvs 12/microsiga/protheus/projetovscode/06_FATURAMENTO_NOVO_COMERCIAL/MA410Leg.prw (23 ms)
(   3.035s) [languageServer  ]      message_handler.h:75    | < [textDocument/didOpen] (finish)  (23 ms)
(   3.035s) [languageServer  ]       queue_manager.cc:195   | Run finishied message method 'textDocument/didOpen'
(   3.035s) [languageServer  ]       queue_manager.cc:187   | Handler found for message method 'textDocument/didOpen'
(   3.035s) [languageServer  ]      message_handler.h:70    | > [textDocument/didOpen] (start) 
(   3.035s) [languageServer  ]     workspace_file.cpp:302   | > [WorkspaceFile] (start) 07_FINANCEIRO/AxCadZGN.PRW (Open/Not Temp)
(   3.140s) [languageServer  ]     workspace_file.cpp:428   | < [WorkspaceFile] (finish) d:/totvs 12/microsiga/protheus/projetovscode/07_FINANCEIRO/AxCadZGN.PRW (10 ms)
(   3.140s) [languageServer  ]      message_handler.h:75    | < [textDocument/didOpen] (finish)  (10 ms)
(   3.140s) [languageServer  ]       queue_manager.cc:195   | Run finishied message method 'textDocument/didOpen'
(   3.140s) [languageServer  ]       queue_manager.cc:187   | Handler found for message method 'textDocument/didOpen'
(   3.140s) [languageServer  ]      message_handler.h:70    | > [textDocument/didOpen] (start) 
(   3.141s) [languageServer  ]     workspace_file.cpp:302   | > [WorkspaceFile] (start) 07_FINANCEIRO/AxCadZGR.prw (Open/Not Temp)
(   3.246s) [languageServer  ]     workspace_file.cpp:428   | < [WorkspaceFile] (finish) d:/totvs 12/microsiga/protheus/projetovscode/07_FINANCEIRO/AxCadZGR.prw (10 ms)
(   3.246s) [languageServer  ]      message_handler.h:75    | < [textDocument/didOpen] (finish)  (10 ms)
(   3.246s) [languageServer  ]       queue_manager.cc:195   | Run finishied message method 'textDocument/didOpen'
(   3.246s) [languageServer  ]       queue_manager.cc:187   | Handler found for message method 'textDocument/didOpen'
(   3.246s) [languageServer  ]      message_handler.h:70    | > [textDocument/didOpen] (start) 
(   3.246s) [languageServer  ]     workspace_file.cpp:302   | > [WorkspaceFile] (start) 07_FINANCEIRO/AXLIMITGR.PRW (Open/Not Temp)
(   3.363s) [languageServer  ]     workspace_file.cpp:428   | < [WorkspaceFile] (finish) d:/totvs 12/microsiga/protheus/projetovscode/07_FINANCEIRO/AXLIMITGR.PRW (11 ms)
(   3.363s) [languageServer  ]      message_handler.h:75    | < [textDocument/didOpen] (finish)  (11 ms)
(   3.363s) [languageServer  ]       queue_manager.cc:195   | Run finishied message method 'textDocument/didOpen'
(   3.364s) [languageServer  ]       queue_manager.cc:187   | Handler found for message method 'textDocument/didOpen'
(   3.364s) [languageServer  ]      message_handler.h:70    | > [textDocument/didOpen] (start) 
(   3.364s) [languageServer  ]     workspace_file.cpp:302   | > [WorkspaceFile] (start) 07_FINANCEIRO/AXCLILIMIT.PRW (Open/Not Temp)
(   3.462s) [languageServer  ]     workspace_file.cpp:428   | < [WorkspaceFile] (finish) d:/totvs 12/microsiga/protheus/projetovscode/07_FINANCEIRO/AXCLILIMIT.PRW (9 ms)
(   3.462s) [languageServer  ]      message_handler.h:75    | < [textDocument/didOpen] (finish)  (9 ms)
(   3.462s) [languageServer  ]       queue_manager.cc:195   | Run finishied message method 'textDocument/didOpen'
(   3.462s) [languageServer  ]       queue_manager.cc:187   | Handler found for message method 'textDocument/didOpen'
(   3.462s) [languageServer  ]      message_handler.h:70    | > [textDocument/didOpen] (start) 
(   3.462s) [languageServer  ]     workspace_file.cpp:302   | > [WorkspaceFile] (start) 06_FATURAMENTO/CADPAIS.PRW (Open/Not Temp)
(   3.563s) [languageServer  ]     workspace_file.cpp:428   | < [WorkspaceFile] (finish) d:/totvs 12/microsiga/protheus/projetovscode/06_FATURAMENTO/CADPAIS.PRW (10 ms)
(   3.563s) [languageServer  ]      message_handler.h:75    | < [textDocument/didOpen] (finish)  (10 ms)
(   3.563s) [languageServer  ]       queue_manager.cc:195   | Run finishied message method 'textDocument/didOpen'
(   3.563s) [languageServer  ]       queue_manager.cc:187   | Handler found for message method 'textDocument/didOpen'
(   3.563s) [languageServer  ]      message_handler.h:70    | > [textDocument/didOpen] (start) 
(   3.563s) [languageServer  ]     workspace_file.cpp:302   | > [WorkspaceFile] (start) 07_FINANCEIRO/AXSEGURAR.PRW (Open/Not Temp)
(   3.681s) [languageServer  ]     workspace_file.cpp:428   | < [WorkspaceFile] (finish) d:/totvs 12/microsiga/protheus/projetovscode/07_FINANCEIRO/AXSEGURAR.PRW (11 ms)
(   3.682s) [languageServer  ]      message_handler.h:75    | < [textDocument/didOpen] (finish)  (11 ms)
(   3.682s) [languageServer  ]       queue_manager.cc:195   | Run finishied message method 'textDocument/didOpen'
(   3.682s) [languageServer  ]       queue_manager.cc:187   | Handler found for message method 'textDocument/didOpen'
(   3.682s) [languageServer  ]      message_handler.h:70    | > [textDocument/didOpen] (start) 
(   3.682s) [languageServer  ]     workspace_file.cpp:302   | > [WorkspaceFile] (start) 02_COMPRAS/MT094CPC .prw (Open/Not Temp)
(   3.923s) [languageServer  ]     workspace_file.cpp:428   | < [WorkspaceFile] (finish) d:/totvs 12/microsiga/protheus/projetovscode/02_COMPRAS/MT094CPC .prw (24 ms)
(   3.923s) [languageServer  ]      message_handler.h:75    | < [textDocument/didOpen] (finish)  (24 ms)
(   3.923s) [languageServer  ]       queue_manager.cc:195   | Run finishied message method 'textDocument/didOpen'
(   3.923s) [languageServer  ]       queue_manager.cc:187   | Handler found for message method 'textDocument/didOpen'
(   3.923s) [languageServer  ]      message_handler.h:70    | > [textDocument/didOpen] (start) 
(   3.923s) [languageServer  ]     workspace_file.cpp:302   | > [WorkspaceFile] (start) 00_REMOVER/GR_MA330D3.prw (Open/Not Temp)
(   3.924s) [languageServer  ]     workspace_file.cpp:428   | < [WorkspaceFile] (finish) d:/totvs 12/microsiga/protheus/projetovscode/00_REMOVER/GR_MA330D3.prw (0 ms)
(   3.924s) [languageServer  ]      message_handler.h:75    | < [textDocument/didOpen] (finish)  (0 ms)
(   3.924s) [languageServer  ]       queue_manager.cc:195   | Run finishied message method 'textDocument/didOpen'
(   3.924s) [languageServer  ]       queue_manager.cc:187   | Handler found for message method 'textDocument/didOpen'
(   3.924s) [languageServer  ]      message_handler.h:70    | > [textDocument/didOpen] (start) 
(   3.924s) [languageServer  ]     workspace_file.cpp:302   | > [WorkspaceFile] (start) 00_REMOVER/GR_MA330TRB.prw (Open/Not Temp)
(   3.924s) [languageServer  ]     workspace_file.cpp:428   | < [WorkspaceFile] (finish) d:/totvs 12/microsiga/protheus/projetovscode/00_REMOVER/GR_MA330TRB.prw (0 ms)
(   3.924s) [languageServer  ]      message_handler.h:75    | < [textDocument/didOpen] (finish)  (0 ms)
(   3.924s) [languageServer  ]       queue_manager.cc:195   | Run finishied message method 'textDocument/didOpen'
(   3.924s) [languageServer  ]       queue_manager.cc:187   | Handler found for message method 'textDocument/didOpen'
(   3.924s) [languageServer  ]      message_handler.h:70    | > [textDocument/didOpen] (start) 
(   3.924s) [languageServer  ]     workspace_file.cpp:302   | > [WorkspaceFile] (start) 00_REMOVER/GR_MA330D2.prw (Open/Not Temp)
(   3.924s) [languageServer  ]     workspace_file.cpp:428   | < [WorkspaceFile] (finish) d:/totvs 12/microsiga/protheus/projetovscode/00_REMOVER/GR_MA330D2.prw (0 ms)
(   3.924s) [languageServer  ]      message_handler.h:75    | < [textDocument/didOpen] (finish)  (0 ms)
(   3.924s) [languageServer  ]       queue_manager.cc:195   | Run finishied message method 'textDocument/didOpen'
(   3.924s) [languageServer  ]       queue_manager.cc:187   | Handler found for message method 'textDocument/didOpen'
(   3.924s) [languageServer  ]      message_handler.h:70    | > [textDocument/didOpen] (start) 
(   3.924s) [languageServer  ]     workspace_file.cpp:302   | > [WorkspaceFile] (start) 00_REMOVER/GR_MA330D1.prw (Open/Not Temp)
(   3.925s) [languageServer  ]     workspace_file.cpp:428   | < [WorkspaceFile] (finish) d:/totvs 12/microsiga/protheus/projetovscode/00_REMOVER/GR_MA330D1.prw (0 ms)
(   3.925s) [languageServer  ]      message_handler.h:75    | < [textDocument/didOpen] (finish)  (0 ms)
(   3.925s) [languageServer  ]       queue_manager.cc:195   | Run finishied message method 'textDocument/didOpen'
(   3.925s) [languageServer  ]       queue_manager.cc:187   | Handler found for message method 'textDocument/didOpen'
(   3.925s) [languageServer  ]      message_handler.h:70    | > [textDocument/didOpen] (start) 
(   3.925s) [languageServer  ]     workspace_file.cpp:302   | > [WorkspaceFile] (start) 02_COMPRAS/NFORZ2.prw (Open/Not Temp)
(   4.141s) [languageServer  ]     workspace_file.cpp:428   | < [WorkspaceFile] (finish) d:/totvs 12/microsiga/protheus/projetovscode/02_COMPRAS/NFORZ2.prw (21 ms)
(   4.141s) [languageServer  ]      message_handler.h:75    | < [textDocument/didOpen] (finish)  (21 ms)
(   4.141s) [languageServer  ]       queue_manager.cc:195   | Run finishied message method 'textDocument/didOpen'
(   4.141s) [languageServer  ]       queue_manager.cc:187   | Handler found for message method 'textDocument/didOpen'
(   4.141s) [languageServer  ]      message_handler.h:70    | > [textDocument/didOpen] (start) 
(   4.141s) [languageServer  ]     workspace_file.cpp:302   | > [WorkspaceFile] (start) 00_REMOVER/GR_MA330C3.prw (Open/Not Temp)
(   4.141s) [languageServer  ]     workspace_file.cpp:428   | < [WorkspaceFile] (finish) d:/totvs 12/microsiga/protheus/projetovscode/00_REMOVER/GR_MA330C3.prw (0 ms)
(   4.141s) [languageServer  ]      message_handler.h:75    | < [textDocument/didOpen] (finish)  (0 ms)
(   4.141s) [languageServer  ]       queue_manager.cc:195   | Run finishied message method 'textDocument/didOpen'
(   4.141s) [languageServer  ]       queue_manager.cc:187   | Handler found for message method 'textDocument/didOpen'
(   4.141s) [languageServer  ]      message_handler.h:70    | > [textDocument/didOpen] (start) 
(   4.141s) [languageServer  ]     workspace_file.cpp:302   | > [WorkspaceFile] (start) 01_SOMENTE_ITINGA/MT140LOK.prw (Open/Not Temp)
(   4.221s) [languageServer  ]     workspace_file.cpp:428   | < [WorkspaceFile] (finish) d:/totvs 12/microsiga/protheus/projetovscode/01_SOMENTE_ITINGA/MT140LOK.prw (7 ms)
(   4.221s) [languageServer  ]      message_handler.h:75    | < [textDocument/didOpen] (finish)  (8 ms)
(   4.221s) [languageServer  ]       queue_manager.cc:195   | Run finishied message method 'textDocument/didOpen'
(   4.221s) [languageServer  ]       queue_manager.cc:187   | Handler found for message method 'textDocument/didOpen'
(   4.221s) [languageServer  ]      message_handler.h:70    | > [textDocument/didOpen] (start) 
(   4.221s) [languageServer  ]     workspace_file.cpp:302   | > [WorkspaceFile] (start) 02_COMPRAS/NFORE2.prw (Open/Not Temp)
(   4.436s) [languageServer  ]     workspace_file.cpp:428   | < [WorkspaceFile] (finish) d:/totvs 12/microsiga/protheus/projetovscode/02_COMPRAS/NFORE2.prw (21 ms)
(   4.436s) [languageServer  ]      message_handler.h:75    | < [textDocument/didOpen] (finish)  (21 ms)
(   4.436s) [languageServer  ]       queue_manager.cc:195   | Run finishied message method 'textDocument/didOpen'
(   4.436s) [languageServer  ]       queue_manager.cc:187   | Handler found for message method 'textDocument/didOpen'
(   4.436s) [languageServer  ]      message_handler.h:70    | > [textDocument/didOpen] (start) 
(   4.436s) [languageServer  ]     workspace_file.cpp:302   | > [WorkspaceFile] (start) 00_REMOVER/GR_MA2802FI.prw (Open/Not Temp)
(   4.436s) [languageServer  ]     workspace_file.cpp:428   | < [WorkspaceFile] (finish) d:/totvs 12/microsiga/protheus/projetovscode/00_REMOVER/GR_MA2802FI.prw (0 ms)
(   4.436s) [languageServer  ]      message_handler.h:75    | < [textDocument/didOpen] (finish)  (0 ms)
(   4.436s) [languageServer  ]       queue_manager.cc:195   | Run finishied message method 'textDocument/didOpen'
(   4.436s) [languageServer  ]       queue_manager.cc:187   | Handler found for message method 'textDocument/didOpen'
(   4.436s) [languageServer  ]      message_handler.h:70    | > [textDocument/didOpen] (start) 
(   4.437s) [languageServer  ]     workspace_file.cpp:302   | > [WorkspaceFile] (start) 02_COMPRAS/NFORC7.prw (Open/Not Temp)
(   4.666s) [languageServer  ]     workspace_file.cpp:428   | < [WorkspaceFile] (finish) d:/totvs 12/microsiga/protheus/projetovscode/02_COMPRAS/NFORC7.prw (22 ms)
(   4.666s) [languageServer  ]      message_handler.h:75    | < [textDocument/didOpen] (finish)  (22 ms)
(   4.666s) [languageServer  ]       queue_manager.cc:195   | Run finishied message method 'textDocument/didOpen'
(   4.666s) [languageServer  ]       queue_manager.cc:187   | Handler found for message method 'textDocument/codeLens'
(   4.666s) [languageServer  ]      message_handler.h:70    | > [textDocument/codeLens] (start) 
(   4.667s) [languageServer  ]      message_handler.h:75    | < [textDocument/codeLens] (finish)  (0 ms)
(   4.667s) [languageServer  ]       queue_manager.cc:195   | Run finishied message method 'textDocument/codeLens'
(   4.667s) [languageServer  ]       queue_manager.cc:187   | Handler found for message method 'textDocument/didOpen'
(   4.667s) [languageServer  ]      message_handler.h:70    | > [textDocument/didOpen] (start) 
(   4.667s) [languageServer  ]     workspace_file.cpp:302   | > [WorkspaceFile] (start) 00_REMOVER/TOTVSES.PRW (Open/Not Temp)
(   4.889s) [languageServer  ]        totvs_linter.cc:16    | linterParseDiagnostic: 
TOTVSES.PRW(7) warning W0019 Statement unbalanced function in U_TOTVSES. This warning will be an error in future version.
(   4.889s) [languageServer  ]     workspace_file.cpp:428   | < [WorkspaceFile] (finish) d:/totvs 12/microsiga/protheus/projetovscode/00_REMOVER/TOTVSES.PRW (22 ms)
(   4.889s) [languageServer  ]      message_handler.h:75    | < [textDocument/didOpen] (finish)  (22 ms)
(   4.889s) [languageServer  ]       queue_manager.cc:195   | Run finishied message method 'textDocument/didOpen'
(   4.889s) [languageServer  ]       queue_manager.cc:187   | Handler found for message method 'textDocument/didOpen'
(   4.889s) [languageServer  ]      message_handler.h:70    | > [textDocument/didOpen] (start) 
(   4.889s) [languageServer  ]     workspace_file.cpp:302   | > [WorkspaceFile] (start) 08_GRPLUS/GMOVPOSP.prw (Open/Not Temp)
(   4.959s) [languageServer  ]     workspace_file.cpp:428   | < [WorkspaceFile] (finish) d:/totvs 12/microsiga/protheus/projetovscode/08_GRPLUS/GMOVPOSP.prw (6 ms)
(   4.959s) [languageServer  ]      message_handler.h:75    | < [textDocument/didOpen] (finish)  (6 ms)
(   4.959s) [languageServer  ]       queue_manager.cc:195   | Run finishied message method 'textDocument/didOpen'
(   4.959s) [languageServer  ]       queue_manager.cc:187   | Handler found for message method 'textDocument/didOpen'
(   4.959s) [languageServer  ]      message_handler.h:70    | > [textDocument/didOpen] (start) 
(   4.959s) [languageServer  ]     workspace_file.cpp:302   | > [WorkspaceFile] (start) 08_GRPLUS/GR058SQL.PRW (Open/Not Temp)
(   5.189s) [languageServer  ]     workspace_file.cpp:428   | < [WorkspaceFile] (finish) d:/totvs 12/microsiga/protheus/projetovscode/08_GRPLUS/GR058SQL.PRW (23 ms)
(   5.189s) [languageServer  ]      message_handler.h:75    | < [textDocument/didOpen] (finish)  (23 ms)
(   5.189s) [languageServer  ]       queue_manager.cc:195   | Run finishied message method 'textDocument/didOpen'
(   5.189s) [languageServer  ]       queue_manager.cc:187   | Handler found for message method 'textDocument/didOpen'
(   5.189s) [languageServer  ]      message_handler.h:70    | > [textDocument/didOpen] (start) 
(   5.189s) [languageServer  ]     workspace_file.cpp:302   | > [WorkspaceFile] (start) 03_CONEXÃONFE/MT103IP2.prw (Open/Not Temp)
(   5.263s) [languageServer  ]     workspace_file.cpp:428   | < [WorkspaceFile] (finish) d:/totvs 12/microsiga/protheus/projetovscode/03_CONEXÃONFE/MT103IP2.prw (7 ms)
(   5.263s) [languageServer  ]      message_handler.h:75    | < [textDocument/didOpen] (finish)  (7 ms)
(   5.263s) [languageServer  ]       queue_manager.cc:195   | Run finishied message method 'textDocument/didOpen'
(   5.263s) [languageServer  ]       queue_manager.cc:187   | Handler found for message method 'textDocument/didOpen'
(   5.263s) [languageServer  ]      message_handler.h:70    | > [textDocument/didOpen] (start) 
(   5.263s) [languageServer  ]     workspace_file.cpp:302   | > [WorkspaceFile] (start) 03_CONEXÃONFE/MT140TOK.prw (Open/Not Temp)
(   5.340s) [languageServer  ]     workspace_file.cpp:428   | < [WorkspaceFile] (finish) d:/totvs 12/microsiga/protheus/projetovscode/03_CONEXÃONFE/MT140TOK.prw (7 ms)
(   5.340s) [languageServer  ]      message_handler.h:75    | < [textDocument/didOpen] (finish)  (7 ms)
(   5.340s) [languageServer  ]       queue_manager.cc:195   | Run finishied message method 'textDocument/didOpen'
(   5.340s) [languageServer  ]       queue_manager.cc:187   | Handler found for message method 'textDocument/didOpen'
(   5.340s) [languageServer  ]      message_handler.h:70    | > [textDocument/didOpen] (start) 
(   5.340s) [languageServer  ]     workspace_file.cpp:302   | > [WorkspaceFile] (start) 03_CONEXÃONFE/MT140LOK.prw (Open/Not Temp)
(   5.412s) [languageServer  ]     workspace_file.cpp:428   | < [WorkspaceFile] (finish) d:/totvs 12/microsiga/protheus/projetovscode/03_CONEXÃONFE/MT140LOK.prw (7 ms)
(   5.412s) [languageServer  ]      message_handler.h:75    | < [textDocument/didOpen] (finish)  (7 ms)
(   5.412s) [languageServer  ]       queue_manager.cc:195   | Run finishied message method 'textDocument/didOpen'
(   5.412s) [languageServer  ]       queue_manager.cc:187   | Handler found for message method 'textDocument/didOpen'
(   5.412s) [languageServer  ]      message_handler.h:70    | > [textDocument/didOpen] (start) 
(   5.413s) [languageServer  ]     workspace_file.cpp:302   | > [WorkspaceFile] (start) 03_CONEXÃONFE/MT116GRV.PRW (Open/Not Temp)
(   5.489s) [languageServer  ]     workspace_file.cpp:428   | < [WorkspaceFile] (finish) d:/totvs 12/microsiga/protheus/projetovscode/03_CONEXÃONFE/MT116GRV.PRW (7 ms)
(   5.489s) [languageServer  ]      message_handler.h:75    | < [textDocument/didOpen] (finish)  (7 ms)
(   5.489s) [languageServer  ]       queue_manager.cc:195   | Run finishied message method 'textDocument/didOpen'
(   5.489s) [languageServer  ]       queue_manager.cc:187   | Handler found for message method 'textDocument/didOpen'
(   5.489s) [languageServer  ]      message_handler.h:70    | > [textDocument/didOpen] (start) 
(   5.489s) [languageServer  ]     workspace_file.cpp:302   | > [WorkspaceFile] (start) 03_CONEXÃONFE/MT116AGR.prw (Open/Not Temp)
(   5.683s) [languageServer  ]     workspace_file.cpp:428   | < [WorkspaceFile] (finish) d:/totvs 12/microsiga/protheus/projetovscode/03_CONEXÃONFE/MT116AGR.prw (19 ms)
(   5.683s) [languageServer  ]      message_handler.h:75    | < [textDocument/didOpen] (finish)  (19 ms)
(   5.683s) [languageServer  ]       queue_manager.cc:195   | Run finishied message method 'textDocument/didOpen'
(   5.683s) [languageServer  ]       queue_manager.cc:187   | Handler found for message method 'textDocument/didOpen'
(   5.683s) [languageServer  ]      message_handler.h:70    | > [textDocument/didOpen] (start) 
(   5.683s) [languageServer  ]     workspace_file.cpp:302   | > [WorkspaceFile] (start) 08_GRPLUS/proformaInvoice.prx (Open/Not Temp)
(   5.764s) [languageServer  ]     workspace_file.cpp:428   | < [WorkspaceFile] (finish) d:/totvs 12/microsiga/protheus/projetovscode/08_GRPLUS/proformaInvoice.prx (8 ms)
(   5.764s) [languageServer  ]      message_handler.h:75    | < [textDocument/didOpen] (finish)  (8 ms)
(   5.764s) [languageServer  ]       queue_manager.cc:195   | Run finishied message method 'textDocument/didOpen'
(   5.764s) [languageServer  ]       queue_manager.cc:187   | Handler found for message method 'textDocument/didOpen'
(   5.764s) [languageServer  ]      message_handler.h:70    | > [textDocument/didOpen] (start) 
(   5.764s) [languageServer  ]     workspace_file.cpp:302   | > [WorkspaceFile] (start) 03_CONEXÃONFE/MT103CPS.PRW (Open/Not Temp)
(   5.860s) [languageServer  ]     workspace_file.cpp:428   | < [WorkspaceFile] (finish) d:/totvs 12/microsiga/protheus/projetovscode/03_CONEXÃONFE/MT103CPS.PRW (9 ms)
(   5.860s) [languageServer  ]      message_handler.h:75    | < [textDocument/didOpen] (finish)  (9 ms)
(   5.860s) [languageServer  ]       queue_manager.cc:195   | Run finishied message method 'textDocument/didOpen'
(   5.860s) [languageServer  ]       queue_manager.cc:187   | Handler found for message method 'textDocument/didOpen'
(   5.860s) [languageServer  ]      message_handler.h:70    | > [textDocument/didOpen] (start) 
(   5.860s) [languageServer  ]     workspace_file.cpp:302   | > [WorkspaceFile] (start) 08_GRPLUS/MDIAUTIL.PRW (Open/Not Temp)
(   5.951s) [languageServer  ]     workspace_file.cpp:428   | < [WorkspaceFile] (finish) d:/totvs 12/microsiga/protheus/projetovscode/08_GRPLUS/MDIAUTIL.PRW (9 ms)
(   5.951s) [languageServer  ]      message_handler.h:75    | < [textDocument/didOpen] (finish)  (9 ms)
(   5.951s) [languageServer  ]       queue_manager.cc:195   | Run finishied message method 'textDocument/didOpen'
(   5.951s) [languageServer  ]       queue_manager.cc:187   | Handler found for message method 'textDocument/semanticTokens/full'
(   5.951s) [languageServer  ]      message_handler.h:70    | > [textDocument/semanticTokens/full] (start) 
(   5.951s) [languageServer  ]      message_handler.h:75    | < [textDocument/semanticTokens/full] (finish)  (0 ms)
(   5.951s) [languageServer  ]       queue_manager.cc:195   | Run finishied message method 'textDocument/semanticTokens/full'
(   5.951s) [languageServer  ]       queue_manager.cc:187   | Handler found for message method 'textDocument/didOpen'
(   5.951s) [languageServer  ]      message_handler.h:70    | > [textDocument/didOpen] (start) 
(   5.951s) [languageServer  ]     workspace_file.cpp:302   | > [WorkspaceFile] (start) 09_LIVROS_FISCAIS/SPDFIS001.PRW (Open/Not Temp)
(   6.164s) [languageServer  ]     workspace_file.cpp:428   | < [WorkspaceFile] (finish) d:/totvs 12/microsiga/protheus/projetovscode/09_LIVROS_FISCAIS/SPDFIS001.PRW (21 ms)
(   6.164s) [languageServer  ]      message_handler.h:75    | < [textDocument/didOpen] (finish)  (21 ms)
(   6.164s) [languageServer  ]       queue_manager.cc:195   | Run finishied message method 'textDocument/didOpen'
(   6.164s) [languageServer  ]       queue_manager.cc:187   | Handler found for message method 'textDocument/didOpen'
(   6.164s) [languageServer  ]      message_handler.h:70    | > [textDocument/didOpen] (start) 
(   6.164s) [languageServer  ]     workspace_file.cpp:302   | > [WorkspaceFile] (start) 12_WEBSERVICE/MOBALTARR.prw (Open/Not Temp)
(   6.409s) [languageServer  ]        totvs_linter.cc:16    | linterParseDiagnostic: 
MOBALTARR.PRW(25) warning W0003 Local variable NOPCX never used
(   6.410s) [languageServer  ]     workspace_file.cpp:428   | < [WorkspaceFile] (finish) d:/totvs 12/microsiga/protheus/projetovscode/12_WEBSERVICE/MOBALTARR.prw (24 ms)
(   6.410s) [languageServer  ]      message_handler.h:75    | < [textDocument/didOpen] (finish)  (24 ms)
(   6.410s) [languageServer  ]       queue_manager.cc:195   | Run finishied message method 'textDocument/didOpen'
(   6.410s) [languageServer  ]       queue_manager.cc:187   | Handler found for message method 'textDocument/didOpen'
(   6.410s) [languageServer  ]      message_handler.h:70    | > [textDocument/didOpen] (start) 
(   6.410s) [languageServer  ]     workspace_file.cpp:302   | > [WorkspaceFile] (start) 11_MNT/MNTA4206.prw (Open/Not Temp)
(   6.601s) [languageServer  ]     workspace_file.cpp:428   | < [WorkspaceFile] (finish) d:/totvs 12/microsiga/protheus/projetovscode/11_MNT/MNTA4206.prw (19 ms)
(   6.601s) [languageServer  ]      message_handler.h:75    | < [textDocument/didOpen] (finish)  (19 ms)
(   6.601s) [languageServer  ]       queue_manager.cc:195   | Run finishied message method 'textDocument/didOpen'
(   6.601s) [languageServer  ]       queue_manager.cc:187   | Handler found for message method 'textDocument/didOpen'
(   6.601s) [languageServer  ]      message_handler.h:70    | > [textDocument/didOpen] (start) 
(   6.601s) [languageServer  ]     workspace_file.cpp:302   | > [WorkspaceFile] (start) 09_LIVROS_FISCAIS/matr930a.prw (Open/Not Temp)
(   6.804s) [languageServer  ]        totvs_linter.cc:16    | linterParseDiagnostic: 
MATR930A.PRW(17) warning W0003 Local variable CRET never used
(   6.805s) [languageServer  ]     workspace_file.cpp:428   | < [WorkspaceFile] (finish) d:/totvs 12/microsiga/protheus/projetovscode/09_LIVROS_FISCAIS/matr930a.prw (20 ms)
(   6.805s) [languageServer  ]      message_handler.h:75    | < [textDocument/didOpen] (finish)  (20 ms)
(   6.805s) [languageServer  ]       queue_manager.cc:195   | Run finishied message method 'textDocument/didOpen'
(   6.805s) [languageServer  ]       queue_manager.cc:187   | Handler found for message method 'textDocument/didOpen'
(   6.805s) [languageServer  ]      message_handler.h:70    | > [textDocument/didOpen] (start) 
(   6.805s) [languageServer  ]     workspace_file.cpp:302   | > [WorkspaceFile] (start) 09_LIVROS_FISCAIS/MA900MNU.prw (Open/Not Temp)
(   7.027s) [languageServer  ]     workspace_file.cpp:428   | < [WorkspaceFile] (finish) d:/totvs 12/microsiga/protheus/projetovscode/09_LIVROS_FISCAIS/MA900MNU.prw (22 ms)
(   7.027s) [languageServer  ]      message_handler.h:75    | < [textDocument/didOpen] (finish)  (22 ms)
(   7.027s) [languageServer  ]       queue_manager.cc:195   | Run finishied message method 'textDocument/didOpen'
(   7.027s) [languageServer  ]       queue_manager.cc:187   | Handler found for message method 'textDocument/didOpen'
(   7.027s) [languageServer  ]      message_handler.h:70    | > [textDocument/didOpen] (start) 
(   7.027s) [languageServer  ]     workspace_file.cpp:302   | > [WorkspaceFile] (start) 02_COMPRAS/A093ACOD.PRW (Open/Not Temp)
(   7.252s) [languageServer  ]        totvs_linter.cc:16    | linterParseDiagnostic: 
A093ACOD.PRW(21) warning W0003 Local variable ACOD never used
A093ACOD.PRW(22) warning W0003 Local variable ACODGRD never used
A093ACOD.PRW(20) warning W0003 Local variable CDESPRD never used
A093ACOD.PRW(23) warning W0003 Local variable LGERA never used
(   7.252s) [languageServer  ]     workspace_file.cpp:428   | < [WorkspaceFile] (finish) d:/totvs 12/microsiga/protheus/projetovscode/02_COMPRAS/A093ACOD.PRW (22 ms)
(   7.252s) [languageServer  ]      message_handler.h:75    | < [textDocument/didOpen] (finish)  (22 ms)
(   7.252s) [languageServer  ]       queue_manager.cc:195   | Run finishied message method 'textDocument/didOpen'
(   7.252s) [languageServer  ]       queue_manager.cc:187   | Handler found for message method 'textDocument/didOpen'
(   7.252s) [languageServer  ]      message_handler.h:70    | > [textDocument/didOpen] (start) 
(   7.252s) [languageServer  ]     workspace_file.cpp:302   | > [WorkspaceFile] (start) 07_FINANCEIRO/AutPagR.prw (Open/Not Temp)
(   7.529s) [languageServer  ]        totvs_linter.cc:16    | linterParseDiagnostic: AUTPAGR.PRW:AUTPAGR.PRW(167)   For variable is not Local
(   7.529s) [languageServer  ]     workspace_file.cpp:428   | < [WorkspaceFile] (finish) d:/totvs 12/microsiga/protheus/projetovscode/07_FINANCEIRO/AutPagR.prw (27 ms)
(   7.529s) [languageServer  ]      message_handler.h:75    | < [textDocument/didOpen] (finish)  (27 ms)
(   7.529s) [languageServer  ]       queue_manager.cc:195   | Run finishied message method 'textDocument/didOpen'
(   7.529s) [languageServer  ]       queue_manager.cc:187   | Handler found for message method 'textDocument/didOpen'
(   7.529s) [languageServer  ]      message_handler.h:70    | > [textDocument/didOpen] (start) 
(   7.529s) [languageServer  ]     workspace_file.cpp:302   | > [WorkspaceFile] (start) 10_LIB/biinweb.prw (Open/Not Temp)
(   7.802s) [languageServer  ]     workspace_file.cpp:428   | < [WorkspaceFile] (finish) d:/totvs 12/microsiga/protheus/projetovscode/10_LIB/biinweb.prw (27 ms)
(   7.802s) [languageServer  ]      message_handler.h:75    | < [textDocument/didOpen] (finish)  (27 ms)
(   7.802s) [languageServer  ]       queue_manager.cc:195   | Run finishied message method 'textDocument/didOpen'
(   7.802s) [languageServer  ]       queue_manager.cc:187   | Handler found for message method 'textDocument/didOpen'
(   7.802s) [languageServer  ]      message_handler.h:70    | > [textDocument/didOpen] (start) 
(   7.802s) [languageServer  ]     workspace_file.cpp:302   | > [WorkspaceFile] (start) 10_LIB/AjNumSD1.prw (Open/Not Temp)
(   7.997s) [languageServer  ]     workspace_file.cpp:428   | < [WorkspaceFile] (finish) d:/totvs 12/microsiga/protheus/projetovscode/10_LIB/AjNumSD1.prw (19 ms)
(   7.997s) [languageServer  ]      message_handler.h:75    | < [textDocument/didOpen] (finish)  (19 ms)
(   7.997s) [languageServer  ]       queue_manager.cc:195   | Run finishied message method 'textDocument/didOpen'
(   7.997s) [languageServer  ]       queue_manager.cc:187   | Handler found for message method 'textDocument/didOpen'
(   7.997s) [languageServer  ]      message_handler.h:70    | > [textDocument/didOpen] (start) 
(   7.997s) [languageServer  ]     workspace_file.cpp:302   | > [WorkspaceFile] (start) 06_FATURAMENTO_NOVO_COMERCIAL/ListMULTPag.prw (Open/Not Temp)
(   8.226s) [languageServer  ]        totvs_linter.cc:16    | linterParseDiagnostic: LISTMULTPAG.PRW:LISTMULTPAG.PRW(95)   For variable is not Local
(   8.226s) [languageServer  ]     workspace_file.cpp:428   | < [WorkspaceFile] (finish) d:/totvs 12/microsiga/protheus/projetovscode/06_FATURAMENTO_NOVO_COMERCIAL/ListMULTPag.prw (22 ms)
(   8.226s) [languageServer  ]      message_handler.h:75    | < [textDocument/didOpen] (finish)  (22 ms)
(   8.226s) [languageServer  ]       queue_manager.cc:195   | Run finishied message method 'textDocument/didOpen'
(   8.226s) [languageServer  ]       queue_manager.cc:187   | Handler found for message method 'textDocument/didOpen'
(   8.226s) [languageServer  ]      message_handler.h:70    | > [textDocument/didOpen] (start) 
(   8.226s) [languageServer  ]     workspace_file.cpp:302   | > [WorkspaceFile] (start) 10_LIB/ContAlert.prw (Open/Not Temp)
(   8.319s) [languageServer  ]     workspace_file.cpp:428   | < [WorkspaceFile] (finish) d:/totvs 12/microsiga/protheus/projetovscode/10_LIB/ContAlert.prw (9 ms)
(   8.319s) [languageServer  ]      message_handler.h:75    | < [textDocument/didOpen] (finish)  (9 ms)
(   8.319s) [languageServer  ]       queue_manager.cc:195   | Run finishied message method 'textDocument/didOpen'
(   8.319s) [languageServer  ]       queue_manager.cc:187   | Handler found for message method 'textDocument/didOpen'
(   8.319s) [languageServer  ]      message_handler.h:70    | > [textDocument/didOpen] (start) 
(   8.319s) [languageServer  ]     workspace_file.cpp:302   | > [WorkspaceFile] (start) 07_FINANCEIRO/AutPag.prw (Open/Not Temp)
(   8.415s) [languageServer  ]        totvs_linter.cc:16    | linterParseDiagnostic: 
AUTPAG.PRW(137) warning W0008 Too few parameters calling MsgInfo
AUTPAG.PRW(207) warning W0007 Too many parameters calling dbclosearea
AUTPAG.PRW(277) warning W0007 Too many parameters calling dbclosearea
AUTPAG.PRW(295) warning W0003 Local variable ACAMPOS never used
(   8.424s) [languageServer  ]     workspace_file.cpp:428   | < [WorkspaceFile] (finish) d:/totvs 12/microsiga/protheus/projetovscode/07_FINANCEIRO/AutPag.prw (10 ms)
(   8.424s) [languageServer  ]      message_handler.h:75    | < [textDocument/didOpen] (finish)  (10 ms)
(   8.424s) [languageServer  ]       queue_manager.cc:195   | Run finishied message method 'textDocument/didOpen'
(   8.424s) [languageServer  ]       queue_manager.cc:187   | Handler found for message method 'textDocument/didOpen'
(   8.424s) [languageServer  ]      message_handler.h:70    | > [textDocument/didOpen] (start) 
(   8.424s) [languageServer  ]     workspace_file.cpp:302   | > [WorkspaceFile] (start) 10_LIB/AfterLogin.prw (Open/Not Temp)
(   8.665s) [languageServer  ]        totvs_linter.cc:16    | linterParseDiagnostic: 
AFTERLOGIN.PRW(15) warning W0003 Local variable CID never used
AFTERLOGIN.PRW(16) warning W0003 Local variable CNOME never used
AFTERLOGIN.PRW(24) warning W0003 Local variable _APARIXB never used
(   8.666s) [languageServer  ]     workspace_file.cpp:428   | < [WorkspaceFile] (finish) d:/totvs 12/microsiga/protheus/projetovscode/10_LIB/AfterLogin.prw (24 ms)
(   8.666s) [languageServer  ]      message_handler.h:75    | < [textDocument/didOpen] (finish)  (24 ms)
(   8.666s) [languageServer  ]       queue_manager.cc:195   | Run finishied message method 'textDocument/didOpen'
(   8.666s) [languageServer  ]       queue_manager.cc:187   | Handler found for message method 'textDocument/didOpen'
(   8.666s) [languageServer  ]      message_handler.h:70    | > [textDocument/didOpen] (start) 
(   8.666s) [languageServer  ]     workspace_file.cpp:302   | > [WorkspaceFile] (start) 10_LIB/dolar.prw (Open/Not Temp)
(   8.962s) [languageServer  ]     workspace_file.cpp:428   | < [WorkspaceFile] (finish) d:/totvs 12/microsiga/protheus/projetovscode/10_LIB/dolar.prw (29 ms)
(   8.962s) [languageServer  ]      message_handler.h:75    | < [textDocument/didOpen] (finish)  (29 ms)
(   8.962s) [languageServer  ]       queue_manager.cc:195   | Run finishied message method 'textDocument/didOpen'
(   8.962s) [languageServer  ]       queue_manager.cc:187   | Handler found for message method 'textDocument/didOpen'
(   8.962s) [languageServer  ]      message_handler.h:70    | > [textDocument/didOpen] (start) 
(   8.962s) [languageServer  ]     workspace_file.cpp:302   | > [WorkspaceFile] (start) 12_WEBSERVICE/MOBPEDIV.PRW (Open/Not Temp)
(   9.166s) [languageServer  ]     workspace_file.cpp:428   | < [WorkspaceFile] (finish) d:/totvs 12/microsiga/protheus/projetovscode/12_WEBSERVICE/MOBPEDIV.PRW (20 ms)
(   9.166s) [languageServer  ]      message_handler.h:75    | < [textDocument/didOpen] (finish)  (20 ms)
(   9.166s) [languageServer  ]       queue_manager.cc:195   | Run finishied message method 'textDocument/didOpen'
(   9.166s) [languageServer  ]       queue_manager.cc:187   | Handler found for message method 'textDocument/didOpen'
(   9.166s) [languageServer  ]      message_handler.h:70    | > [textDocument/didOpen] (start) 
(   9.167s) [languageServer  ]     workspace_file.cpp:302   | > [WorkspaceFile] (start) 06_FATURAMENTO_NOVO_COMERCIAL/MT410TOK.prw (Open/Not Temp)
(   9.641s) [languageServer  ]        totvs_linter.cc:16    | linterParseDiagnostic: 
MT410TOK.PRW(459) warning W0003 Local variable AMSGPRC never used
(   9.664s) [languageServer  ]     workspace_file.cpp:428   | < [WorkspaceFile] (finish) d:/totvs 12/microsiga/protheus/projetovscode/06_FATURAMENTO_NOVO_COMERCIAL/MT410TOK.prw (49 ms)
(   9.664s) [languageServer  ]      message_handler.h:75    | < [textDocument/didOpen] (finish)  (49 ms)
(   9.664s) [languageServer  ]       queue_manager.cc:195   | Run finishied message method 'textDocument/didOpen'
(   9.664s) [languageServer  ]       queue_manager.cc:187   | Handler found for message method 'textDocument/didOpen'
(   9.664s) [languageServer  ]      message_handler.h:70    | > [textDocument/didOpen] (start) 
(   9.664s) [languageServer  ]     workspace_file.cpp:302   | > [WorkspaceFile] (start) 09_LIVROS_FISCAIS/ATUALCDL.PRW (Open/Not Temp)
(   9.887s) [languageServer  ]        totvs_linter.cc:16    | linterParseDiagnostic: 
ATUALCDL.PRW(19) warning W0003 Local variable CCODEMB never used
ATUALCDL.PRW(22) warning W0003 Local variable LCANCELA never used
(   9.888s) [languageServer  ]     workspace_file.cpp:428   | < [WorkspaceFile] (finish) d:/totvs 12/microsiga/protheus/projetovscode/09_LIVROS_FISCAIS/ATUALCDL.PRW (22 ms)
(   9.888s) [languageServer  ]      message_handler.h:75    | < [textDocument/didOpen] (finish)  (22 ms)
(   9.888s) [languageServer  ]       queue_manager.cc:195   | Run finishied message method 'textDocument/didOpen'
(   9.888s) [languageServer  ]       queue_manager.cc:187   | Handler found for message method 'textDocument/didOpen'
(   9.888s) [languageServer  ]      message_handler.h:70    | > [textDocument/didOpen] (start) 
(   9.888s) [languageServer  ]     workspace_file.cpp:302   | > [WorkspaceFile] (start) 02_COMPRAS/A100DEL.prw (Open/Not Temp)
(  10.102s) [languageServer  ]     workspace_file.cpp:428   | < [WorkspaceFile] (finish) d:/totvs 12/microsiga/protheus/projetovscode/02_COMPRAS/A100DEL.prw (21 ms)
(  10.102s) [languageServer  ]      message_handler.h:75    | < [textDocument/didOpen] (finish)  (21 ms)
(  10.102s) [languageServer  ]       queue_manager.cc:195   | Run finishied message method 'textDocument/didOpen'
(  10.102s) [languageServer  ]       queue_manager.cc:187   | Handler found for message method 'textDocument/didOpen'
(  10.102s) [languageServer  ]      message_handler.h:70    | > [textDocument/didOpen] (start) 
(  10.103s) [languageServer  ]     workspace_file.cpp:302   | > [WorkspaceFile] (start) 10_LIB/LIBWHATSAPP.PRW (Open/Not Temp)
(  10.379s) [languageServer  ]        totvs_linter.cc:16    | linterParseDiagnostic: 
LIBWHATSAPP.PRW(36) warning W0003 Local variable ALOGAUTO never used
LIBWHATSAPP.PRW(39) warning W0003 Local variable CERR never used
LIBWHATSAPP.PRW(43) warning W0003 Local variable CMESSAGE never used
LIBWHATSAPP.PRW(45) warning W0003 Local variable NAUX never used
LIBWHATSAPP.PRW(38) warning W0003 Local variable OJSON never used
(  10.382s) [languageServer  ]     workspace_file.cpp:428   | < [WorkspaceFile] (finish) d:/totvs 12/microsiga/protheus/projetovscode/10_LIB/LIBWHATSAPP.PRW (27 ms)
(  10.382s) [languageServer  ]      message_handler.h:75    | < [textDocument/didOpen] (finish)  (27 ms)
(  10.382s) [languageServer  ]       queue_manager.cc:195   | Run finishied message method 'textDocument/didOpen'
(  10.382s) [languageServer  ]       queue_manager.cc:187   | Handler found for message method 'textDocument/didOpen'
(  10.382s) [languageServer  ]      message_handler.h:70    | > [textDocument/didOpen] (start) 
(  10.382s) [languageServer  ]     workspace_file.cpp:302   | > [WorkspaceFile] (start) 12_WEBSERVICE/PrdAdapter.prw (Open/Not Temp)
(  10.646s) [languageServer  ]     workspace_file.cpp:428   | < [WorkspaceFile] (finish) d:/totvs 12/microsiga/protheus/projetovscode/12_WEBSERVICE/PrdAdapter.prw (26 ms)
(  10.646s) [languageServer  ]      message_handler.h:75    | < [textDocument/didOpen] (finish)  (26 ms)
(  10.646s) [languageServer  ]       queue_manager.cc:195   | Run finishied message method 'textDocument/didOpen'
(  10.646s) [languageServer  ]       queue_manager.cc:187   | Handler found for message method 'textDocument/didOpen'
(  10.646s) [languageServer  ]      message_handler.h:70    | > [textDocument/didOpen] (start) 
(  10.647s) [languageServer  ]     workspace_file.cpp:302   | > [WorkspaceFile] (start) 02_COMPRAS/IMPNFE.prw (Open/Not Temp)
(  10.761s) [languageServer  ]        totvs_linter.cc:16    | linterParseDiagnostic: 
IMPNFE.PRW(5) warning W0003 Local variable AAREASE1 never used
IMPNFE.PRW(7) warning W0003 Local variable LRET never used
(  10.762s) [languageServer  ]     workspace_file.cpp:428   | < [WorkspaceFile] (finish) d:/totvs 12/microsiga/protheus/projetovscode/02_COMPRAS/IMPNFE.prw (11 ms)
(  10.762s) [languageServer  ]      message_handler.h:75    | < [textDocument/didOpen] (finish)  (11 ms)
(  10.762s) [languageServer  ]       queue_manager.cc:195   | Run finishied message method 'textDocument/didOpen'
(  10.762s) [languageServer  ]       queue_manager.cc:187   | Handler found for message method 'textDocument/didOpen'
(  10.762s) [languageServer  ]      message_handler.h:70    | > [textDocument/didOpen] (start) 
(  10.762s) [languageServer  ]     workspace_file.cpp:302   | > [WorkspaceFile] (start) 10_LIB/MArqForSrv.prw (Open/Not Temp)
(  11.056s) [languageServer  ]        totvs_linter.cc:16    | linterParseDiagnostic: 
MARQFORSRV.PRW(20) warning W0003 Local variable _ADADOS never used
(  11.057s) [languageServer  ]     workspace_file.cpp:428   | < [WorkspaceFile] (finish) d:/totvs 12/microsiga/protheus/projetovscode/10_LIB/MArqForSrv.prw (29 ms)
(  11.057s) [languageServer  ]      message_handler.h:75    | < [textDocument/didOpen] (finish)  (29 ms)
(  11.057s) [languageServer  ]       queue_manager.cc:195   | Run finishied message method 'textDocument/didOpen'
(  11.057s) [languageServer  ]       queue_manager.cc:187   | Handler found for message method 'textDocument/didOpen'
(  11.057s) [languageServer  ]      message_handler.h:70    | > [textDocument/didOpen] (start) 
(  11.057s) [languageServer  ]     workspace_file.cpp:302   | > [WorkspaceFile] (start) 10_LIB/MArqExpoB.prw (Open/Not Temp)
(  11.306s) [languageServer  ]     workspace_file.cpp:428   | < [WorkspaceFile] (finish) d:/totvs 12/microsiga/protheus/projetovscode/10_LIB/MArqExpoB.prw (24 ms)
(  11.306s) [languageServer  ]      message_handler.h:75    | < [textDocument/didOpen] (finish)  (24 ms)
(  11.306s) [languageServer  ]       queue_manager.cc:195   | Run finishied message method 'textDocument/didOpen'
(  11.306s) [languageServer  ]       queue_manager.cc:187   | Handler found for message method 'textDocument/didOpen'
(  11.306s) [languageServer  ]      message_handler.h:70    | > [textDocument/didOpen] (start) 
(  11.306s) [languageServer  ]     workspace_file.cpp:302   | > [WorkspaceFile] (start) 02_COMPRAS/dtcusto.prw (Open/Not Temp)
(  11.399s) [languageServer  ]        totvs_linter.cc:16    | linterParseDiagnostic: 
DTCUSTO.PRW(6) warning W0003 Local variable LRET never used
(  11.400s) [languageServer  ]     workspace_file.cpp:428   | < [WorkspaceFile] (finish) d:/totvs 12/microsiga/protheus/projetovscode/02_COMPRAS/dtcusto.prw (9 ms)
(  11.400s) [languageServer  ]      message_handler.h:75    | < [textDocument/didOpen] (finish)  (9 ms)
(  11.400s) [languageServer  ]       queue_manager.cc:195   | Run finishied message method 'textDocument/didOpen'
(  11.400s) [languageServer  ]       queue_manager.cc:187   | Handler found for message method 'textDocument/didOpen'
(  11.400s) [languageServer  ]      message_handler.h:70    | > [textDocument/didOpen] (start) 
(  11.400s) [languageServer  ]     workspace_file.cpp:302   | > [WorkspaceFile] (start) 10_LIB/MGETTELA.prw (Open/Not Temp)
(  11.611s) [languageServer  ]     workspace_file.cpp:428   | < [WorkspaceFile] (finish) d:/totvs 12/microsiga/protheus/projetovscode/10_LIB/MGETTELA.prw (21 ms)
(  11.611s) [languageServer  ]      message_handler.h:75    | < [textDocument/didOpen] (finish)  (21 ms)
(  11.611s) [languageServer  ]       queue_manager.cc:195   | Run finishied message method 'textDocument/didOpen'
(  11.611s) [languageServer  ]       queue_manager.cc:187   | Handler found for message method 'textDocument/didOpen'
(  11.611s) [languageServer  ]      message_handler.h:70    | > [textDocument/didOpen] (start) 
(  11.611s) [languageServer  ]     workspace_file.cpp:302   | > [WorkspaceFile] (start) 07_FINANCEIRO/F050MDVC.prw (Open/Not Temp)
(  11.709s) [languageServer  ]        totvs_linter.cc:16    | linterParseDiagnostic: 
F050MDVC.PRW(18) warning W0003 Local variable DEMISSAO never used
(  11.710s) [languageServer  ]     workspace_file.cpp:428   | < [WorkspaceFile] (finish) d:/totvs 12/microsiga/protheus/projetovscode/07_FINANCEIRO/F050MDVC.prw (9 ms)
(  11.710s) [languageServer  ]      message_handler.h:75    | < [textDocument/didOpen] (finish)  (9 ms)
(  11.710s) [languageServer  ]       queue_manager.cc:195   | Run finishied message method 'textDocument/didOpen'
(  11.711s) [languageServer  ]       queue_manager.cc:187   | Handler found for message method 'textDocument/didOpen'
(  11.711s) [languageServer  ]      message_handler.h:70    | > [textDocument/didOpen] (start) 
(  11.712s) [languageServer  ]     workspace_file.cpp:302   | > [WorkspaceFile] (start) 02_COMPRAS/ITMmatr110.prx (Open/Not Temp)
(  12.531s) [languageServer  ]        totvs_linter.cc:16    | linterParseDiagnostic: 
ITMMATR110.PRX(73) warning W0003 Local variable NTAMCDPROD never used
ITMMATR110.PRX(980) warning W0007 Too many parameters calling Ceiling
ITMMATR110.PRX(231) warning W0003 Local variable LRET never used
ITMMATR110.PRX(234) warning W0003 Local variable NTOTALSX3 never used
ITMMATR110.PRX(1114) warning W0003 Local variable CCIDENT never used
ITMMATR110.PRX(2172) warning W0003 Local variable NQUEBRA never used
ITMMATR110.PRX(2632) warning W0003 Local variable NTOTDESC never used
(  12.557s) [languageServer  ]     workspace_file.cpp:428   | < [WorkspaceFile] (finish) d:/totvs 12/microsiga/protheus/projetovscode/02_COMPRAS/ITMmatr110.prx (84 ms)
(  12.557s) [languageServer  ]      message_handler.h:75    | < [textDocument/didOpen] (finish)  (84 ms)
(  12.557s) [languageServer  ]       queue_manager.cc:195   | Run finishied message method 'textDocument/didOpen'
(  12.557s) [languageServer  ]       queue_manager.cc:187   | Handler found for message method 'textDocument/didOpen'
(  12.557s) [languageServer  ]      message_handler.h:70    | > [textDocument/didOpen] (start) 
(  12.559s) [languageServer  ]     workspace_file.cpp:302   | > [WorkspaceFile] (start) 05_ESTOQUE/analise.prw (Open/Not Temp)
(  13.433s) [languageServer  ]        totvs_linter.cc:16    | linterParseDiagnostic: ANALISE.PRW:ANALISE.PRW(643)   For variable is not Local
(  13.435s) [languageServer  ]     workspace_file.cpp:428   | < [WorkspaceFile] (finish) d:/totvs 12/microsiga/protheus/projetovscode/05_ESTOQUE/analise.prw (87 ms)
(  13.435s) [languageServer  ]      message_handler.h:75    | < [textDocument/didOpen] (finish)  (87 ms)
(  13.435s) [languageServer  ]       queue_manager.cc:195   | Run finishied message method 'textDocument/didOpen'
(  13.436s) [languageServer  ]       queue_manager.cc:187   | Handler found for message method 'textDocument/didOpen'
(  13.436s) [languageServer  ]      message_handler.h:70    | > [textDocument/didOpen] (start) 
(  13.436s) [languageServer  ]     workspace_file.cpp:302   | > [WorkspaceFile] (start) 10_LIB/MSupPesq.prw (Open/Not Temp)
(  13.746s) [languageServer  ]     workspace_file.cpp:428   | < [WorkspaceFile] (finish) d:/totvs 12/microsiga/protheus/projetovscode/10_LIB/MSupPesq.prw (30 ms)
(  13.746s) [languageServer  ]      message_handler.h:75    | < [textDocument/didOpen] (finish)  (31 ms)
(  13.746s) [languageServer  ]       queue_manager.cc:195   | Run finishied message method 'textDocument/didOpen'
(  13.746s) [languageServer  ]       queue_manager.cc:187   | Handler found for message method 'textDocument/didOpen'
(  13.746s) [languageServer  ]      message_handler.h:70    | > [textDocument/didOpen] (start) 
(  13.746s) [languageServer  ]     workspace_file.cpp:302   | > [WorkspaceFile] (start) 06_FATURAMENTO/ChkSc2.prw (Open/Not Temp)
(  14.005s) [languageServer  ]     workspace_file.cpp:428   | < [WorkspaceFile] (finish) d:/totvs 12/microsiga/protheus/projetovscode/06_FATURAMENTO/ChkSc2.prw (25 ms)
(  14.005s) [languageServer  ]      message_handler.h:75    | < [textDocument/didOpen] (finish)  (25 ms)
(  14.005s) [languageServer  ]       queue_manager.cc:195   | Run finishied message method 'textDocument/didOpen'
(  14.005s) [languageServer  ]       queue_manager.cc:187   | Handler found for message method 'textDocument/didClose'
(  14.005s) [languageServer  ]      message_handler.h:70    | > [textDocument/didClose] (start) 
(  14.005s) [languageServer  ]     workspace_file.cpp:302   | > [WorkspaceFile] (start) 13_GESTAO_DE_PROJETOS/CTA100MNU.PRW (Not Open/Not Temp)
(  14.005s) [languageServer  ]     workspace_file.cpp:428   | < [WorkspaceFile] (finish) d:/totvs 12/microsiga/protheus/projetovscode/13_GESTAO_DE_PROJETOS/CTA100MNU.PRW (0 ms)
(  14.005s) [languageServer  ]      message_handler.h:75    | < [textDocument/didClose] (finish)  (0 ms)
(  14.005s) [languageServer  ]       queue_manager.cc:195   | Run finishied message method 'textDocument/didClose'
(  14.005s) [languageServer  ]       queue_manager.cc:187   | Handler found for message method 'textDocument/didClose'
(  14.005s) [languageServer  ]      message_handler.h:70    | > [textDocument/didClose] (start) 
(  14.005s) [languageServer  ]     workspace_file.cpp:302   | > [WorkspaceFile] (start) 06_FATURAMENTO_NOVO_COMERCIAL/MA410Leg.prw (Not Open/Not Temp)
(  14.005s) [languageServer  ]     workspace_file.cpp:428   | < [WorkspaceFile] (finish) d:/totvs 12/microsiga/protheus/projetovscode/06_FATURAMENTO_NOVO_COMERCIAL/MA410Leg.prw (0 ms)
(  14.005s) [languageServer  ]      message_handler.h:75    | < [textDocument/didClose] (finish)  (0 ms)
(  14.005s) [languageServer  ]       queue_manager.cc:195   | Run finishied message method 'textDocument/didClose'
(  14.005s) [languageServer  ]       queue_manager.cc:187   | Handler found for message method 'textDocument/didClose'
(  14.005s) [languageServer  ]      message_handler.h:70    | > [textDocument/didClose] (start) 
(  14.005s) [languageServer  ]     workspace_file.cpp:302   | > [WorkspaceFile] (start) 07_FINANCEIRO/AxCadZGN.PRW (Not Open/Not Temp)
(  14.005s) [languageServer  ]     workspace_file.cpp:428   | < [WorkspaceFile] (finish) d:/totvs 12/microsiga/protheus/projetovscode/07_FINANCEIRO/AxCadZGN.PRW (0 ms)
(  14.005s) [languageServer  ]      message_handler.h:75    | < [textDocument/didClose] (finish)  (0 ms)
(  14.005s) [languageServer  ]       queue_manager.cc:195   | Run finishied message method 'textDocument/didClose'
(  14.005s) [languageServer  ]       queue_manager.cc:187   | Handler found for message method 'textDocument/didClose'
(  14.005s) [languageServer  ]      message_handler.h:70    | > [textDocument/didClose] (start) 
(  14.005s) [languageServer  ]     workspace_file.cpp:302   | > [WorkspaceFile] (start) 07_FINANCEIRO/AxCadZGR.prw (Not Open/Not Temp)
(  14.006s) [languageServer  ]     workspace_file.cpp:428   | < [WorkspaceFile] (finish) d:/totvs 12/microsiga/protheus/projetovscode/07_FINANCEIRO/AxCadZGR.prw (0 ms)
(  14.006s) [languageServer  ]      message_handler.h:75    | < [textDocument/didClose] (finish)  (0 ms)
(  14.006s) [languageServer  ]       queue_manager.cc:195   | Run finishied message method 'textDocument/didClose'
(  14.006s) [languageServer  ]       queue_manager.cc:187   | Handler found for message method 'textDocument/didClose'
(  14.006s) [languageServer  ]      message_handler.h:70    | > [textDocument/didClose] (start) 
(  14.006s) [languageServer  ]     workspace_file.cpp:302   | > [WorkspaceFile] (start) 07_FINANCEIRO/AXLIMITGR.PRW (Not Open/Not Temp)
(  14.006s) [languageServer  ]     workspace_file.cpp:428   | < [WorkspaceFile] (finish) d:/totvs 12/microsiga/protheus/projetovscode/07_FINANCEIRO/AXLIMITGR.PRW (0 ms)
(  14.006s) [languageServer  ]      message_handler.h:75    | < [textDocument/didClose] (finish)  (0 ms)
(  14.006s) [languageServer  ]       queue_manager.cc:195   | Run finishied message method 'textDocument/didClose'
(  14.006s) [languageServer  ]       queue_manager.cc:187   | Handler found for message method 'textDocument/didClose'
(  14.006s) [languageServer  ]      message_handler.h:70    | > [textDocument/didClose] (start) 
(  14.006s) [languageServer  ]     workspace_file.cpp:302   | > [WorkspaceFile] (start) 07_FINANCEIRO/AXCLILIMIT.PRW (Not Open/Not Temp)
(  14.006s) [languageServer  ]     workspace_file.cpp:428   | < [WorkspaceFile] (finish) d:/totvs 12/microsiga/protheus/projetovscode/07_FINANCEIRO/AXCLILIMIT.PRW (0 ms)
(  14.006s) [languageServer  ]      message_handler.h:75    | < [textDocument/didClose] (finish)  (0 ms)
(  14.006s) [languageServer  ]       queue_manager.cc:195   | Run finishied message method 'textDocument/didClose'
(  14.006s) [languageServer  ]       queue_manager.cc:187   | Handler found for message method 'textDocument/didClose'
(  14.006s) [languageServer  ]      message_handler.h:70    | > [textDocument/didClose] (start) 
(  14.006s) [languageServer  ]     workspace_file.cpp:302   | > [WorkspaceFile] (start) 06_FATURAMENTO/CADPAIS.PRW (Not Open/Not Temp)
(  14.006s) [languageServer  ]     workspace_file.cpp:428   | < [WorkspaceFile] (finish) d:/totvs 12/microsiga/protheus/projetovscode/06_FATURAMENTO/CADPAIS.PRW (0 ms)
(  14.006s) [languageServer  ]      message_handler.h:75    | < [textDocument/didClose] (finish)  (0 ms)
(  14.006s) [languageServer  ]       queue_manager.cc:195   | Run finishied message method 'textDocument/didClose'
(  14.006s) [languageServer  ]       queue_manager.cc:187   | Handler found for message method 'textDocument/didClose'
(  14.006s) [languageServer  ]      message_handler.h:70    | > [textDocument/didClose] (start) 
(  14.006s) [languageServer  ]     workspace_file.cpp:302   | > [WorkspaceFile] (start) 07_FINANCEIRO/AXSEGURAR.PRW (Not Open/Not Temp)
(  14.006s) [languageServer  ]     workspace_file.cpp:428   | < [WorkspaceFile] (finish) d:/totvs 12/microsiga/protheus/projetovscode/07_FINANCEIRO/AXSEGURAR.PRW (0 ms)
(  14.006s) [languageServer  ]      message_handler.h:75    | < [textDocument/didClose] (finish)  (0 ms)
(  14.006s) [languageServer  ]       queue_manager.cc:195   | Run finishied message method 'textDocument/didClose'
(  14.006s) [languageServer  ]       queue_manager.cc:187   | Handler found for message method 'textDocument/didClose'
(  14.006s) [languageServer  ]      message_handler.h:70    | > [textDocument/didClose] (start) 
(  14.006s) [languageServer  ]     workspace_file.cpp:302   | > [WorkspaceFile] (start) 02_COMPRAS/MT094CPC .prw (Not Open/Not Temp)
(  14.006s) [languageServer  ]     workspace_file.cpp:428   | < [WorkspaceFile] (finish) d:/totvs 12/microsiga/protheus/projetovscode/02_COMPRAS/MT094CPC .prw (0 ms)
(  14.006s) [languageServer  ]      message_handler.h:75    | < [textDocument/didClose] (finish)  (0 ms)
(  14.006s) [languageServer  ]       queue_manager.cc:195   | Run finishied message method 'textDocument/didClose'
(  14.006s) [languageServer  ]       queue_manager.cc:187   | Handler found for message method 'textDocument/didClose'
(  14.006s) [languageServer  ]      message_handler.h:70    | > [textDocument/didClose] (start) 
(  14.006s) [languageServer  ]     workspace_file.cpp:302   | > [WorkspaceFile] (start) 00_REMOVER/GR_MA330D3.prw (Not Open/Not Temp)
(  14.006s) [languageServer  ]     workspace_file.cpp:428   | < [WorkspaceFile] (finish) d:/totvs 12/microsiga/protheus/projetovscode/00_REMOVER/GR_MA330D3.prw (0 ms)
(  14.006s) [languageServer  ]      message_handler.h:75    | < [textDocument/didClose] (finish)  (0 ms)
(  14.006s) [languageServer  ]       queue_manager.cc:195   | Run finishied message method 'textDocument/didClose'
(  14.006s) [languageServer  ]       queue_manager.cc:187   | Handler found for message method 'textDocument/didOpen'
(  14.006s) [languageServer  ]      message_handler.h:70    | > [textDocument/didOpen] (start) 
(  14.007s) [languageServer  ]     workspace_file.cpp:302   | > [WorkspaceFile] (start) 07_FINANCEIRO/F050BROW.prw (Open/Not Temp)
(  14.245s) [languageServer  ]     workspace_file.cpp:428   | < [WorkspaceFile] (finish) d:/totvs 12/microsiga/protheus/projetovscode/07_FINANCEIRO/F050BROW.prw (23 ms)
(  14.245s) [languageServer  ]      message_handler.h:75    | < [textDocument/didOpen] (finish)  (23 ms)
(  14.245s) [languageServer  ]       queue_manager.cc:195   | Run finishied message method 'textDocument/didOpen'
(  14.245s) [languageServer  ]       queue_manager.cc:187   | Handler found for message method 'textDocument/didOpen'
(  14.245s) [languageServer  ]      message_handler.h:70    | > [textDocument/didOpen] (start) 
(  14.245s) [languageServer  ]     workspace_file.cpp:302   | > [WorkspaceFile] (start) 05_ESTOQUE/A330DECC.prw (Open/Not Temp)
(  14.451s) [languageServer  ]     workspace_file.cpp:428   | < [WorkspaceFile] (finish) d:/totvs 12/microsiga/protheus/projetovscode/05_ESTOQUE/A330DECC.prw (20 ms)
(  14.451s) [languageServer  ]      message_handler.h:75    | < [textDocument/didOpen] (finish)  (20 ms)
(  14.451s) [languageServer  ]       queue_manager.cc:195   | Run finishied message method 'textDocument/didOpen'
(  14.451s) [languageServer  ]       queue_manager.cc:187   | Handler found for message method 'textDocument/didOpen'
(  14.451s) [languageServer  ]      message_handler.h:70    | > [textDocument/didOpen] (start) 
(  14.451s) [languageServer  ]     workspace_file.cpp:302   | > [WorkspaceFile] (start) 02_COMPRAS/ImpSDQ.prw (Open/Not Temp)
(  14.703s) [languageServer  ]        totvs_linter.cc:16    | linterParseDiagnostic: 
IMPSDQ.PRW(77) warning W0018 Unsupported assign to function call. This warning may be an error in future version.
IMPSDQ.PRW(56) warning W0003 Local variable NBTLIDOS never used
IMPSDQ.PRW(56) warning W0003 Local variable NTAMFILE never used
IMPSDQ.PRW(56) warning W0003 Local variable NTAMLIN never used
(  14.704s) [languageServer  ]     workspace_file.cpp:428   | < [WorkspaceFile] (finish) d:/totvs 12/microsiga/protheus/projetovscode/02_COMPRAS/ImpSDQ.prw (25 ms)
(  14.704s) [languageServer  ]      message_handler.h:75    | < [textDocument/didOpen] (finish)  (25 ms)
(  14.704s) [languageServer  ]       queue_manager.cc:195   | Run finishied message method 'textDocument/didOpen'
(  14.704s) [languageServer  ]       queue_manager.cc:187   | Handler found for message method 'textDocument/didOpen'
(  14.704s) [languageServer  ]      message_handler.h:70    | > [textDocument/didOpen] (start) 
(  14.704s) [languageServer  ]     workspace_file.cpp:302   | > [WorkspaceFile] (start) 07_FINANCEIRO/F040PCO.PRW (Open/Not Temp)
(  14.938s) [languageServer  ]     workspace_file.cpp:428   | < [WorkspaceFile] (finish) d:/totvs 12/microsiga/protheus/projetovscode/07_FINANCEIRO/F040PCO.PRW (23 ms)
(  14.938s) [languageServer  ]      message_handler.h:75    | < [textDocument/didOpen] (finish)  (23 ms)
(  14.938s) [languageServer  ]       queue_manager.cc:195   | Run finishied message method 'textDocument/didOpen'
(  14.938s) [languageServer  ]       queue_manager.cc:187   | Handler found for message method 'textDocument/didOpen'
(  14.938s) [languageServer  ]      message_handler.h:70    | > [textDocument/didOpen] (start) 
(  14.939s) [languageServer  ]     workspace_file.cpp:302   | > [WorkspaceFile] (start) 10_LIB/FONTE_GR/GROA056.PRW (Open/Not Temp)
(  15.313s) [languageServer  ]        totvs_linter.cc:16    | linterParseDiagnostic: 
GROA056.PRW(139) warning W0003 Local variable AEDITPED never used
GROA056.PRW(140) warning W0003 Local variable NX never used
GROA056.PRW(190) warning W0003 Local variable CFILINTER never used
GROA056.PRW(401) warning W0003 Local variable NPESOBRU never used
GROA056.PRW(400) warning W0003 Local variable NPESOLIQ never used
GROA056.PRW(392) warning W0003 Local variable NPOSRES never used
GROA056.PRW(685) warning W0003 Local variable OSTMASTER never used
GROA056.PRW(690) warning W0003 Local variable QQUERY never used
GROA056.PRW(808) warning W0003 Local variable QQUERY never used
GROA056.PRW(1188) warning W0003 Local variable OVIEW never used
GROA056.PRW(1253) warning W0003 Local variable QSQUERY never used
GROA056.PRW(1318) warning W0003 Local variable QQUEEST never used
(  15.324s) [languageServer  ]     workspace_file.cpp:428   | < [WorkspaceFile] (finish) d:/totvs 12/microsiga/protheus/projetovscode/10_LIB/FONTE_GR/GROA056.PRW (38 ms)
(  15.324s) [languageServer  ]      message_handler.h:75    | < [textDocument/didOpen] (finish)  (38 ms)
(  15.324s) [languageServer  ]       queue_manager.cc:195   | Run finishied message method 'textDocument/didOpen'
(  15.325s) [languageServer  ]       queue_manager.cc:187   | Handler found for message method 'textDocument/didOpen'
(  15.325s) [languageServer  ]      message_handler.h:70    | > [textDocument/didOpen] (start) 
(  15.325s) [languageServer  ]     workspace_file.cpp:302   | > [WorkspaceFile] (start) 07_FINANCEIRO/BLQFINA.PRW (Open/Not Temp)
(  15.540s) [languageServer  ]     workspace_file.cpp:428   | < [WorkspaceFile] (finish) d:/totvs 12/microsiga/protheus/projetovscode/07_FINANCEIRO/BLQFINA.PRW (21 ms)
(  15.540s) [languageServer  ]      message_handler.h:75    | < [textDocument/didOpen] (finish)  (21 ms)
(  15.540s) [languageServer  ]       queue_manager.cc:195   | Run finishied message method 'textDocument/didOpen'
(  15.540s) [languageServer  ]       queue_manager.cc:187   | Handler found for message method 'textDocument/didOpen'
(  15.540s) [languageServer  ]      message_handler.h:70    | > [textDocument/didOpen] (start) 
(  15.540s) [languageServer  ]     workspace_file.cpp:302   | > [WorkspaceFile] (start) 10_LIB/MLIMPAMASK.PRW (Open/Not Temp)
(  15.791s) [languageServer  ]     workspace_file.cpp:428   | < [WorkspaceFile] (finish) d:/totvs 12/microsiga/protheus/projetovscode/10_LIB/MLIMPAMASK.PRW (25 ms)
(  15.791s) [languageServer  ]      message_handler.h:75    | < [textDocument/didOpen] (finish)  (25 ms)
(  15.791s) [languageServer  ]       queue_manager.cc:195   | Run finishied message method 'textDocument/didOpen'
(  15.791s) [languageServer  ]       queue_manager.cc:187   | Handler found for message method 'textDocument/didOpen'
(  15.791s) [languageServer  ]      message_handler.h:70    | > [textDocument/didOpen] (start) 
(  15.791s) [languageServer  ]     workspace_file.cpp:302   | > [WorkspaceFile] (start) 02_COMPRAS/IMPPC.PRW (Open/Not Temp)
(  16.026s) [languageServer  ]        totvs_linter.cc:16    | linterParseDiagnostic: 
IMPPC.PRW(27) warning W0003 Local variable ASUBMNU never used
(  16.029s) [languageServer  ]     workspace_file.cpp:428   | < [WorkspaceFile] (finish) d:/totvs 12/microsiga/protheus/projetovscode/02_COMPRAS/IMPPC.PRW (23 ms)
(  16.029s) [languageServer  ]      message_handler.h:75    | < [textDocument/didOpen] (finish)  (23 ms)
(  16.029s) [languageServer  ]       queue_manager.cc:195   | Run finishied message method 'textDocument/didOpen'
(  16.029s) [languageServer  ]       queue_manager.cc:187   | Handler found for message method 'textDocument/didOpen'
(  16.029s) [languageServer  ]      message_handler.h:70    | > [textDocument/didOpen] (start) 
(  16.029s) [languageServer  ]     workspace_file.cpp:302   | > [WorkspaceFile] (start) 10_LIB/MWHASTSSEND.PRW (Open/Not Temp)
(  16.248s) [languageServer  ]     workspace_file.cpp:428   | < [WorkspaceFile] (finish) d:/totvs 12/microsiga/protheus/projetovscode/10_LIB/MWHASTSSEND.PRW (21 ms)
(  16.248s) [languageServer  ]      message_handler.h:75    | < [textDocument/didOpen] (finish)  (21 ms)
(  16.248s) [languageServer  ]       queue_manager.cc:195   | Run finishied message method 'textDocument/didOpen'
(  16.248s) [languageServer  ]       queue_manager.cc:187   | Handler found for message method 'textDocument/didOpen'
(  16.248s) [languageServer  ]      message_handler.h:70    | > [textDocument/didOpen] (start) 
(  16.248s) [languageServer  ]     workspace_file.cpp:302   | > [WorkspaceFile] (start) 10_LIB/MCONTNUM.PRW (Open/Not Temp)
(  16.483s) [languageServer  ]     workspace_file.cpp:428   | < [WorkspaceFile] (finish) d:/totvs 12/microsiga/protheus/projetovscode/10_LIB/MCONTNUM.PRW (23 ms)
(  16.483s) [languageServer  ]      message_handler.h:75    | < [textDocument/didOpen] (finish)  (23 ms)
(  16.483s) [languageServer  ]       queue_manager.cc:195   | Run finishied message method 'textDocument/didOpen'
(  16.483s) [languageServer  ]       queue_manager.cc:187   | Handler found for message method 'textDocument/didClose'
(  16.483s) [languageServer  ]      message_handler.h:70    | > [textDocument/didClose] (start) 
(  16.483s) [languageServer  ]     workspace_file.cpp:302   | > [WorkspaceFile] (start) 00_REMOVER/GR_MA330TRB.prw (Not Open/Not Temp)
(  16.483s) [languageServer  ]     workspace_file.cpp:428   | < [WorkspaceFile] (finish) d:/totvs 12/microsiga/protheus/projetovscode/00_REMOVER/GR_MA330TRB.prw (0 ms)
(  16.483s) [languageServer  ]      message_handler.h:75    | < [textDocument/didClose] (finish)  (0 ms)
(  16.483s) [languageServer  ]       queue_manager.cc:195   | Run finishied message method 'textDocument/didClose'
(  16.483s) [languageServer  ]       queue_manager.cc:187   | Handler found for message method 'textDocument/didClose'
(  16.483s) [languageServer  ]      message_handler.h:70    | > [textDocument/didClose] (start) 
(  16.483s) [languageServer  ]     workspace_file.cpp:302   | > [WorkspaceFile] (start) 00_REMOVER/GR_MA330D2.prw (Not Open/Not Temp)
(  16.483s) [languageServer  ]     workspace_file.cpp:428   | < [WorkspaceFile] (finish) d:/totvs 12/microsiga/protheus/projetovscode/00_REMOVER/GR_MA330D2.prw (0 ms)
(  16.483s) [languageServer  ]      message_handler.h:75    | < [textDocument/didClose] (finish)  (0 ms)
(  16.483s) [languageServer  ]       queue_manager.cc:195   | Run finishied message method 'textDocument/didClose'
(  16.483s) [languageServer  ]       queue_manager.cc:187   | Handler found for message method 'textDocument/didClose'
(  16.483s) [languageServer  ]      message_handler.h:70    | > [textDocument/didClose] (start) 
(  16.483s) [languageServer  ]     workspace_file.cpp:302   | > [WorkspaceFile] (start) 00_REMOVER/GR_MA330D1.prw (Not Open/Not Temp)
(  16.483s) [languageServer  ]     workspace_file.cpp:428   | < [WorkspaceFile] (finish) d:/totvs 12/microsiga/protheus/projetovscode/00_REMOVER/GR_MA330D1.prw (0 ms)
(  16.483s) [languageServer  ]      message_handler.h:75    | < [textDocument/didClose] (finish)  (0 ms)
(  16.483s) [languageServer  ]       queue_manager.cc:195   | Run finishied message method 'textDocument/didClose'
(  16.483s) [languageServer  ]       queue_manager.cc:187   | Handler found for message method 'textDocument/didClose'
(  16.483s) [languageServer  ]      message_handler.h:70    | > [textDocument/didClose] (start) 
(  16.483s) [languageServer  ]     workspace_file.cpp:302   | > [WorkspaceFile] (start) 02_COMPRAS/NFORZ2.prw (Not Open/Not Temp)
(  16.484s) [languageServer  ]     workspace_file.cpp:428   | < [WorkspaceFile] (finish) d:/totvs 12/microsiga/protheus/projetovscode/02_COMPRAS/NFORZ2.prw (0 ms)
(  16.484s) [languageServer  ]      message_handler.h:75    | < [textDocument/didClose] (finish)  (0 ms)
(  16.484s) [languageServer  ]       queue_manager.cc:195   | Run finishied message method 'textDocument/didClose'
(  16.484s) [languageServer  ]       queue_manager.cc:187   | Handler found for message method 'textDocument/didClose'
(  16.484s) [languageServer  ]      message_handler.h:70    | > [textDocument/didClose] (start) 
(  16.484s) [languageServer  ]     workspace_file.cpp:302   | > [WorkspaceFile] (start) 00_REMOVER/GR_MA330C3.prw (Not Open/Not Temp)
(  16.484s) [languageServer  ]     workspace_file.cpp:428   | < [WorkspaceFile] (finish) d:/totvs 12/microsiga/protheus/projetovscode/00_REMOVER/GR_MA330C3.prw (0 ms)
(  16.484s) [languageServer  ]      message_handler.h:75    | < [textDocument/didClose] (finish)  (0 ms)
(  16.484s) [languageServer  ]       queue_manager.cc:195   | Run finishied message method 'textDocument/didClose'
(  16.484s) [languageServer  ]       queue_manager.cc:187   | Handler found for message method 'textDocument/didClose'
(  16.484s) [languageServer  ]      message_handler.h:70    | > [textDocument/didClose] (start) 
(  16.484s) [languageServer  ]     workspace_file.cpp:302   | > [WorkspaceFile] (start) 01_SOMENTE_ITINGA/MT140LOK.prw (Not Open/Not Temp)
(  16.484s) [languageServer  ]     workspace_file.cpp:428   | < [WorkspaceFile] (finish) d:/totvs 12/microsiga/protheus/projetovscode/01_SOMENTE_ITINGA/MT140LOK.prw (0 ms)
(  16.484s) [languageServer  ]      message_handler.h:75    | < [textDocument/didClose] (finish)  (0 ms)
(  16.484s) [languageServer  ]       queue_manager.cc:195   | Run finishied message method 'textDocument/didClose'
(  16.484s) [languageServer  ]       queue_manager.cc:187   | Handler found for message method 'textDocument/didClose'
(  16.484s) [languageServer  ]      message_handler.h:70    | > [textDocument/didClose] (start) 
(  16.484s) [languageServer  ]     workspace_file.cpp:302   | > [WorkspaceFile] (start) 02_COMPRAS/NFORE2.prw (Not Open/Not Temp)
(  16.484s) [languageServer  ]     workspace_file.cpp:428   | < [WorkspaceFile] (finish) d:/totvs 12/microsiga/protheus/projetovscode/02_COMPRAS/NFORE2.prw (0 ms)
(  16.484s) [languageServer  ]      message_handler.h:75    | < [textDocument/didClose] (finish)  (0 ms)
(  16.484s) [languageServer  ]       queue_manager.cc:195   | Run finishied message method 'textDocument/didClose'
(  16.484s) [languageServer  ]       queue_manager.cc:187   | Handler found for message method 'textDocument/didClose'
(  16.484s) [languageServer  ]      message_handler.h:70    | > [textDocument/didClose] (start) 
(  16.484s) [languageServer  ]     workspace_file.cpp:302   | > [WorkspaceFile] (start) 00_REMOVER/GR_MA2802FI.prw (Not Open/Not Temp)
(  16.484s) [languageServer  ]     workspace_file.cpp:428   | < [WorkspaceFile] (finish) d:/totvs 12/microsiga/protheus/projetovscode/00_REMOVER/GR_MA2802FI.prw (0 ms)
(  16.484s) [languageServer  ]      message_handler.h:75    | < [textDocument/didClose] (finish)  (0 ms)
(  16.484s) [languageServer  ]       queue_manager.cc:195   | Run finishied message method 'textDocument/didClose'
(  16.484s) [languageServer  ]       queue_manager.cc:187   | Handler found for message method 'textDocument/didClose'
(  16.484s) [languageServer  ]      message_handler.h:70    | > [textDocument/didClose] (start) 
(  16.484s) [languageServer  ]     workspace_file.cpp:302   | > [WorkspaceFile] (start) 02_COMPRAS/NFORC7.prw (Not Open/Not Temp)
(  16.484s) [languageServer  ]     workspace_file.cpp:428   | < [WorkspaceFile] (finish) d:/totvs 12/microsiga/protheus/projetovscode/02_COMPRAS/NFORC7.prw (0 ms)
(  16.484s) [languageServer  ]      message_handler.h:75    | < [textDocument/didClose] (finish)  (0 ms)
(  16.484s) [languageServer  ]       queue_manager.cc:195   | Run finishied message method 'textDocument/didClose'
(  16.484s) [languageServer  ]       queue_manager.cc:187   | Handler found for message method 'textDocument/didClose'
(  16.484s) [languageServer  ]      message_handler.h:70    | > [textDocument/didClose] (start) 
(  16.484s) [languageServer  ]     workspace_file.cpp:302   | > [WorkspaceFile] (start) 00_REMOVER/TOTVSES.PRW (Not Open/Not Temp)
(  16.484s) [languageServer  ]     workspace_file.cpp:428   | < [WorkspaceFile] (finish) d:/totvs 12/microsiga/protheus/projetovscode/00_REMOVER/TOTVSES.PRW (0 ms)
(  16.484s) [languageServer  ]      message_handler.h:75    | < [textDocument/didClose] (finish)  (0 ms)
(  16.484s) [languageServer  ]       queue_manager.cc:195   | Run finishied message method 'textDocument/didClose'
(  16.484s) [languageServer  ]       queue_manager.cc:187   | Handler found for message method 'textDocument/didOpen'
(  16.484s) [languageServer  ]      message_handler.h:70    | > [textDocument/didOpen] (start) 
(  16.484s) [languageServer  ]     workspace_file.cpp:302   | > [WorkspaceFile] (start) 07_FINANCEIRO/F380RECO.prw (Open/Not Temp)
(  16.711s) [languageServer  ]     workspace_file.cpp:428   | < [WorkspaceFile] (finish) d:/totvs 12/microsiga/protheus/projetovscode/07_FINANCEIRO/F380RECO.prw (22 ms)
(  16.711s) [languageServer  ]      message_handler.h:75    | < [textDocument/didOpen] (finish)  (22 ms)
(  16.711s) [languageServer  ]       queue_manager.cc:195   | Run finishied message method 'textDocument/didOpen'
(  16.711s) [languageServer  ]       queue_manager.cc:187   | Handler found for message method 'textDocument/didOpen'
(  16.711s) [languageServer  ]      message_handler.h:70    | > [textDocument/didOpen] (start) 
(  16.711s) [languageServer  ]     workspace_file.cpp:302   | > [WorkspaceFile] (start) 10_LIB/Testasx1.prw (Open/Not Temp)
(  16.945s) [languageServer  ]        totvs_linter.cc:16    | linterParseDiagnostic: TESTASX1.PRW:TESTASX1.PRW(62)   For variable is not Local
(  16.946s) [languageServer  ]     workspace_file.cpp:428   | < [WorkspaceFile] (finish) d:/totvs 12/microsiga/protheus/projetovscode/10_LIB/Testasx1.prw (23 ms)
(  16.946s) [languageServer  ]      message_handler.h:75    | < [textDocument/didOpen] (finish)  (23 ms)
(  16.946s) [languageServer  ]       queue_manager.cc:195   | Run finishied message method 'textDocument/didOpen'
(  16.946s) [languageServer  ]       queue_manager.cc:187   | Handler found for message method 'textDocument/didOpen'
(  16.946s) [languageServer  ]      message_handler.h:70    | > [textDocument/didOpen] (start) 
(  16.946s) [languageServer  ]     workspace_file.cpp:302   | > [WorkspaceFile] (start) 05_ESTOQUE/cmatr285.prx (Open/Not Temp)
(  17.332s) [languageServer  ]        totvs_linter.cc:16    | linterParseDiagnostic: 
CMATR285.PRX(18) warning W0003 Local variable OREPORT never used
CMATR285.PRX(170) warning W0003 Local variable CNOMARQ never used
CMATR285.PRX(571) warning W0003 Local variable NTIPO never used
(  17.344s) [languageServer  ]     workspace_file.cpp:428   | < [WorkspaceFile] (finish) d:/totvs 12/microsiga/protheus/projetovscode/05_ESTOQUE/cmatr285.prx (39 ms)
(  17.344s) [languageServer  ]      message_handler.h:75    | < [textDocument/didOpen] (finish)  (39 ms)
(  17.344s) [languageServer  ]       queue_manager.cc:195   | Run finishied message method 'textDocument/didOpen'
(  17.344s) [languageServer  ]       queue_manager.cc:187   | Handler found for message method 'textDocument/didOpen'
(  17.344s) [languageServer  ]      message_handler.h:70    | > [textDocument/didOpen] (start) 
(  17.345s) [languageServer  ]     workspace_file.cpp:302   | > [WorkspaceFile] (start) 12_WEBSERVICE/webbaixaest.prw (Open/Not Temp)
(  17.625s) [languageServer  ]     workspace_file.cpp:428   | < [WorkspaceFile] (finish) d:/totvs 12/microsiga/protheus/projetovscode/12_WEBSERVICE/webbaixaest.prw (27 ms)
(  17.625s) [languageServer  ]      message_handler.h:75    | < [textDocument/didOpen] (finish)  (28 ms)
(  17.625s) [languageServer  ]       queue_manager.cc:195   | Run finishied message method 'textDocument/didOpen'
(  17.625s) [languageServer  ]       queue_manager.cc:187   | Handler found for message method 'textDocument/didOpen'
(  17.625s) [languageServer  ]      message_handler.h:70    | > [textDocument/didOpen] (start) 
(  17.625s) [languageServer  ]     workspace_file.cpp:302   | > [WorkspaceFile] (start) 02_COMPRAS/MT100LOK.prw (Open/Not Temp)
(  17.737s) [languageServer  ]        totvs_linter.cc:16    | linterParseDiagnostic: 
MT100LOK.PRW(30) warning W0008 Too few parameters calling MsgYesNo
MT100LOK.PRW(17) warning W0003 Local variable IXD never used
(  17.738s) [languageServer  ]     workspace_file.cpp:428   | < [WorkspaceFile] (finish) d:/totvs 12/microsiga/protheus/projetovscode/02_COMPRAS/MT100LOK.prw (11 ms)
(  17.739s) [languageServer  ]      message_handler.h:75    | < [textDocument/didOpen] (finish)  (11 ms)
(  17.739s) [languageServer  ]       queue_manager.cc:195   | Run finishied message method 'textDocument/didOpen'
(  17.739s) [languageServer  ]       queue_manager.cc:187   | Handler found for message method 'textDocument/didOpen'
(  17.739s) [languageServer  ]      message_handler.h:70    | > [textDocument/didOpen] (start) 
(  17.739s) [languageServer  ]     workspace_file.cpp:302   | > [WorkspaceFile] (start) 07_FINANCEIRO/F380CPOS.PRW (Open/Not Temp)
(  17.956s) [languageServer  ]     workspace_file.cpp:428   | < [WorkspaceFile] (finish) d:/totvs 12/microsiga/protheus/projetovscode/07_FINANCEIRO/F380CPOS.PRW (21 ms)
(  17.956s) [languageServer  ]      message_handler.h:75    | < [textDocument/didOpen] (finish)  (21 ms)
(  17.956s) [languageServer  ]       queue_manager.cc:195   | Run finishied message method 'textDocument/didOpen'
(  17.956s) [languageServer  ]       queue_manager.cc:187   | Handler found for message method 'textDocument/didOpen'
(  17.956s) [languageServer  ]      message_handler.h:70    | > [textDocument/didOpen] (start) 
(  17.956s) [languageServer  ]     workspace_file.cpp:302   | > [WorkspaceFile] (start) 10_LIB/SWWINWP.PRW (Open/Not Temp)
(  18.172s) [languageServer  ]     workspace_file.cpp:428   | < [WorkspaceFile] (finish) d:/totvs 12/microsiga/protheus/projetovscode/10_LIB/SWWINWP.PRW (21 ms)
(  18.172s) [languageServer  ]      message_handler.h:75    | < [textDocument/didOpen] (finish)  (21 ms)
(  18.172s) [languageServer  ]       queue_manager.cc:195   | Run finishied message method 'textDocument/didOpen'
(  18.172s) [languageServer  ]       queue_manager.cc:187   | Handler found for message method 'textDocument/didOpen'
(  18.173s) [languageServer  ]      message_handler.h:70    | > [textDocument/didOpen] (start) 
(  18.173s) [languageServer  ]     workspace_file.cpp:302   | > [WorkspaceFile] (start) 10_LIB/SWCLASSWP.PRW (Open/Not Temp)
(  18.391s) [languageServer  ]     workspace_file.cpp:428   | < [WorkspaceFile] (finish) d:/totvs 12/microsiga/protheus/projetovscode/10_LIB/SWCLASSWP.PRW (21 ms)
(  18.391s) [languageServer  ]      message_handler.h:75    | < [textDocument/didOpen] (finish)  (21 ms)
(  18.391s) [languageServer  ]       queue_manager.cc:195   | Run finishied message method 'textDocument/didOpen'
(  18.391s) [languageServer  ]       queue_manager.cc:187   | Handler found for message method 'textDocument/didOpen'
(  18.391s) [languageServer  ]      message_handler.h:70    | > [textDocument/didOpen] (start) 
(  18.391s) [languageServer  ]     workspace_file.cpp:302   | > [WorkspaceFile] (start) 07_FINANCEIRO/F070BTOK.prw (Open/Not Temp)
(  18.684s) [languageServer  ]        totvs_linter.cc:16    | linterParseDiagnostic: 
F070BTOK.PRW(317) warning W0003 Local variable CQUERY never used
F070BTOK.PRW(635) warning W0003 Local variable LNDELE never used
F070BTOK.PRW(628) warning W0003 Local variable NEDIT31 never used
F070BTOK.PRW(631) warning W0003 Local variable NEDIT41 never used
F070BTOK.PRW(629) warning W0003 Local variable OEDIT31 never used
F070BTOK.PRW(632) warning W0003 Local variable OEDIT41 never used
(  18.689s) [languageServer  ]     workspace_file.cpp:428   | < [WorkspaceFile] (finish) d:/totvs 12/microsiga/protheus/projetovscode/07_FINANCEIRO/F070BTOK.prw (29 ms)
(  18.689s) [languageServer  ]      message_handler.h:75    | < [textDocument/didOpen] (finish)  (29 ms)
(  18.689s) [languageServer  ]       queue_manager.cc:195   | Run finishied message method 'textDocument/didOpen'
(  18.689s) [languageServer  ]       queue_manager.cc:187   | Handler found for message method 'textDocument/didOpen'
(  18.689s) [languageServer  ]      message_handler.h:70    | > [textDocument/didOpen] (start) 
(  18.689s) [languageServer  ]     workspace_file.cpp:302   | > [WorkspaceFile] (start) 05_ESTOQUE/CCUSTO_MVC.prw (Open/Not Temp)
(  19.004s) [languageServer  ]     workspace_file.cpp:428   | < [WorkspaceFile] (finish) d:/totvs 12/microsiga/protheus/projetovscode/05_ESTOQUE/CCUSTO_MVC.prw (31 ms)
(  19.004s) [languageServer  ]      message_handler.h:75    | < [textDocument/didOpen] (finish)  (31 ms)
(  19.004s) [languageServer  ]       queue_manager.cc:195   | Run finishied message method 'textDocument/didOpen'
(  19.004s) [languageServer  ]       queue_manager.cc:187   | Handler found for message method 'textDocument/didClose'
(  19.004s) [languageServer  ]      message_handler.h:70    | > [textDocument/didClose] (start) 
(  19.004s) [languageServer  ]     workspace_file.cpp:302   | > [WorkspaceFile] (start) 08_GRPLUS/GMOVPOSP.prw (Not Open/Not Temp)
(  19.004s) [languageServer  ]     workspace_file.cpp:428   | < [WorkspaceFile] (finish) d:/totvs 12/microsiga/protheus/projetovscode/08_GRPLUS/GMOVPOSP.prw (0 ms)
(  19.004s) [languageServer  ]      message_handler.h:75    | < [textDocument/didClose] (finish)  (0 ms)
(  19.004s) [languageServer  ]       queue_manager.cc:195   | Run finishied message method 'textDocument/didClose'
(  19.004s) [languageServer  ]       queue_manager.cc:187   | Handler found for message method 'textDocument/didClose'
(  19.004s) [languageServer  ]      message_handler.h:70    | > [textDocument/didClose] (start) 
(  19.004s) [languageServer  ]     workspace_file.cpp:302   | > [WorkspaceFile] (start) 08_GRPLUS/GR058SQL.PRW (Not Open/Not Temp)
(  19.004s) [languageServer  ]     workspace_file.cpp:428   | < [WorkspaceFile] (finish) d:/totvs 12/microsiga/protheus/projetovscode/08_GRPLUS/GR058SQL.PRW (0 ms)
(  19.004s) [languageServer  ]      message_handler.h:75    | < [textDocument/didClose] (finish)  (0 ms)
(  19.004s) [languageServer  ]       queue_manager.cc:195   | Run finishied message method 'textDocument/didClose'
(  19.004s) [languageServer  ]       queue_manager.cc:187   | Handler found for message method 'textDocument/didClose'
(  19.004s) [languageServer  ]      message_handler.h:70    | > [textDocument/didClose] (start) 
(  19.004s) [languageServer  ]     workspace_file.cpp:302   | > [WorkspaceFile] (start) 03_CONEXÃONFE/MT103IP2.prw (Not Open/Not Temp)
(  19.004s) [languageServer  ]     workspace_file.cpp:428   | < [WorkspaceFile] (finish) d:/totvs 12/microsiga/protheus/projetovscode/03_CONEXÃONFE/MT103IP2.prw (0 ms)
(  19.004s) [languageServer  ]      message_handler.h:75    | < [textDocument/didClose] (finish)  (0 ms)
(  19.004s) [languageServer  ]       queue_manager.cc:195   | Run finishied message method 'textDocument/didClose'
(  19.004s) [languageServer  ]       queue_manager.cc:187   | Handler found for message method 'textDocument/didClose'
(  19.004s) [languageServer  ]      message_handler.h:70    | > [textDocument/didClose] (start) 
(  19.004s) [languageServer  ]     workspace_file.cpp:302   | > [WorkspaceFile] (start) 03_CONEXÃONFE/MT140TOK.prw (Not Open/Not Temp)
(  19.004s) [languageServer  ]     workspace_file.cpp:428   | < [WorkspaceFile] (finish) d:/totvs 12/microsiga/protheus/projetovscode/03_CONEXÃONFE/MT140TOK.prw (0 ms)
(  19.004s) [languageServer  ]      message_handler.h:75    | < [textDocument/didClose] (finish)  (0 ms)
(  19.004s) [languageServer  ]       queue_manager.cc:195   | Run finishied message method 'textDocument/didClose'
(  19.004s) [languageServer  ]       queue_manager.cc:187   | Handler found for message method 'textDocument/didClose'
(  19.004s) [languageServer  ]      message_handler.h:70    | > [textDocument/didClose] (start) 
(  19.004s) [languageServer  ]     workspace_file.cpp:302   | > [WorkspaceFile] (start) 03_CONEXÃONFE/MT140LOK.prw (Not Open/Not Temp)
(  19.004s) [languageServer  ]     workspace_file.cpp:428   | < [WorkspaceFile] (finish) d:/totvs 12/microsiga/protheus/projetovscode/03_CONEXÃONFE/MT140LOK.prw (0 ms)
(  19.005s) [languageServer  ]      message_handler.h:75    | < [textDocument/didClose] (finish)  (0 ms)
(  19.005s) [languageServer  ]       queue_manager.cc:195   | Run finishied message method 'textDocument/didClose'
(  19.005s) [languageServer  ]       queue_manager.cc:187   | Handler found for message method 'textDocument/didClose'
(  19.005s) [languageServer  ]      message_handler.h:70    | > [textDocument/didClose] (start) 
(  19.005s) [languageServer  ]     workspace_file.cpp:302   | > [WorkspaceFile] (start) 03_CONEXÃONFE/MT116GRV.PRW (Not Open/Not Temp)
(  19.005s) [languageServer  ]     workspace_file.cpp:428   | < [WorkspaceFile] (finish) d:/totvs 12/microsiga/protheus/projetovscode/03_CONEXÃONFE/MT116GRV.PRW (0 ms)
(  19.005s) [languageServer  ]      message_handler.h:75    | < [textDocument/didClose] (finish)  (0 ms)
(  19.005s) [languageServer  ]       queue_manager.cc:195   | Run finishied message method 'textDocument/didClose'
(  19.005s) [languageServer  ]       queue_manager.cc:187   | Handler found for message method 'textDocument/didClose'
(  19.005s) [languageServer  ]      message_handler.h:70    | > [textDocument/didClose] (start) 
(  19.005s) [languageServer  ]     workspace_file.cpp:302   | > [WorkspaceFile] (start) 03_CONEXÃONFE/MT116AGR.prw (Not Open/Not Temp)
(  19.005s) [languageServer  ]     workspace_file.cpp:428   | < [WorkspaceFile] (finish) d:/totvs 12/microsiga/protheus/projetovscode/03_CONEXÃONFE/MT116AGR.prw (0 ms)
(  19.005s) [languageServer  ]      message_handler.h:75    | < [textDocument/didClose] (finish)  (0 ms)
(  19.005s) [languageServer  ]       queue_manager.cc:195   | Run finishied message method 'textDocument/didClose'
(  19.005s) [languageServer  ]       queue_manager.cc:187   | Handler found for message method 'textDocument/didClose'
(  19.005s) [languageServer  ]      message_handler.h:70    | > [textDocument/didClose] (start) 
(  19.005s) [languageServer  ]     workspace_file.cpp:302   | > [WorkspaceFile] (start) 08_GRPLUS/proformaInvoice.prx (Not Open/Not Temp)
(  19.005s) [languageServer  ]     workspace_file.cpp:428   | < [WorkspaceFile] (finish) d:/totvs 12/microsiga/protheus/projetovscode/08_GRPLUS/proformaInvoice.prx (0 ms)
(  19.005s) [languageServer  ]      message_handler.h:75    | < [textDocument/didClose] (finish)  (0 ms)
(  19.005s) [languageServer  ]       queue_manager.cc:195   | Run finishied message method 'textDocument/didClose'
(  19.005s) [languageServer  ]       queue_manager.cc:187   | Handler found for message method 'textDocument/didClose'
(  19.005s) [languageServer  ]      message_handler.h:70    | > [textDocument/didClose] (start) 
(  19.005s) [languageServer  ]     workspace_file.cpp:302   | > [WorkspaceFile] (start) 03_CONEXÃONFE/MT103CPS.PRW (Not Open/Not Temp)
(  19.005s) [languageServer  ]     workspace_file.cpp:428   | < [WorkspaceFile] (finish) d:/totvs 12/microsiga/protheus/projetovscode/03_CONEXÃONFE/MT103CPS.PRW (0 ms)
(  19.005s) [languageServer  ]      message_handler.h:75    | < [textDocument/didClose] (finish)  (0 ms)
(  19.005s) [languageServer  ]       queue_manager.cc:195   | Run finishied message method 'textDocument/didClose'
(  19.005s) [languageServer  ]       queue_manager.cc:187   | Handler found for message method 'textDocument/didClose'
(  19.005s) [languageServer  ]      message_handler.h:70    | > [textDocument/didClose] (start) 
(  19.005s) [languageServer  ]     workspace_file.cpp:302   | > [WorkspaceFile] (start) 08_GRPLUS/MDIAUTIL.PRW (Not Open/Not Temp)
(  19.005s) [languageServer  ]     workspace_file.cpp:428   | < [WorkspaceFile] (finish) d:/totvs 12/microsiga/protheus/projetovscode/08_GRPLUS/MDIAUTIL.PRW (0 ms)
(  19.005s) [languageServer  ]      message_handler.h:75    | < [textDocument/didClose] (finish)  (0 ms)
(  19.005s) [languageServer  ]       queue_manager.cc:195   | Run finishied message method 'textDocument/didClose'
(  19.005s) [languageServer  ]       queue_manager.cc:187   | Handler found for message method 'textDocument/didOpen'
(  19.005s) [languageServer  ]      message_handler.h:70    | > [textDocument/didOpen] (start) 
(  19.005s) [languageServer  ]     workspace_file.cpp:302   | > [WorkspaceFile] (start) 06_FATURAMENTO/DAMDFE.prw (Open/Not Temp)
(  19.303s) [languageServer  ]        totvs_linter.cc:16    | linterParseDiagnostic: 
DAMDFE.PRW(871) warning W0003 Local variable NCOUNT never used
(  19.319s) [languageServer  ]     workspace_file.cpp:428   | < [WorkspaceFile] (finish) d:/totvs 12/microsiga/protheus/projetovscode/06_FATURAMENTO/DAMDFE.prw (31 ms)
(  19.319s) [languageServer  ]      message_handler.h:75    | < [textDocument/didOpen] (finish)  (31 ms)
(  19.319s) [languageServer  ]       queue_manager.cc:195   | Run finishied message method 'textDocument/didOpen'
(  19.319s) [languageServer  ]       queue_manager.cc:187   | Handler found for message method 'textDocument/didOpen'
(  19.319s) [languageServer  ]      message_handler.h:70    | > [textDocument/didOpen] (start) 
(  19.320s) [languageServer  ]     workspace_file.cpp:302   | > [WorkspaceFile] (start) 10_LIB/RelVenSCli.prw (Open/Not Temp)
(  19.550s) [languageServer  ]        totvs_linter.cc:16    | linterParseDiagnostic: 
RELVENSCLI.PRW(11) warning W0003 Local variable CPERG never used
RELVENSCLI.PRW(10) warning W0003 Local variable CQUERY never used
(  19.552s) [languageServer  ]     workspace_file.cpp:428   | < [WorkspaceFile] (finish) d:/totvs 12/microsiga/protheus/projetovscode/10_LIB/RelVenSCli.prw (23 ms)
(  19.552s) [languageServer  ]      message_handler.h:75    | < [textDocument/didOpen] (finish)  (23 ms)
(  19.552s) [languageServer  ]       queue_manager.cc:195   | Run finishied message method 'textDocument/didOpen'
(  19.552s) [languageServer  ]       queue_manager.cc:187   | Handler found for message method 'textDocument/didOpen'
(  19.552s) [languageServer  ]      message_handler.h:70    | > [textDocument/didOpen] (start) 
(  19.552s) [languageServer  ]     workspace_file.cpp:302   | > [WorkspaceFile] (start) 06_FATURAMENTO/CRMA980_pe.prw (Open/Not Temp)
(  19.778s) [languageServer  ]        totvs_linter.cc:16    | linterParseDiagnostic: 
CRMA980_PE.PRW(26) warning W0003 Local variable CMSG never used
CRMA980_PE.PRW(27) warning W0003 Local variable CQUERY never used
CRMA980_PE.PRW(24) warning W0003 Local variable NLINHA never used
CRMA980_PE.PRW(25) warning W0003 Local variable NQTDLINHAS never used
(  19.779s) [languageServer  ]     workspace_file.cpp:428   | < [WorkspaceFile] (finish) d:/totvs 12/microsiga/protheus/projetovscode/06_FATURAMENTO/CRMA980_pe.prw (22 ms)
(  19.779s) [languageServer  ]      message_handler.h:75    | < [textDocument/didOpen] (finish)  (22 ms)
(  19.779s) [languageServer  ]       queue_manager.cc:195   | Run finishied message method 'textDocument/didOpen'
(  19.779s) [languageServer  ]       queue_manager.cc:187   | Handler found for message method 'textDocument/didOpen'
(  19.779s) [languageServer  ]      message_handler.h:70    | > [textDocument/didOpen] (start) 
(  19.779s) [languageServer  ]     workspace_file.cpp:302   | > [WorkspaceFile] (start) 05_ESTOQUE/CRIASB2.prw (Open/Not Temp)
(  19.974s) [languageServer  ]        totvs_linter.cc:16    | linterParseDiagnostic: 
CRIASB2.PRW(14) warning W0019 Statement unbalanced function in U_CRIASB2. This warning will be an error in future version.
(  19.975s) [languageServer  ]     workspace_file.cpp:428   | < [WorkspaceFile] (finish) d:/totvs 12/microsiga/protheus/projetovscode/05_ESTOQUE/CRIASB2.prw (19 ms)
(  19.975s) [languageServer  ]      message_handler.h:75    | < [textDocument/didOpen] (finish)  (19 ms)
(  19.975s) [languageServer  ]       queue_manager.cc:195   | Run finishied message method 'textDocument/didOpen'
(  19.975s) [languageServer  ]       queue_manager.cc:187   | Handler found for message method 'textDocument/didOpen'
(  19.975s) [languageServer  ]      message_handler.h:70    | > [textDocument/didOpen] (start) 
(  19.975s) [languageServer  ]     workspace_file.cpp:302   | > [WorkspaceFile] (start) 04_CONTABIL/LHI530S1.prw (Open/Not Temp)
(  20.165s) [languageServer  ]     workspace_file.cpp:428   | < [WorkspaceFile] (finish) d:/totvs 12/microsiga/protheus/projetovscode/04_CONTABIL/LHI530S1.prw (19 ms)
(  20.166s) [languageServer  ]      message_handler.h:75    | < [textDocument/didOpen] (finish)  (19 ms)
(  20.166s) [languageServer  ]       queue_manager.cc:195   | Run finishied message method 'textDocument/didOpen'
(  20.166s) [languageServer  ]       queue_manager.cc:187   | Handler found for message method 'textDocument/didOpen'
(  20.166s) [languageServer  ]      message_handler.h:70    | > [textDocument/didOpen] (start) 
(  20.166s) [languageServer  ]     workspace_file.cpp:302   | > [WorkspaceFile] (start) 05_ESTOQUE/IMPINVSB9.PRW (Open/Not Temp)
(  20.382s) [languageServer  ]        totvs_linter.cc:16    | linterParseDiagnostic: 
IMPINVSB9.PRW(104) warning W0007 Too many parameters calling dbclosearea
(  20.383s) [languageServer  ]     workspace_file.cpp:428   | < [WorkspaceFile] (finish) d:/totvs 12/microsiga/protheus/projetovscode/05_ESTOQUE/IMPINVSB9.PRW (21 ms)
(  20.383s) [languageServer  ]      message_handler.h:75    | < [textDocument/didOpen] (finish)  (21 ms)
(  20.383s) [languageServer  ]       queue_manager.cc:195   | Run finishied message method 'textDocument/didOpen'
(  20.383s) [languageServer  ]       queue_manager.cc:187   | Handler found for message method 'textDocument/didOpen'
(  20.383s) [languageServer  ]      message_handler.h:70    | > [textDocument/didOpen] (start) 
(  20.384s) [languageServer  ]     workspace_file.cpp:302   | > [WorkspaceFile] (start) 06_FATURAMENTO/danfeii.prw (Open/Not Temp)
(  21.054s) [languageServer  ]        totvs_linter.cc:16    | linterParseDiagnostic: 
DANFEII.PRW(1010) warning W0003 Local variable ALOTE never used
DANFEII.PRW(990) warning W0003 Local variable ATAMANHO never used
DANFEII.PRW(1089) warning W0003 Local variable LCOMPLEECF never used
DANFEII.PRW(1084) warning W0003 Local variable LPAGPAR never used
DANFEII.PRW(1020) warning W0003 Local variable NAUXV never used
DANFEII.PRW(1057) warning W0003 Local variable NITENSRES never used
DANFEII.PRW(1028) warning W0003 Local variable NJ never used
DANFEII.PRW(1051) warning W0003 Local variable NLEN never used
DANFEII.PRW(1045) warning W0003 Local variable NLENFATURA never used
DANFEII.PRW(1053) warning W0003 Local variable NLINSUM never used
DANFEII.PRW(1056) warning W0003 Local variable NPAG never used
DANFEII.PRW(1016) warning W0003 Local variable NPOSH never used
DANFEII.PRW(1017) warning W0003 Local variable NPOSHOLD never used
DANFEII.PRW(1014) warning W0003 Local variable NPOSV never used
DANFEII.PRW(1015) warning W0003 Local variable NPOSVOLD never used
DANFEII.PRW(1058) warning W0003 Local variable NSOMA never used
DANFEII.PRW(1030) warning W0003 Local variable NTAMANHO never used
DANFEII.PRW(1029) warning W0003 Local variable NW never used
DANFEII.PRW(4356) warning W0003 Local variable AEXECUTE never used
DANFEII.PRW(4357) warning W0003 Local variable AFALTA never used
DANFEII.PRW(4358) warning W0003 Local variable ARESPOSTA never used
DANFEII.PRW(4376) warning W0003 Local variable CMODEL never used
DANFEII.PRW(4380) warning W0003 Local variable LFLAG never used
DANFEII.PRW(4387) warning W0003 Local variable NCOUNT never used
DANFEII.PRW(4383) warning W0003 Local variable NL never used
DANFEII.PRW(4388) warning W0003 Local variable NLENNFE never used
DANFEII.PRW(4389) warning W0003 Local variable NLENWS never used
DANFEII.PRW(4613) warning W0003 Local variable AMENSAGEM never used
DANFEII.PRW(4622) warning W0003 Local variable LIMPANFAV never used
DANFEII.PRW(4623) warning W0003 Local variable LIMPINFAD never used
DANFEII.PRW(4608) warning W0003 Local variable NFIMLULT never used
(  21.109s) [languageServer  ]     workspace_file.cpp:428   | < [WorkspaceFile] (finish) d:/totvs 12/microsiga/protheus/projetovscode/06_FATURAMENTO/danfeii.prw (72 ms)
(  21.109s) [languageServer  ]      message_handler.h:75    | < [textDocument/didOpen] (finish)  (72 ms)
(  21.109s) [languageServer  ]       queue_manager.cc:195   | Run finishied message method 'textDocument/didOpen'
(  21.109s) [languageServer  ]       queue_manager.cc:187   | Handler found for message method 'textDocument/didOpen'
(  21.109s) [languageServer  ]      message_handler.h:70    | > [textDocument/didOpen] (start) 
(  21.109s) [languageServer  ]     workspace_file.cpp:302   | > [WorkspaceFile] (start) 11_MNT/MNTA990A.PRW (Open/Not Temp)
(  21.350s) [languageServer  ]     workspace_file.cpp:428   | < [WorkspaceFile] (finish) d:/totvs 12/microsiga/protheus/projetovscode/11_MNT/MNTA990A.PRW (24 ms)
(  21.350s) [languageServer  ]      message_handler.h:75    | < [textDocument/didOpen] (finish)  (24 ms)
(  21.350s) [languageServer  ]       queue_manager.cc:195   | Run finishied message method 'textDocument/didOpen'
(  21.350s) [languageServer  ]       queue_manager.cc:187   | Handler found for message method 'textDocument/didOpen'
(  21.350s) [languageServer  ]      message_handler.h:70    | > [textDocument/didOpen] (start) 
(  21.350s) [languageServer  ]     workspace_file.cpp:302   | > [WorkspaceFile] (start) 02_COMPRAS/MT103FIN.prw (Open/Not Temp)
(  21.565s) [languageServer  ]     workspace_file.cpp:428   | < [WorkspaceFile] (finish) d:/totvs 12/microsiga/protheus/projetovscode/02_COMPRAS/MT103FIN.prw (21 ms)
(  21.565s) [languageServer  ]      message_handler.h:75    | < [textDocument/didOpen] (finish)  (21 ms)
(  21.565s) [languageServer  ]       queue_manager.cc:195   | Run finishied message method 'textDocument/didOpen'
(  21.565s) [languageServer  ]       queue_manager.cc:187   | Handler found for message method 'textDocument/didOpen'
(  21.565s) [languageServer  ]      message_handler.h:70    | > [textDocument/didOpen] (start) 
(  21.566s) [languageServer  ]     workspace_file.cpp:302   | > [WorkspaceFile] (start) 05_ESTOQUE/GEREST.PRW (Open/Not Temp)
(  22.660s) [languageServer  ]        totvs_linter.cc:16    | linterParseDiagnostic: 
GEREST.PRW(39) warning W0003 Local variable OMARKED never used
GEREST.PRW(38) warning W0003 Local variable ONOMARKED never used
(  22.710s) [languageServer  ]     workspace_file.cpp:428   | < [WorkspaceFile] (finish) d:/totvs 12/microsiga/protheus/projetovscode/05_ESTOQUE/GEREST.PRW (114 ms)
(  22.710s) [languageServer  ]      message_handler.h:75    | < [textDocument/didOpen] (finish)  (114 ms)
(  22.710s) [languageServer  ]       queue_manager.cc:195   | Run finishied message method 'textDocument/didOpen'
(  22.710s) [languageServer  ]       queue_manager.cc:187   | Handler found for message method 'textDocument/didClose'
(  22.710s) [languageServer  ]      message_handler.h:70    | > [textDocument/didClose] (start) 
(  22.710s) [languageServer  ]     workspace_file.cpp:302   | > [WorkspaceFile] (start) 09_LIVROS_FISCAIS/SPDFIS001.PRW (Not Open/Not Temp)
(  22.710s) [languageServer  ]     workspace_file.cpp:428   | < [WorkspaceFile] (finish) d:/totvs 12/microsiga/protheus/projetovscode/09_LIVROS_FISCAIS/SPDFIS001.PRW (0 ms)
(  22.710s) [languageServer  ]      message_handler.h:75    | < [textDocument/didClose] (finish)  (0 ms)
(  22.710s) [languageServer  ]       queue_manager.cc:195   | Run finishied message method 'textDocument/didClose'
(  22.710s) [languageServer  ]       queue_manager.cc:187   | Handler found for message method 'textDocument/didClose'
(  22.710s) [languageServer  ]      message_handler.h:70    | > [textDocument/didClose] (start) 
(  22.710s) [languageServer  ]     workspace_file.cpp:302   | > [WorkspaceFile] (start) 12_WEBSERVICE/MOBALTARR.prw (Not Open/Not Temp)
(  22.710s) [languageServer  ]     workspace_file.cpp:428   | < [WorkspaceFile] (finish) d:/totvs 12/microsiga/protheus/projetovscode/12_WEBSERVICE/MOBALTARR.prw (0 ms)
(  22.710s) [languageServer  ]      message_handler.h:75    | < [textDocument/didClose] (finish)  (0 ms)
(  22.710s) [languageServer  ]       queue_manager.cc:195   | Run finishied message method 'textDocument/didClose'
(  22.710s) [languageServer  ]       queue_manager.cc:187   | Handler found for message method 'textDocument/didClose'
(  22.710s) [languageServer  ]      message_handler.h:70    | > [textDocument/didClose] (start) 
(  22.710s) [languageServer  ]     workspace_file.cpp:302   | > [WorkspaceFile] (start) 11_MNT/MNTA4206.prw (Not Open/Not Temp)
(  22.710s) [languageServer  ]     workspace_file.cpp:428   | < [WorkspaceFile] (finish) d:/totvs 12/microsiga/protheus/projetovscode/11_MNT/MNTA4206.prw (0 ms)
(  22.710s) [languageServer  ]      message_handler.h:75    | < [textDocument/didClose] (finish)  (0 ms)
(  22.710s) [languageServer  ]       queue_manager.cc:195   | Run finishied message method 'textDocument/didClose'
(  22.710s) [languageServer  ]       queue_manager.cc:187   | Handler found for message method 'textDocument/didClose'
(  22.710s) [languageServer  ]      message_handler.h:70    | > [textDocument/didClose] (start) 
(  22.710s) [languageServer  ]     workspace_file.cpp:302   | > [WorkspaceFile] (start) 09_LIVROS_FISCAIS/matr930a.prw (Not Open/Not Temp)
(  22.710s) [languageServer  ]     workspace_file.cpp:428   | < [WorkspaceFile] (finish) d:/totvs 12/microsiga/protheus/projetovscode/09_LIVROS_FISCAIS/matr930a.prw (0 ms)
(  22.710s) [languageServer  ]      message_handler.h:75    | < [textDocument/didClose] (finish)  (0 ms)
(  22.710s) [languageServer  ]       queue_manager.cc:195   | Run finishied message method 'textDocument/didClose'
(  22.710s) [languageServer  ]       queue_manager.cc:187   | Handler found for message method 'textDocument/didClose'
(  22.710s) [languageServer  ]      message_handler.h:70    | > [textDocument/didClose] (start) 
(  22.710s) [languageServer  ]     workspace_file.cpp:302   | > [WorkspaceFile] (start) 09_LIVROS_FISCAIS/MA900MNU.prw (Not Open/Not Temp)
(  22.710s) [languageServer  ]     workspace_file.cpp:428   | < [WorkspaceFile] (finish) d:/totvs 12/microsiga/protheus/projetovscode/09_LIVROS_FISCAIS/MA900MNU.prw (0 ms)
(  22.710s) [languageServer  ]      message_handler.h:75    | < [textDocument/didClose] (finish)  (0 ms)
(  22.710s) [languageServer  ]       queue_manager.cc:195   | Run finishied message method 'textDocument/didClose'
(  22.710s) [languageServer  ]       queue_manager.cc:187   | Handler found for message method 'textDocument/didClose'
(  22.710s) [languageServer  ]      message_handler.h:70    | > [textDocument/didClose] (start) 
(  22.710s) [languageServer  ]     workspace_file.cpp:302   | > [WorkspaceFile] (start) 02_COMPRAS/A093ACOD.PRW (Not Open/Not Temp)
(  22.710s) [languageServer  ]     workspace_file.cpp:428   | < [WorkspaceFile] (finish) d:/totvs 12/microsiga/protheus/projetovscode/02_COMPRAS/A093ACOD.PRW (0 ms)
(  22.710s) [languageServer  ]      message_handler.h:75    | < [textDocument/didClose] (finish)  (0 ms)
(  22.710s) [languageServer  ]       queue_manager.cc:195   | Run finishied message method 'textDocument/didClose'
(  22.710s) [languageServer  ]       queue_manager.cc:187   | Handler found for message method 'textDocument/didClose'
(  22.710s) [languageServer  ]      message_handler.h:70    | > [textDocument/didClose] (start) 
(  22.710s) [languageServer  ]     workspace_file.cpp:302   | > [WorkspaceFile] (start) 07_FINANCEIRO/AutPagR.prw (Not Open/Not Temp)
(  22.711s) [languageServer  ]     workspace_file.cpp:428   | < [WorkspaceFile] (finish) d:/totvs 12/microsiga/protheus/projetovscode/07_FINANCEIRO/AutPagR.prw (0 ms)
(  22.711s) [languageServer  ]      message_handler.h:75    | < [textDocument/didClose] (finish)  (0 ms)
(  22.711s) [languageServer  ]       queue_manager.cc:195   | Run finishied message method 'textDocument/didClose'
(  22.711s) [languageServer  ]       queue_manager.cc:187   | Handler found for message method 'textDocument/didClose'
(  22.711s) [languageServer  ]      message_handler.h:70    | > [textDocument/didClose] (start) 
(  22.711s) [languageServer  ]     workspace_file.cpp:302   | > [WorkspaceFile] (start) 10_LIB/biinweb.prw (Not Open/Not Temp)
(  22.711s) [languageServer  ]     workspace_file.cpp:428   | < [WorkspaceFile] (finish) d:/totvs 12/microsiga/protheus/projetovscode/10_LIB/biinweb.prw (0 ms)
(  22.711s) [languageServer  ]      message_handler.h:75    | < [textDocument/didClose] (finish)  (0 ms)
(  22.711s) [languageServer  ]       queue_manager.cc:195   | Run finishied message method 'textDocument/didClose'
(  22.711s) [languageServer  ]       queue_manager.cc:187   | Handler found for message method 'textDocument/didClose'
(  22.711s) [languageServer  ]      message_handler.h:70    | > [textDocument/didClose] (start) 
(  22.711s) [languageServer  ]     workspace_file.cpp:302   | > [WorkspaceFile] (start) 10_LIB/AjNumSD1.prw (Not Open/Not Temp)
(  22.711s) [languageServer  ]     workspace_file.cpp:428   | < [WorkspaceFile] (finish) d:/totvs 12/microsiga/protheus/projetovscode/10_LIB/AjNumSD1.prw (0 ms)
(  22.711s) [languageServer  ]      message_handler.h:75    | < [textDocument/didClose] (finish)  (0 ms)
(  22.711s) [languageServer  ]       queue_manager.cc:195   | Run finishied message method 'textDocument/didClose'
(  22.711s) [languageServer  ]       queue_manager.cc:187   | Handler found for message method 'textDocument/didClose'
(  22.711s) [languageServer  ]      message_handler.h:70    | > [textDocument/didClose] (start) 
(  22.711s) [languageServer  ]     workspace_file.cpp:302   | > [WorkspaceFile] (start) 06_FATURAMENTO_NOVO_COMERCIAL/ListMULTPag.prw (Not Open/Not Temp)
(  22.711s) [languageServer  ]     workspace_file.cpp:428   | < [WorkspaceFile] (finish) d:/totvs 12/microsiga/protheus/projetovscode/06_FATURAMENTO_NOVO_COMERCIAL/ListMULTPag.prw (0 ms)
(  22.711s) [languageServer  ]      message_handler.h:75    | < [textDocument/didClose] (finish)  (0 ms)
(  22.711s) [languageServer  ]       queue_manager.cc:195   | Run finishied message method 'textDocument/didClose'
(  22.711s) [languageServer  ]       queue_manager.cc:187   | Handler found for message method 'textDocument/didOpen'
(  22.711s) [languageServer  ]      message_handler.h:70    | > [textDocument/didOpen] (start) 
(  22.711s) [languageServer  ]     workspace_file.cpp:302   | > [WorkspaceFile] (start) 04_CONTABIL/LCD650S16.prw (Open/Not Temp)
(  22.945s) [languageServer  ]        totvs_linter.cc:16    | linterParseDiagnostic: 
LCD650S16.PRW(50) warning W0007 Too many parameters calling dbclosearea
(  22.946s) [languageServer  ]     workspace_file.cpp:428   | < [WorkspaceFile] (finish) d:/totvs 12/microsiga/protheus/projetovscode/04_CONTABIL/LCD650S16.prw (23 ms)
(  22.946s) [languageServer  ]      message_handler.h:75    | < [textDocument/didOpen] (finish)  (23 ms)
(  22.946s) [languageServer  ]       queue_manager.cc:195   | Run finishied message method 'textDocument/didOpen'
(  22.946s) [languageServer  ]       queue_manager.cc:187   | Handler found for message method 'textDocument/didOpen'
(  22.946s) [languageServer  ]      message_handler.h:70    | > [textDocument/didOpen] (start) 
(  22.946s) [languageServer  ]     workspace_file.cpp:302   | > [WorkspaceFile] (start) 02_COMPRAS/MT103DCF.PRW (Open/Not Temp)
(  23.191s) [languageServer  ]        totvs_linter.cc:16    | linterParseDiagnostic: 
MT103DCF.PRW(24) warning W0003 Local variable ACAMPOSRET never used
MT103DCF.PRW(21) warning W0003 Local variable LALTERA never used
MT103DCF.PRW(20) warning W0003 Local variable LINCLUI never used
MT103DCF.PRW(22) warning W0003 Local variable LVISUAL never used
(  23.191s) [languageServer  ]     workspace_file.cpp:428   | < [WorkspaceFile] (finish) d:/totvs 12/microsiga/protheus/projetovscode/02_COMPRAS/MT103DCF.PRW (24 ms)
(  23.191s) [languageServer  ]      message_handler.h:75    | < [textDocument/didOpen] (finish)  (24 ms)
(  23.191s) [languageServer  ]       queue_manager.cc:195   | Run finishied message method 'textDocument/didOpen'
(  23.191s) [languageServer  ]       queue_manager.cc:187   | Handler found for message method 'textDocument/didOpen'
(  23.191s) [languageServer  ]      message_handler.h:70    | > [textDocument/didOpen] (start) 
(  23.192s) [languageServer  ]     workspace_file.cpp:302   | > [WorkspaceFile] (start) 04_CONTABIL/LCD530S7.prw (Open/Not Temp)
(  23.443s) [languageServer  ]        totvs_linter.cc:16    | linterParseDiagnostic: 
LCD530S7.PRW(48) warning W0007 Too many parameters calling dbclosearea
(  23.444s) [languageServer  ]     workspace_file.cpp:428   | < [WorkspaceFile] (finish) d:/totvs 12/microsiga/protheus/projetovscode/04_CONTABIL/LCD530S7.prw (25 ms)
(  23.444s) [languageServer  ]      message_handler.h:75    | < [textDocument/didOpen] (finish)  (25 ms)
(  23.444s) [languageServer  ]       queue_manager.cc:195   | Run finishied message method 'textDocument/didOpen'
(  23.444s) [languageServer  ]       queue_manager.cc:187   | Handler found for message method 'textDocument/didOpen'
(  23.444s) [languageServer  ]      message_handler.h:70    | > [textDocument/didOpen] (start) 
(  23.444s) [languageServer  ]     workspace_file.cpp:302   | > [WorkspaceFile] (start) 05_ESTOQUE/CRIASB9.prw (Open/Not Temp)
(  23.644s) [languageServer  ]        totvs_linter.cc:16    | linterParseDiagnostic: 
CRIASB9.PRW(14) warning W0019 Statement unbalanced function in U_CRIASB9. This warning will be an error in future version.
(  23.645s) [languageServer  ]     workspace_file.cpp:428   | < [WorkspaceFile] (finish) d:/totvs 12/microsiga/protheus/projetovscode/05_ESTOQUE/CRIASB9.prw (20 ms)
(  23.645s) [languageServer  ]      message_handler.h:75    | < [textDocument/didOpen] (finish)  (20 ms)
(  23.645s) [languageServer  ]       queue_manager.cc:195   | Run finishied message method 'textDocument/didOpen'
(  23.645s) [languageServer  ]       queue_manager.cc:187   | Handler found for message method 'textDocument/didOpen'
(  23.645s) [languageServer  ]      message_handler.h:70    | > [textDocument/didOpen] (start) 
(  23.645s) [languageServer  ]     workspace_file.cpp:302   | > [WorkspaceFile] (start) 10_LIB/testepdf.prw (Open/Not Temp)
(  23.837s) [languageServer  ]        totvs_linter.cc:16    | linterParseDiagnostic: 
TESTEPDF.PRW(12) warning W0003 Local variable CCODEAN never used
TESTEPDF.PRW(11) warning W0003 Local variable CCODINT25 never used
(  23.837s) [languageServer  ]     workspace_file.cpp:428   | < [WorkspaceFile] (finish) d:/totvs 12/microsiga/protheus/projetovscode/10_LIB/testepdf.prw (19 ms)
(  23.837s) [languageServer  ]      message_handler.h:75    | < [textDocument/didOpen] (finish)  (19 ms)
(  23.837s) [languageServer  ]       queue_manager.cc:195   | Run finishied message method 'textDocument/didOpen'
(  23.837s) [languageServer  ]       queue_manager.cc:187   | Handler found for message method 'textDocument/didOpen'
(  23.837s) [languageServer  ]      message_handler.h:70    | > [textDocument/didOpen] (start) 
(  23.837s) [languageServer  ]     workspace_file.cpp:302   | > [WorkspaceFile] (start) 10_LIB/WFMobGran.prw (Open/Not Temp)
(  24.095s) [languageServer  ]     workspace_file.cpp:428   | < [WorkspaceFile] (finish) d:/totvs 12/microsiga/protheus/projetovscode/10_LIB/WFMobGran.prw (25 ms)
(  24.095s) [languageServer  ]      message_handler.h:75    | < [textDocument/didOpen] (finish)  (25 ms)
(  24.095s) [languageServer  ]       queue_manager.cc:195   | Run finishied message method 'textDocument/didOpen'
(  24.095s) [languageServer  ]       queue_manager.cc:187   | Handler found for message method 'textDocument/didOpen'
(  24.095s) [languageServer  ]      message_handler.h:70    | > [textDocument/didOpen] (start) 
(  24.096s) [languageServer  ]     workspace_file.cpp:302   | > [WorkspaceFile] (start) 11_MNT/MNTA420P.PRW (Open/Not Temp)
(  24.310s) [languageServer  ]     workspace_file.cpp:428   | < [WorkspaceFile] (finish) d:/totvs 12/microsiga/protheus/projetovscode/11_MNT/MNTA420P.PRW (21 ms)
(  24.310s) [languageServer  ]      message_handler.h:75    | < [textDocument/didOpen] (finish)  (21 ms)
(  24.310s) [languageServer  ]       queue_manager.cc:195   | Run finishied message method 'textDocument/didOpen'
(  24.310s) [languageServer  ]       queue_manager.cc:187   | Handler found for message method 'textDocument/didOpen'
(  24.310s) [languageServer  ]      message_handler.h:70    | > [textDocument/didOpen] (start) 
(  24.311s) [languageServer  ]     workspace_file.cpp:302   | > [WorkspaceFile] (start) 02_COMPRAS/MT100TOK.prw (Open/Not Temp)
(  24.536s) [languageServer  ]        totvs_linter.cc:16    | linterParseDiagnostic: 
MT100TOK.PRW(22) warning W0003 Local variable NVRNF never used
(  24.538s) [languageServer  ]     workspace_file.cpp:428   | < [WorkspaceFile] (finish) d:/totvs 12/microsiga/protheus/projetovscode/02_COMPRAS/MT100TOK.prw (22 ms)
(  24.538s) [languageServer  ]      message_handler.h:75    | < [textDocument/didOpen] (finish)  (22 ms)
(  24.538s) [languageServer  ]       queue_manager.cc:195   | Run finishied message method 'textDocument/didOpen'
(  24.538s) [languageServer  ]       queue_manager.cc:187   | Handler found for message method 'textDocument/didOpen'
(  24.538s) [languageServer  ]      message_handler.h:70    | > [textDocument/didOpen] (start) 
(  24.538s) [languageServer  ]     workspace_file.cpp:302   | > [WorkspaceFile] (start) 07_FINANCEIRO/F580CHAV.PRW (Open/Not Temp)
(  24.758s) [languageServer  ]     workspace_file.cpp:428   | < [WorkspaceFile] (finish) d:/totvs 12/microsiga/protheus/projetovscode/07_FINANCEIRO/F580CHAV.PRW (22 ms)
(  24.758s) [languageServer  ]      message_handler.h:75    | < [textDocument/didOpen] (finish)  (22 ms)
(  24.758s) [languageServer  ]       queue_manager.cc:195   | Run finishied message method 'textDocument/didOpen'
(  24.758s) [languageServer  ]       queue_manager.cc:187   | Handler found for message method 'textDocument/didOpen'
(  24.758s) [languageServer  ]      message_handler.h:70    | > [textDocument/didOpen] (start) 
(  24.758s) [languageServer  ]     workspace_file.cpp:302   | > [WorkspaceFile] (start) 04_CONTABIL/MCARGACT2.PRW (Open/Not Temp)
(  25.017s) [languageServer  ]     workspace_file.cpp:428   | < [WorkspaceFile] (finish) d:/totvs 12/microsiga/protheus/projetovscode/04_CONTABIL/MCARGACT2.PRW (25 ms)
(  25.017s) [languageServer  ]      message_handler.h:75    | < [textDocument/didOpen] (finish)  (25 ms)
(  25.017s) [languageServer  ]       queue_manager.cc:195   | Run finishied message method 'textDocument/didOpen'
(  25.017s) [languageServer  ]       queue_manager.cc:187   | Handler found for message method 'textDocument/didClose'
(  25.017s) [languageServer  ]      message_handler.h:70    | > [textDocument/didClose] (start) 
(  25.017s) [languageServer  ]     workspace_file.cpp:302   | > [WorkspaceFile] (start) 10_LIB/ContAlert.prw (Not Open/Not Temp)
(  25.017s) [languageServer  ]     workspace_file.cpp:428   | < [WorkspaceFile] (finish) d:/totvs 12/microsiga/protheus/projetovscode/10_LIB/ContAlert.prw (0 ms)
(  25.017s) [languageServer  ]      message_handler.h:75    | < [textDocument/didClose] (finish)  (0 ms)
(  25.017s) [languageServer  ]       queue_manager.cc:195   | Run finishied message method 'textDocument/didClose'
(  25.017s) [languageServer  ]       queue_manager.cc:187   | Handler found for message method 'textDocument/didClose'
(  25.017s) [languageServer  ]      message_handler.h:70    | > [textDocument/didClose] (start) 
(  25.017s) [languageServer  ]     workspace_file.cpp:302   | > [WorkspaceFile] (start) 07_FINANCEIRO/AutPag.prw (Not Open/Not Temp)
(  25.017s) [languageServer  ]     workspace_file.cpp:428   | < [WorkspaceFile] (finish) d:/totvs 12/microsiga/protheus/projetovscode/07_FINANCEIRO/AutPag.prw (0 ms)
(  25.017s) [languageServer  ]      message_handler.h:75    | < [textDocument/didClose] (finish)  (0 ms)
(  25.017s) [languageServer  ]       queue_manager.cc:195   | Run finishied message method 'textDocument/didClose'
(  25.017s) [languageServer  ]       queue_manager.cc:187   | Handler found for message method 'textDocument/didClose'
(  25.017s) [languageServer  ]      message_handler.h:70    | > [textDocument/didClose] (start) 
(  25.017s) [languageServer  ]     workspace_file.cpp:302   | > [WorkspaceFile] (start) 10_LIB/AfterLogin.prw (Not Open/Not Temp)
(  25.017s) [languageServer  ]     workspace_file.cpp:428   | < [WorkspaceFile] (finish) d:/totvs 12/microsiga/protheus/projetovscode/10_LIB/AfterLogin.prw (0 ms)
(  25.017s) [languageServer  ]      message_handler.h:75    | < [textDocument/didClose] (finish)  (0 ms)
(  25.017s) [languageServer  ]       queue_manager.cc:195   | Run finishied message method 'textDocument/didClose'
(  25.017s) [languageServer  ]       queue_manager.cc:187   | Handler found for message method 'textDocument/didClose'
(  25.017s) [languageServer  ]      message_handler.h:70    | > [textDocument/didClose] (start) 
(  25.017s) [languageServer  ]     workspace_file.cpp:302   | > [WorkspaceFile] (start) 10_LIB/dolar.prw (Not Open/Not Temp)
(  25.017s) [languageServer  ]     workspace_file.cpp:428   | < [WorkspaceFile] (finish) d:/totvs 12/microsiga/protheus/projetovscode/10_LIB/dolar.prw (0 ms)
(  25.017s) [languageServer  ]      message_handler.h:75    | < [textDocument/didClose] (finish)  (0 ms)
(  25.017s) [languageServer  ]       queue_manager.cc:195   | Run finishied message method 'textDocument/didClose'
(  25.018s) [languageServer  ]       queue_manager.cc:187   | Handler found for message method 'textDocument/didClose'
(  25.018s) [languageServer  ]      message_handler.h:70    | > [textDocument/didClose] (start) 
(  25.018s) [languageServer  ]     workspace_file.cpp:302   | > [WorkspaceFile] (start) 12_WEBSERVICE/MOBPEDIV.PRW (Not Open/Not Temp)
(  25.018s) [languageServer  ]     workspace_file.cpp:428   | < [WorkspaceFile] (finish) d:/totvs 12/microsiga/protheus/projetovscode/12_WEBSERVICE/MOBPEDIV.PRW (0 ms)
(  25.018s) [languageServer  ]      message_handler.h:75    | < [textDocument/didClose] (finish)  (0 ms)
(  25.018s) [languageServer  ]       queue_manager.cc:195   | Run finishied message method 'textDocument/didClose'
(  25.018s) [languageServer  ]       queue_manager.cc:187   | Handler found for message method 'textDocument/didClose'
(  25.018s) [languageServer  ]      message_handler.h:70    | > [textDocument/didClose] (start) 
(  25.018s) [languageServer  ]     workspace_file.cpp:302   | > [WorkspaceFile] (start) 06_FATURAMENTO_NOVO_COMERCIAL/MT410TOK.prw (Not Open/Not Temp)
(  25.018s) [languageServer  ]     workspace_file.cpp:428   | < [WorkspaceFile] (finish) d:/totvs 12/microsiga/protheus/projetovscode/06_FATURAMENTO_NOVO_COMERCIAL/MT410TOK.prw (0 ms)
(  25.018s) [languageServer  ]      message_handler.h:75    | < [textDocument/didClose] (finish)  (0 ms)
(  25.018s) [languageServer  ]       queue_manager.cc:195   | Run finishied message method 'textDocument/didClose'
(  25.018s) [languageServer  ]       queue_manager.cc:187   | Handler found for message method 'textDocument/didClose'
(  25.018s) [languageServer  ]      message_handler.h:70    | > [textDocument/didClose] (start) 
(  25.018s) [languageServer  ]     workspace_file.cpp:302   | > [WorkspaceFile] (start) 09_LIVROS_FISCAIS/ATUALCDL.PRW (Not Open/Not Temp)
(  25.018s) [languageServer  ]     workspace_file.cpp:428   | < [WorkspaceFile] (finish) d:/totvs 12/microsiga/protheus/projetovscode/09_LIVROS_FISCAIS/ATUALCDL.PRW (0 ms)
(  25.018s) [languageServer  ]      message_handler.h:75    | < [textDocument/didClose] (finish)  (0 ms)
(  25.018s) [languageServer  ]       queue_manager.cc:195   | Run finishied message method 'textDocument/didClose'
(  25.018s) [languageServer  ]       queue_manager.cc:187   | Handler found for message method 'textDocument/didClose'
(  25.018s) [languageServer  ]      message_handler.h:70    | > [textDocument/didClose] (start) 
(  25.018s) [languageServer  ]     workspace_file.cpp:302   | > [WorkspaceFile] (start) 02_COMPRAS/A100DEL.prw (Not Open/Not Temp)
(  25.018s) [languageServer  ]     workspace_file.cpp:428   | < [WorkspaceFile] (finish) d:/totvs 12/microsiga/protheus/projetovscode/02_COMPRAS/A100DEL.prw (0 ms)
(  25.018s) [languageServer  ]      message_handler.h:75    | < [textDocument/didClose] (finish)  (0 ms)
(  25.018s) [languageServer  ]       queue_manager.cc:195   | Run finishied message method 'textDocument/didClose'
(  25.018s) [languageServer  ]       queue_manager.cc:187   | Handler found for message method 'textDocument/didClose'
(  25.018s) [languageServer  ]      message_handler.h:70    | > [textDocument/didClose] (start) 
(  25.018s) [languageServer  ]     workspace_file.cpp:302   | > [WorkspaceFile] (start) 10_LIB/LIBWHATSAPP.PRW (Not Open/Not Temp)
(  25.018s) [languageServer  ]     workspace_file.cpp:428   | < [WorkspaceFile] (finish) d:/totvs 12/microsiga/protheus/projetovscode/10_LIB/LIBWHATSAPP.PRW (0 ms)
(  25.018s) [languageServer  ]      message_handler.h:75    | < [textDocument/didClose] (finish)  (0 ms)
(  25.018s) [languageServer  ]       queue_manager.cc:195   | Run finishied message method 'textDocument/didClose'
(  25.018s) [languageServer  ]       queue_manager.cc:187   | Handler found for message method 'textDocument/didClose'
(  25.018s) [languageServer  ]      message_handler.h:70    | > [textDocument/didClose] (start) 
(  25.018s) [languageServer  ]     workspace_file.cpp:302   | > [WorkspaceFile] (start) 12_WEBSERVICE/PrdAdapter.prw (Not Open/Not Temp)
(  25.018s) [languageServer  ]     workspace_file.cpp:428   | < [WorkspaceFile] (finish) d:/totvs 12/microsiga/protheus/projetovscode/12_WEBSERVICE/PrdAdapter.prw (0 ms)
(  25.018s) [languageServer  ]      message_handler.h:75    | < [textDocument/didClose] (finish)  (0 ms)
(  25.018s) [languageServer  ]       queue_manager.cc:195   | Run finishied message method 'textDocument/didClose'
(  25.018s) [languageServer  ]       queue_manager.cc:187   | Handler found for message method 'textDocument/didOpen'
(  25.018s) [languageServer  ]      message_handler.h:70    | > [textDocument/didOpen] (start) 
(  25.019s) [languageServer  ]     workspace_file.cpp:302   | > [WorkspaceFile] (start) 12_WEBSERVICE/WSCadPrd.prw (Open/Not Temp)
(  25.339s) [languageServer  ]     workspace_file.cpp:428   | < [WorkspaceFile] (finish) d:/totvs 12/microsiga/protheus/projetovscode/12_WEBSERVICE/WSCadPrd.prw (32 ms)
(  25.339s) [languageServer  ]      message_handler.h:75    | < [textDocument/didOpen] (finish)  (32 ms)
(  25.339s) [languageServer  ]       queue_manager.cc:195   | Run finishied message method 'textDocument/didOpen'
(  25.340s) [languageServer  ]       queue_manager.cc:187   | Handler found for message method 'textDocument/didOpen'
(  25.340s) [languageServer  ]      message_handler.h:70    | > [textDocument/didOpen] (start) 
(  25.340s) [languageServer  ]     workspace_file.cpp:302   | > [WorkspaceFile] (start) 04_CONTABIL/LCD530S1.prw (Open/Not Temp)
(  25.536s) [languageServer  ]     workspace_file.cpp:428   | < [WorkspaceFile] (finish) d:/totvs 12/microsiga/protheus/projetovscode/04_CONTABIL/LCD530S1.prw (19 ms)
(  25.537s) [languageServer  ]      message_handler.h:75    | < [textDocument/didOpen] (finish)  (19 ms)
(  25.537s) [languageServer  ]       queue_manager.cc:195   | Run finishied message method 'textDocument/didOpen'
(  25.537s) [languageServer  ]       queue_manager.cc:187   | Handler found for message method 'textDocument/didOpen'
(  25.537s) [languageServer  ]      message_handler.h:70    | > [textDocument/didOpen] (start) 
(  25.537s) [languageServer  ]     workspace_file.cpp:302   | > [WorkspaceFile] (start) 02_COMPRAS/MSGDECRETO.PRW (Open/Not Temp)
(  25.798s) [languageServer  ]     workspace_file.cpp:428   | < [WorkspaceFile] (finish) d:/totvs 12/microsiga/protheus/projetovscode/02_COMPRAS/MSGDECRETO.PRW (26 ms)
(  25.798s) [languageServer  ]      message_handler.h:75    | < [textDocument/didOpen] (finish)  (26 ms)
(  25.798s) [languageServer  ]       queue_manager.cc:195   | Run finishied message method 'textDocument/didOpen'
(  25.798s) [languageServer  ]       queue_manager.cc:187   | Handler found for message method 'textDocument/didOpen'
(  25.798s) [languageServer  ]      message_handler.h:70    | > [textDocument/didOpen] (start) 
(  25.798s) [languageServer  ]     workspace_file.cpp:302   | > [WorkspaceFile] (start) 07_FINANCEIRO/F070BROW.prw (Open/Not Temp)
(  26.006s) [languageServer  ]        totvs_linter.cc:16    | linterParseDiagnostic: F070BROW.PRW:F070BROW.PRW(19)   For variable is not Local
(  26.006s) [languageServer  ]     workspace_file.cpp:428   | < [WorkspaceFile] (finish) d:/totvs 12/microsiga/protheus/projetovscode/07_FINANCEIRO/F070BROW.prw (20 ms)
(  26.006s) [languageServer  ]      message_handler.h:75    | < [textDocument/didOpen] (finish)  (20 ms)
(  26.006s) [languageServer  ]       queue_manager.cc:195   | Run finishied message method 'textDocument/didOpen'
(  26.006s) [languageServer  ]       queue_manager.cc:187   | Handler found for message method 'textDocument/didOpen'
(  26.006s) [languageServer  ]      message_handler.h:70    | > [textDocument/didOpen] (start) 
(  26.006s) [languageServer  ]     workspace_file.cpp:302   | > [WorkspaceFile] (start) 05_ESTOQUE/BUSCAQTD.prw (Open/Not Temp)
(  26.206s) [languageServer  ]     workspace_file.cpp:428   | < [WorkspaceFile] (finish) d:/totvs 12/microsiga/protheus/projetovscode/05_ESTOQUE/BUSCAQTD.prw (19 ms)
(  26.206s) [languageServer  ]      message_handler.h:75    | < [textDocument/didOpen] (finish)  (19 ms)
(  26.206s) [languageServer  ]       queue_manager.cc:195   | Run finishied message method 'textDocument/didOpen'
(  26.206s) [languageServer  ]       queue_manager.cc:187   | Handler found for message method 'textDocument/didOpen'
(  26.206s) [languageServer  ]      message_handler.h:70    | > [textDocument/didOpen] (start) 
(  26.206s) [languageServer  ]     workspace_file.cpp:302   | > [WorkspaceFile] (start) 12_WEBSERVICE/Rest06.prw (Open/Not Temp)
(  26.445s) [languageServer  ]        totvs_linter.cc:16    | linterParseDiagnostic: 
REST06.PRW(42) warning W0003 Local variable CSEARCHKEY never used
(  26.447s) [languageServer  ]     workspace_file.cpp:428   | < [WorkspaceFile] (finish) d:/totvs 12/microsiga/protheus/projetovscode/12_WEBSERVICE/Rest06.prw (24 ms)
(  26.447s) [languageServer  ]      message_handler.h:75    | < [textDocument/didOpen] (finish)  (24 ms)
(  26.447s) [languageServer  ]       queue_manager.cc:195   | Run finishied message method 'textDocument/didOpen'
(  26.447s) [languageServer  ]       queue_manager.cc:187   | Handler found for message method 'textDocument/didOpen'
(  26.447s) [languageServer  ]      message_handler.h:70    | > [textDocument/didOpen] (start) 
(  26.447s) [languageServer  ]     workspace_file.cpp:302   | > [WorkspaceFile] (start) 02_COMPRAS/MT103NFE.prw (Open/Not Temp)
(  26.544s) [languageServer  ]        totvs_linter.cc:16    | linterParseDiagnostic: 
MT103NFE.PRW(6) warning W0003 Local variable LRET never used
(  26.545s) [languageServer  ]     workspace_file.cpp:428   | < [WorkspaceFile] (finish) d:/totvs 12/microsiga/protheus/projetovscode/02_COMPRAS/MT103NFE.prw (9 ms)
(  26.545s) [languageServer  ]      message_handler.h:75    | < [textDocument/didOpen] (finish)  (9 ms)
(  26.545s) [languageServer  ]       queue_manager.cc:195   | Run finishied message method 'textDocument/didOpen'
(  26.545s) [languageServer  ]       queue_manager.cc:187   | Handler found for message method 'textDocument/didOpen'
(  26.545s) [languageServer  ]      message_handler.h:70    | > [textDocument/didOpen] (start) 
(  26.545s) [languageServer  ]     workspace_file.cpp:302   | > [WorkspaceFile] (start) 10_LIB/RelInWeb.prw (Open/Not Temp)
(  26.831s) [languageServer  ]     workspace_file.cpp:428   | < [WorkspaceFile] (finish) d:/totvs 12/microsiga/protheus/projetovscode/10_LIB/RelInWeb.prw (28 ms)
(  26.831s) [languageServer  ]      message_handler.h:75    | < [textDocument/didOpen] (finish)  (28 ms)
(  26.831s) [languageServer  ]       queue_manager.cc:195   | Run finishied message method 'textDocument/didOpen'
(  26.831s) [languageServer  ]       queue_manager.cc:187   | Handler found for message method 'textDocument/didOpen'
(  26.831s) [languageServer  ]      message_handler.h:70    | > [textDocument/didOpen] (start) 
(  26.831s) [languageServer  ]     workspace_file.cpp:302   | > [WorkspaceFile] (start) 02_COMPRAS/MATA110.prw (Open/Not Temp)
(  27.023s) [languageServer  ]     workspace_file.cpp:428   | < [WorkspaceFile] (finish) d:/totvs 12/microsiga/protheus/projetovscode/02_COMPRAS/MATA110.prw (19 ms)
(  27.023s) [languageServer  ]      message_handler.h:75    | < [textDocument/didOpen] (finish)  (19 ms)
(  27.023s) [languageServer  ]       queue_manager.cc:195   | Run finishied message method 'textDocument/didOpen'
(  27.023s) [languageServer  ]       queue_manager.cc:187   | Handler found for message method 'textDocument/didOpen'
(  27.023s) [languageServer  ]      message_handler.h:70    | > [textDocument/didOpen] (start) 
(  27.023s) [languageServer  ]     workspace_file.cpp:302   | > [WorkspaceFile] (start) 06_FATURAMENTO/DESCPDV.prw (Open/Not Temp)
(  27.236s) [languageServer  ]     workspace_file.cpp:428   | < [WorkspaceFile] (finish) d:/totvs 12/microsiga/protheus/projetovscode/06_FATURAMENTO/DESCPDV.prw (21 ms)
(  27.236s) [languageServer  ]      message_handler.h:75    | < [textDocument/didOpen] (finish)  (21 ms)
(  27.236s) [languageServer  ]       queue_manager.cc:195   | Run finishied message method 'textDocument/didOpen'
(  27.236s) [languageServer  ]       queue_manager.cc:187   | Handler found for message method 'textDocument/didClose'
(  27.236s) [languageServer  ]      message_handler.h:70    | > [textDocument/didClose] (start) 
(  27.236s) [languageServer  ]     workspace_file.cpp:302   | > [WorkspaceFile] (start) 02_COMPRAS/IMPNFE.prw (Not Open/Not Temp)
(  27.236s) [languageServer  ]     workspace_file.cpp:428   | < [WorkspaceFile] (finish) d:/totvs 12/microsiga/protheus/projetovscode/02_COMPRAS/IMPNFE.prw (0 ms)
(  27.236s) [languageServer  ]      message_handler.h:75    | < [textDocument/didClose] (finish)  (0 ms)
(  27.236s) [languageServer  ]       queue_manager.cc:195   | Run finishied message method 'textDocument/didClose'
(  27.236s) [languageServer  ]       queue_manager.cc:187   | Handler found for message method 'textDocument/didClose'
(  27.236s) [languageServer  ]      message_handler.h:70    | > [textDocument/didClose] (start) 
(  27.236s) [languageServer  ]     workspace_file.cpp:302   | > [WorkspaceFile] (start) 10_LIB/MArqForSrv.prw (Not Open/Not Temp)
(  27.236s) [languageServer  ]     workspace_file.cpp:428   | < [WorkspaceFile] (finish) d:/totvs 12/microsiga/protheus/projetovscode/10_LIB/MArqForSrv.prw (0 ms)
(  27.236s) [languageServer  ]      message_handler.h:75    | < [textDocument/didClose] (finish)  (0 ms)
(  27.236s) [languageServer  ]       queue_manager.cc:195   | Run finishied message method 'textDocument/didClose'
(  27.236s) [languageServer  ]       queue_manager.cc:187   | Handler found for message method 'textDocument/didClose'
(  27.236s) [languageServer  ]      message_handler.h:70    | > [textDocument/didClose] (start) 
(  27.236s) [languageServer  ]     workspace_file.cpp:302   | > [WorkspaceFile] (start) 10_LIB/MArqExpoB.prw (Not Open/Not Temp)
(  27.236s) [languageServer  ]     workspace_file.cpp:428   | < [WorkspaceFile] (finish) d:/totvs 12/microsiga/protheus/projetovscode/10_LIB/MArqExpoB.prw (0 ms)
(  27.236s) [languageServer  ]      message_handler.h:75    | < [textDocument/didClose] (finish)  (0 ms)
(  27.236s) [languageServer  ]       queue_manager.cc:195   | Run finishied message method 'textDocument/didClose'
(  27.236s) [languageServer  ]       queue_manager.cc:187   | Handler found for message method 'textDocument/didClose'
(  27.236s) [languageServer  ]      message_handler.h:70    | > [textDocument/didClose] (start) 
(  27.236s) [languageServer  ]     workspace_file.cpp:302   | > [WorkspaceFile] (start) 02_COMPRAS/dtcusto.prw (Not Open/Not Temp)
(  27.236s) [languageServer  ]     workspace_file.cpp:428   | < [WorkspaceFile] (finish) d:/totvs 12/microsiga/protheus/projetovscode/02_COMPRAS/dtcusto.prw (0 ms)
(  27.236s) [languageServer  ]      message_handler.h:75    | < [textDocument/didClose] (finish)  (0 ms)
(  27.236s) [languageServer  ]       queue_manager.cc:195   | Run finishied message method 'textDocument/didClose'
(  27.236s) [languageServer  ]       queue_manager.cc:187   | Handler found for message method 'textDocument/didClose'
(  27.236s) [languageServer  ]      message_handler.h:70    | > [textDocument/didClose] (start) 
(  27.236s) [languageServer  ]     workspace_file.cpp:302   | > [WorkspaceFile] (start) 10_LIB/MGETTELA.prw (Not Open/Not Temp)
(  27.236s) [languageServer  ]     workspace_file.cpp:428   | < [WorkspaceFile] (finish) d:/totvs 12/microsiga/protheus/projetovscode/10_LIB/MGETTELA.prw (0 ms)
(  27.237s) [languageServer  ]      message_handler.h:75    | < [textDocument/didClose] (finish)  (0 ms)
(  27.237s) [languageServer  ]       queue_manager.cc:195   | Run finishied message method 'textDocument/didClose'
(  27.237s) [languageServer  ]       queue_manager.cc:187   | Handler found for message method 'textDocument/didClose'
(  27.237s) [languageServer  ]      message_handler.h:70    | > [textDocument/didClose] (start) 
(  27.237s) [languageServer  ]     workspace_file.cpp:302   | > [WorkspaceFile] (start) 07_FINANCEIRO/F050MDVC.prw (Not Open/Not Temp)
(  27.237s) [languageServer  ]     workspace_file.cpp:428   | < [WorkspaceFile] (finish) d:/totvs 12/microsiga/protheus/projetovscode/07_FINANCEIRO/F050MDVC.prw (0 ms)
(  27.237s) [languageServer  ]      message_handler.h:75    | < [textDocument/didClose] (finish)  (0 ms)
(  27.237s) [languageServer  ]       queue_manager.cc:195   | Run finishied message method 'textDocument/didClose'
(  27.237s) [languageServer  ]       queue_manager.cc:187   | Handler found for message method 'textDocument/didClose'
(  27.237s) [languageServer  ]      message_handler.h:70    | > [textDocument/didClose] (start) 
(  27.237s) [languageServer  ]     workspace_file.cpp:302   | > [WorkspaceFile] (start) 02_COMPRAS/ITMmatr110.prx (Not Open/Not Temp)
(  27.237s) [languageServer  ]     workspace_file.cpp:428   | < [WorkspaceFile] (finish) d:/totvs 12/microsiga/protheus/projetovscode/02_COMPRAS/ITMmatr110.prx (0 ms)
(  27.237s) [languageServer  ]      message_handler.h:75    | < [textDocument/didClose] (finish)  (0 ms)
(  27.237s) [languageServer  ]       queue_manager.cc:195   | Run finishied message method 'textDocument/didClose'
(  27.237s) [languageServer  ]       queue_manager.cc:187   | Handler found for message method 'textDocument/didClose'
(  27.237s) [languageServer  ]      message_handler.h:70    | > [textDocument/didClose] (start) 
(  27.237s) [languageServer  ]     workspace_file.cpp:302   | > [WorkspaceFile] (start) 05_ESTOQUE/analise.prw (Not Open/Not Temp)
(  27.237s) [languageServer  ]     workspace_file.cpp:428   | < [WorkspaceFile] (finish) d:/totvs 12/microsiga/protheus/projetovscode/05_ESTOQUE/analise.prw (0 ms)
(  27.237s) [languageServer  ]      message_handler.h:75    | < [textDocument/didClose] (finish)  (0 ms)
(  27.237s) [languageServer  ]       queue_manager.cc:195   | Run finishied message method 'textDocument/didClose'
(  27.237s) [languageServer  ]       queue_manager.cc:187   | Handler found for message method 'textDocument/didClose'
(  27.237s) [languageServer  ]      message_handler.h:70    | > [textDocument/didClose] (start) 
(  27.237s) [languageServer  ]     workspace_file.cpp:302   | > [WorkspaceFile] (start) 10_LIB/MSupPesq.prw (Not Open/Not Temp)
(  27.237s) [languageServer  ]     workspace_file.cpp:428   | < [WorkspaceFile] (finish) d:/totvs 12/microsiga/protheus/projetovscode/10_LIB/MSupPesq.prw (0 ms)
(  27.237s) [languageServer  ]      message_handler.h:75    | < [textDocument/didClose] (finish)  (0 ms)
(  27.237s) [languageServer  ]       queue_manager.cc:195   | Run finishied message method 'textDocument/didClose'
(  27.237s) [languageServer  ]       queue_manager.cc:187   | Handler found for message method 'textDocument/didClose'
(  27.237s) [languageServer  ]      message_handler.h:70    | > [textDocument/didClose] (start) 
(  27.237s) [languageServer  ]     workspace_file.cpp:302   | > [WorkspaceFile] (start) 06_FATURAMENTO/ChkSc2.prw (Not Open/Not Temp)
(  27.237s) [languageServer  ]     workspace_file.cpp:428   | < [WorkspaceFile] (finish) d:/totvs 12/microsiga/protheus/projetovscode/06_FATURAMENTO/ChkSc2.prw (0 ms)
(  27.237s) [languageServer  ]      message_handler.h:75    | < [textDocument/didClose] (finish)  (0 ms)
(  27.237s) [languageServer  ]       queue_manager.cc:195   | Run finishied message method 'textDocument/didClose'
(  27.237s) [languageServer  ]       queue_manager.cc:187   | Handler found for message method 'textDocument/didOpen'
(  27.237s) [languageServer  ]      message_handler.h:70    | > [textDocument/didOpen] (start) 
(  27.237s) [languageServer  ]     workspace_file.cpp:302   | > [WorkspaceFile] (start) 06_FATURAMENTO/ChkSc6.prw (Open/Not Temp)
(  27.459s) [languageServer  ]     workspace_file.cpp:428   | < [WorkspaceFile] (finish) d:/totvs 12/microsiga/protheus/projetovscode/06_FATURAMENTO/ChkSc6.prw (22 ms)
(  27.459s) [languageServer  ]      message_handler.h:75    | < [textDocument/didOpen] (finish)  (22 ms)
(  27.459s) [languageServer  ]       queue_manager.cc:195   | Run finishied message method 'textDocument/didOpen'
(  27.459s) [languageServer  ]       queue_manager.cc:187   | Handler found for message method 'textDocument/didOpen'
(  27.459s) [languageServer  ]      message_handler.h:70    | > [textDocument/didOpen] (start) 
(  27.459s) [languageServer  ]     workspace_file.cpp:302   | > [WorkspaceFile] (start) 10_LIB/MXMLNFE.PRW (Open/Not Temp)
(  27.683s) [languageServer  ]     workspace_file.cpp:428   | < [WorkspaceFile] (finish) d:/totvs 12/microsiga/protheus/projetovscode/10_LIB/MXMLNFE.PRW (22 ms)
(  27.683s) [languageServer  ]      message_handler.h:75    | < [textDocument/didOpen] (finish)  (22 ms)
(  27.683s) [languageServer  ]       queue_manager.cc:195   | Run finishied message method 'textDocument/didOpen'
(  27.683s) [languageServer  ]       queue_manager.cc:187   | Handler found for message method 'textDocument/didOpen'
(  27.683s) [languageServer  ]      message_handler.h:70    | > [textDocument/didOpen] (start) 
(  27.683s) [languageServer  ]     workspace_file.cpp:302   | > [WorkspaceFile] (start) 05_ESTOQUE/BUSCALOTE.prw (Open/Not Temp)
(  27.863s) [languageServer  ]     workspace_file.cpp:428   | < [WorkspaceFile] (finish) d:/totvs 12/microsiga/protheus/projetovscode/05_ESTOQUE/BUSCALOTE.prw (18 ms)
(  27.863s) [languageServer  ]      message_handler.h:75    | < [textDocument/didOpen] (finish)  (18 ms)
(  27.863s) [languageServer  ]       queue_manager.cc:195   | Run finishied message method 'textDocument/didOpen'
(  27.863s) [languageServer  ]       queue_manager.cc:187   | Handler found for message method 'textDocument/didOpen'
(  27.863s) [languageServer  ]      message_handler.h:70    | > [textDocument/didOpen] (start) 
(  27.863s) [languageServer  ]     workspace_file.cpp:302   | > [WorkspaceFile] (start) 02_COMPRAS/MA103OPC.prw (Open/Not Temp)
(  28.140s) [languageServer  ]     workspace_file.cpp:428   | < [WorkspaceFile] (finish) d:/totvs 12/microsiga/protheus/projetovscode/02_COMPRAS/MA103OPC.prw (27 ms)
(  28.140s) [languageServer  ]      message_handler.h:75    | < [textDocument/didOpen] (finish)  (27 ms)
(  28.140s) [languageServer  ]       queue_manager.cc:195   | Run finishied message method 'textDocument/didOpen'
(  28.140s) [languageServer  ]       queue_manager.cc:187   | Handler found for message method 'textDocument/didOpen'
(  28.140s) [languageServer  ]      message_handler.h:70    | > [textDocument/didOpen] (start) 
(  28.140s) [languageServer  ]     workspace_file.cpp:302   | > [WorkspaceFile] (start) 07_FINANCEIRO/FA040DEL.PRW (Open/Not Temp)
(  28.357s) [languageServer  ]     workspace_file.cpp:428   | < [WorkspaceFile] (finish) d:/totvs 12/microsiga/protheus/projetovscode/07_FINANCEIRO/FA040DEL.PRW (21 ms)
(  28.357s) [languageServer  ]      message_handler.h:75    | < [textDocument/didOpen] (finish)  (21 ms)
(  28.357s) [languageServer  ]       queue_manager.cc:195   | Run finishied message method 'textDocument/didOpen'
(  28.357s) [languageServer  ]       queue_manager.cc:187   | Handler found for message method 'textDocument/didOpen'
(  28.357s) [languageServer  ]      message_handler.h:70    | > [textDocument/didOpen] (start) 
(  28.358s) [languageServer  ]     workspace_file.cpp:302   | > [WorkspaceFile] (start) 11_MNT/MNTNGAPP.PRW (Open/Not Temp)
(  28.564s) [languageServer  ]     workspace_file.cpp:428   | < [WorkspaceFile] (finish) d:/totvs 12/microsiga/protheus/projetovscode/11_MNT/MNTNGAPP.PRW (20 ms)
(  28.564s) [languageServer  ]      message_handler.h:75    | < [textDocument/didOpen] (finish)  (20 ms)
(  28.564s) [languageServer  ]       queue_manager.cc:195   | Run finishied message method 'textDocument/didOpen'
(  28.564s) [languageServer  ]       queue_manager.cc:187   | Handler found for message method 'textDocument/didOpen'
(  28.564s) [languageServer  ]      message_handler.h:70    | > [textDocument/didOpen] (start) 
(  28.564s) [languageServer  ]     workspace_file.cpp:302   | > [WorkspaceFile] (start) 10_LIB/WSCadCli.prw (Open/Not Temp)
(  28.861s) [languageServer  ]        totvs_linter.cc:16    | linterParseDiagnostic: 
WSCADCLI.PRW(50) warning W0011 Variable LRET redefined
WSCADCLI.PRW(52) warning W0011 Variable CNUMCLI redefined
WSCADCLI.PRW(60) warning W0003 Local variable CCIENTIFICO never used
WSCADCLI.PRW(59) warning W0003 Local variable CDESCERRO never used
WSCADCLI.PRW(60) warning W0003 Local variable CDESCRICAO never used
WSCADCLI.PRW(60) warning W0003 Local variable CGRUPO never used
WSCADCLI.PRW(60) warning W0003 Local variable CNCM never used
WSCADCLI.PRW(60) warning W0003 Local variable COBS never used
WSCADCLI.PRW(60) warning W0003 Local variable CORIGEM never used
WSCADCLI.PRW(60) warning W0003 Local variable CTIPO never used
WSCADCLI.PRW(60) warning W0003 Local variable CUNIDADE never used
(  28.863s) [languageServer  ]     workspace_file.cpp:428   | < [WorkspaceFile] (finish) d:/totvs 12/microsiga/protheus/projetovscode/10_LIB/WSCadCli.prw (29 ms)
(  28.863s) [languageServer  ]      message_handler.h:75    | < [textDocument/didOpen] (finish)  (29 ms)
(  28.863s) [languageServer  ]       queue_manager.cc:195   | Run finishied message method 'textDocument/didOpen'
(  28.863s) [languageServer  ]       queue_manager.cc:187   | Handler found for message method 'textDocument/didOpen'
(  28.863s) [languageServer  ]      message_handler.h:70    | > [textDocument/didOpen] (start) 
(  28.863s) [languageServer  ]     workspace_file.cpp:302   | > [WorkspaceFile] (start) 04_CONTABIL/MCT1CLI.prw (Open/Not Temp)
(  29.096s) [languageServer  ]     workspace_file.cpp:428   | < [WorkspaceFile] (finish) d:/totvs 12/microsiga/protheus/projetovscode/04_CONTABIL/MCT1CLI.prw (23 ms)
(  29.096s) [languageServer  ]      message_handler.h:75    | < [textDocument/didOpen] (finish)  (23 ms)
(  29.096s) [languageServer  ]       queue_manager.cc:195   | Run finishied message method 'textDocument/didOpen'
(  29.096s) [languageServer  ]       queue_manager.cc:187   | Handler found for message method 'textDocument/didOpen'
(  29.096s) [languageServer  ]      message_handler.h:70    | > [textDocument/didOpen] (start) 
(  29.096s) [languageServer  ]     workspace_file.cpp:302   | > [WorkspaceFile] (start) 05_ESTOQUE/IPADCC.prw (Open/Not Temp)
(  29.299s) [languageServer  ]     workspace_file.cpp:428   | < [WorkspaceFile] (finish) d:/totvs 12/microsiga/protheus/projetovscode/05_ESTOQUE/IPADCC.prw (20 ms)
(  29.299s) [languageServer  ]      message_handler.h:75    | < [textDocument/didOpen] (finish)  (20 ms)
(  29.299s) [languageServer  ]       queue_manager.cc:195   | Run finishied message method 'textDocument/didOpen'
(  29.299s) [languageServer  ]       queue_manager.cc:187   | Handler found for message method 'textDocument/didOpen'
(  29.299s) [languageServer  ]      message_handler.h:70    | > [textDocument/didOpen] (start) 
(  29.299s) [languageServer  ]     workspace_file.cpp:302   | > [WorkspaceFile] (start) 07_FINANCEIRO/F060ACT.PRW (Open/Not Temp)
(  29.591s) [languageServer  ]        totvs_linter.cc:16    | linterParseDiagnostic: 
F060ACT.PRW(297) warning W0003 Local variable LNDELE never used
F060ACT.PRW(293) warning W0003 Local variable NEDIT41 never used
F060ACT.PRW(294) warning W0003 Local variable OEDIT41 never used
(  29.594s) [languageServer  ]     workspace_file.cpp:428   | < [WorkspaceFile] (finish) d:/totvs 12/microsiga/protheus/projetovscode/07_FINANCEIRO/F060ACT.PRW (29 ms)
(  29.594s) [languageServer  ]      message_handler.h:75    | < [textDocument/didOpen] (finish)  (29 ms)
(  29.594s) [languageServer  ]       queue_manager.cc:195   | Run finishied message method 'textDocument/didOpen'
(  29.594s) [languageServer  ]       queue_manager.cc:187   | Handler found for message method 'textDocument/didClose'
(  29.595s) [languageServer  ]      message_handler.h:70    | > [textDocument/didClose] (start) 
(  29.595s) [languageServer  ]     workspace_file.cpp:302   | > [WorkspaceFile] (start) 07_FINANCEIRO/F050BROW.prw (Not Open/Not Temp)
(  29.595s) [languageServer  ]     workspace_file.cpp:428   | < [WorkspaceFile] (finish) d:/totvs 12/microsiga/protheus/projetovscode/07_FINANCEIRO/F050BROW.prw (0 ms)
(  29.595s) [languageServer  ]      message_handler.h:75    | < [textDocument/didClose] (finish)  (0 ms)
(  29.595s) [languageServer  ]       queue_manager.cc:195   | Run finishied message method 'textDocument/didClose'
(  29.595s) [languageServer  ]       queue_manager.cc:187   | Handler found for message method 'textDocument/didClose'
(  29.595s) [languageServer  ]      message_handler.h:70    | > [textDocument/didClose] (start) 
(  29.595s) [languageServer  ]     workspace_file.cpp:302   | > [WorkspaceFile] (start) 05_ESTOQUE/A330DECC.prw (Not Open/Not Temp)
(  29.595s) [languageServer  ]     workspace_file.cpp:428   | < [WorkspaceFile] (finish) d:/totvs 12/microsiga/protheus/projetovscode/05_ESTOQUE/A330DECC.prw (0 ms)
(  29.595s) [languageServer  ]      message_handler.h:75    | < [textDocument/didClose] (finish)  (0 ms)
(  29.595s) [languageServer  ]       queue_manager.cc:195   | Run finishied message method 'textDocument/didClose'
(  29.595s) [languageServer  ]       queue_manager.cc:187   | Handler found for message method 'textDocument/didClose'
(  29.595s) [languageServer  ]      message_handler.h:70    | > [textDocument/didClose] (start) 
(  29.595s) [languageServer  ]     workspace_file.cpp:302   | > [WorkspaceFile] (start) 02_COMPRAS/ImpSDQ.prw (Not Open/Not Temp)
(  29.595s) [languageServer  ]     workspace_file.cpp:428   | < [WorkspaceFile] (finish) d:/totvs 12/microsiga/protheus/projetovscode/02_COMPRAS/ImpSDQ.prw (0 ms)
(  29.595s) [languageServer  ]      message_handler.h:75    | < [textDocument/didClose] (finish)  (0 ms)
(  29.595s) [languageServer  ]       queue_manager.cc:195   | Run finishied message method 'textDocument/didClose'
(  29.595s) [languageServer  ]       queue_manager.cc:187   | Handler found for message method 'textDocument/didClose'
(  29.595s) [languageServer  ]      message_handler.h:70    | > [textDocument/didClose] (start) 
(  29.595s) [languageServer  ]     workspace_file.cpp:302   | > [WorkspaceFile] (start) 07_FINANCEIRO/F040PCO.PRW (Not Open/Not Temp)
(  29.595s) [languageServer  ]     workspace_file.cpp:428   | < [WorkspaceFile] (finish) d:/totvs 12/microsiga/protheus/projetovscode/07_FINANCEIRO/F040PCO.PRW (0 ms)
(  29.595s) [languageServer  ]      message_handler.h:75    | < [textDocument/didClose] (finish)  (0 ms)
(  29.595s) [languageServer  ]       queue_manager.cc:195   | Run finishied message method 'textDocument/didClose'
(  29.595s) [languageServer  ]       queue_manager.cc:187   | Handler found for message method 'textDocument/didClose'
(  29.595s) [languageServer  ]      message_handler.h:70    | > [textDocument/didClose] (start) 
(  29.595s) [languageServer  ]     workspace_file.cpp:302   | > [WorkspaceFile] (start) 10_LIB/FONTE_GR/GROA056.PRW (Not Open/Not Temp)
(  29.595s) [languageServer  ]     workspace_file.cpp:428   | < [WorkspaceFile] (finish) d:/totvs 12/microsiga/protheus/projetovscode/10_LIB/FONTE_GR/GROA056.PRW (0 ms)
(  29.595s) [languageServer  ]      message_handler.h:75    | < [textDocument/didClose] (finish)  (0 ms)
(  29.595s) [languageServer  ]       queue_manager.cc:195   | Run finishied message method 'textDocument/didClose'
(  29.595s) [languageServer  ]       queue_manager.cc:187   | Handler found for message method 'textDocument/didClose'
(  29.595s) [languageServer  ]      message_handler.h:70    | > [textDocument/didClose] (start) 
(  29.595s) [languageServer  ]     workspace_file.cpp:302   | > [WorkspaceFile] (start) 07_FINANCEIRO/BLQFINA.PRW (Not Open/Not Temp)
(  29.595s) [languageServer  ]     workspace_file.cpp:428   | < [WorkspaceFile] (finish) d:/totvs 12/microsiga/protheus/projetovscode/07_FINANCEIRO/BLQFINA.PRW (0 ms)
(  29.595s) [languageServer  ]      message_handler.h:75    | < [textDocument/didClose] (finish)  (0 ms)
(  29.595s) [languageServer  ]       queue_manager.cc:195   | Run finishied message method 'textDocument/didClose'
(  29.595s) [languageServer  ]       queue_manager.cc:187   | Handler found for message method 'textDocument/didClose'
(  29.595s) [languageServer  ]      message_handler.h:70    | > [textDocument/didClose] (start) 
(  29.595s) [languageServer  ]     workspace_file.cpp:302   | > [WorkspaceFile] (start) 10_LIB/MLIMPAMASK.PRW (Not Open/Not Temp)
(  29.595s) [languageServer  ]     workspace_file.cpp:428   | < [WorkspaceFile] (finish) d:/totvs 12/microsiga/protheus/projetovscode/10_LIB/MLIMPAMASK.PRW (0 ms)
(  29.595s) [languageServer  ]      message_handler.h:75    | < [textDocument/didClose] (finish)  (0 ms)
(  29.595s) [languageServer  ]       queue_manager.cc:195   | Run finishied message method 'textDocument/didClose'
(  29.595s) [languageServer  ]       queue_manager.cc:187   | Handler found for message method 'textDocument/didClose'
(  29.595s) [languageServer  ]      message_handler.h:70    | > [textDocument/didClose] (start) 
(  29.595s) [languageServer  ]     workspace_file.cpp:302   | > [WorkspaceFile] (start) 02_COMPRAS/IMPPC.PRW (Not Open/Not Temp)
(  29.595s) [languageServer  ]     workspace_file.cpp:428   | < [WorkspaceFile] (finish) d:/totvs 12/microsiga/protheus/projetovscode/02_COMPRAS/IMPPC.PRW (0 ms)
(  29.595s) [languageServer  ]      message_handler.h:75    | < [textDocument/didClose] (finish)  (0 ms)
(  29.595s) [languageServer  ]       queue_manager.cc:195   | Run finishied message method 'textDocument/didClose'
(  29.595s) [languageServer  ]       queue_manager.cc:187   | Handler found for message method 'textDocument/didClose'
(  29.595s) [languageServer  ]      message_handler.h:70    | > [textDocument/didClose] (start) 
(  29.595s) [languageServer  ]     workspace_file.cpp:302   | > [WorkspaceFile] (start) 10_LIB/MWHASTSSEND.PRW (Not Open/Not Temp)
(  29.595s) [languageServer  ]     workspace_file.cpp:428   | < [WorkspaceFile] (finish) d:/totvs 12/microsiga/protheus/projetovscode/10_LIB/MWHASTSSEND.PRW (0 ms)
(  29.595s) [languageServer  ]      message_handler.h:75    | < [textDocument/didClose] (finish)  (0 ms)
(  29.595s) [languageServer  ]       queue_manager.cc:195   | Run finishied message method 'textDocument/didClose'
(  29.595s) [languageServer  ]       queue_manager.cc:187   | Handler found for message method 'textDocument/didClose'
(  29.595s) [languageServer  ]      message_handler.h:70    | > [textDocument/didClose] (start) 
(  29.595s) [languageServer  ]     workspace_file.cpp:302   | > [WorkspaceFile] (start) 10_LIB/MCONTNUM.PRW (Not Open/Not Temp)
(  29.595s) [languageServer  ]     workspace_file.cpp:428   | < [WorkspaceFile] (finish) d:/totvs 12/microsiga/protheus/projetovscode/10_LIB/MCONTNUM.PRW (0 ms)
(  29.595s) [languageServer  ]      message_handler.h:75    | < [textDocument/didClose] (finish)  (0 ms)
(  29.595s) [languageServer  ]       queue_manager.cc:195   | Run finishied message method 'textDocument/didClose'
(  29.595s) [languageServer  ]       queue_manager.cc:187   | Handler found for message method 'textDocument/didOpen'
(  29.595s) [languageServer  ]      message_handler.h:70    | > [textDocument/didOpen] (start) 
(  29.596s) [languageServer  ]     workspace_file.cpp:302   | > [WorkspaceFile] (start) 11_MNT/PLANTA.PRW (Open/Not Temp)
(  29.813s) [languageServer  ]     workspace_file.cpp:428   | < [WorkspaceFile] (finish) d:/totvs 12/microsiga/protheus/projetovscode/11_MNT/PLANTA.PRW (21 ms)
(  29.813s) [languageServer  ]      message_handler.h:75    | < [textDocument/didOpen] (finish)  (21 ms)
(  29.813s) [languageServer  ]       queue_manager.cc:195   | Run finishied message method 'textDocument/didOpen'
(  29.814s) [languageServer  ]       queue_manager.cc:187   | Handler found for message method 'textDocument/didOpen'
(  29.814s) [languageServer  ]      message_handler.h:70    | > [textDocument/didOpen] (start) 
(  29.814s) [languageServer  ]     workspace_file.cpp:302   | > [WorkspaceFile] (start) 04_CONTABIL/MLPNAT.prw (Open/Not Temp)
(  30.038s) [languageServer  ]     workspace_file.cpp:428   | < [WorkspaceFile] (finish) d:/totvs 12/microsiga/protheus/projetovscode/04_CONTABIL/MLPNAT.prw (22 ms)
(  30.038s) [languageServer  ]      message_handler.h:75    | < [textDocument/didOpen] (finish)  (22 ms)
(  30.038s) [languageServer  ]       queue_manager.cc:195   | Run finishied message method 'textDocument/didOpen'
(  30.038s) [languageServer  ]       queue_manager.cc:187   | Handler found for message method 'textDocument/didOpen'
(  30.038s) [languageServer  ]      message_handler.h:70    | > [textDocument/didOpen] (start) 
(  30.038s) [languageServer  ]     workspace_file.cpp:302   | > [WorkspaceFile] (start) 05_ESTOQUE/M105BUT.prw (Open/Not Temp)
(  30.251s) [languageServer  ]        totvs_linter.cc:16    | linterParseDiagnostic: 
M105BUT.PRW(39) warning W0003 Local variable AAREASD4 never used
M105BUT.PRW(40) warning W0003 Local variable AAREASDC never used
M105BUT.PRW(41) warning W0003 Local variable AAREASG1 never used
M105BUT.PRW(38) warning W0003 Local variable ACOLSPE never used
M105BUT.PRW(37) warning W0003 Local variable AESTRUTURA never used
M105BUT.PRW(50) warning W0003 Local variable CLOCPROC never used
M105BUT.PRW(42) warning W0003 Local variable LSUGSEMSLD never used
M105BUT.PRW(44) warning W0003 Local variable NPERCOP never used
M105BUT.PRW(45) warning W0003 Local variable NPOSCOD never used
(  30.252s) [languageServer  ]     workspace_file.cpp:428   | < [WorkspaceFile] (finish) d:/totvs 12/microsiga/protheus/projetovscode/05_ESTOQUE/M105BUT.prw (21 ms)
(  30.253s) [languageServer  ]      message_handler.h:75    | < [textDocument/didOpen] (finish)  (21 ms)
(  30.253s) [languageServer  ]       queue_manager.cc:195   | Run finishied message method 'textDocument/didOpen'
(  30.253s) [languageServer  ]       queue_manager.cc:187   | Handler found for message method 'textDocument/didOpen'
(  30.253s) [languageServer  ]      message_handler.h:70    | > [textDocument/didOpen] (start) 
(  30.253s) [languageServer  ]     workspace_file.cpp:302   | > [WorkspaceFile] (start) 10_LIB/zIsMVC.prw (Open/Not Temp)
(  30.548s) [languageServer  ]     workspace_file.cpp:428   | < [WorkspaceFile] (finish) d:/totvs 12/microsiga/protheus/projetovscode/10_LIB/zIsMVC.prw (29 ms)
(  30.548s) [languageServer  ]      message_handler.h:75    | < [textDocument/didOpen] (finish)  (29 ms)
(  30.548s) [languageServer  ]       queue_manager.cc:195   | Run finishied message method 'textDocument/didOpen'
(  30.548s) [languageServer  ]       queue_manager.cc:187   | Handler found for message method 'textDocument/didOpen'
(  30.548s) [languageServer  ]      message_handler.h:70    | > [textDocument/didOpen] (start) 
(  30.548s) [languageServer  ]     workspace_file.cpp:302   | > [WorkspaceFile] (start) 02_COMPRAS/MT103TOK.PRW (Open/Not Temp)
(  30.759s) [languageServer  ]     workspace_file.cpp:428   | < [WorkspaceFile] (finish) d:/totvs 12/microsiga/protheus/projetovscode/02_COMPRAS/MT103TOK.PRW (21 ms)
(  30.759s) [languageServer  ]      message_handler.h:75    | < [textDocument/didOpen] (finish)  (21 ms)
(  30.759s) [languageServer  ]       queue_manager.cc:195   | Run finishied message method 'textDocument/didOpen'
(  30.759s) [languageServer  ]       queue_manager.cc:187   | Handler found for message method 'textDocument/didOpen'
(  30.759s) [languageServer  ]      message_handler.h:70    | > [textDocument/didOpen] (start) 
(  30.759s) [languageServer  ]     workspace_file.cpp:302   | > [WorkspaceFile] (start) 05_ESTOQUE/ITM_MEST010.prw (Open/Not Temp)
(  30.982s) [languageServer  ]        totvs_linter.cc:16    | linterParseDiagnostic: 
ITM_MEST010.PRW(75) warning W0003 Local variable NBTLIDOS never used
ITM_MEST010.PRW(75) warning W0003 Local variable NTAMFILE never used
ITM_MEST010.PRW(75) warning W0003 Local variable NTAMLIN never used
(  30.983s) [languageServer  ]     workspace_file.cpp:428   | < [WorkspaceFile] (finish) d:/totvs 12/microsiga/protheus/projetovscode/05_ESTOQUE/ITM_MEST010.prw (22 ms)
(  30.983s) [languageServer  ]      message_handler.h:75    | < [textDocument/didOpen] (finish)  (22 ms)
(  30.983s) [languageServer  ]       queue_manager.cc:195   | Run finishied message method 'textDocument/didOpen'
(  30.983s) [languageServer  ]       queue_manager.cc:187   | Handler found for message method 'textDocument/didOpen'
(  30.983s) [languageServer  ]      message_handler.h:70    | > [textDocument/didOpen] (start) 
(  30.983s) [languageServer  ]     workspace_file.cpp:302   | > [WorkspaceFile] (start) 07_FINANCEIRO/FA040INC.PRW (Open/Not Temp)
(  31.208s) [languageServer  ]     workspace_file.cpp:428   | < [WorkspaceFile] (finish) d:/totvs 12/microsiga/protheus/projetovscode/07_FINANCEIRO/FA040INC.PRW (22 ms)
(  31.208s) [languageServer  ]      message_handler.h:75    | < [textDocument/didOpen] (finish)  (22 ms)
(  31.208s) [languageServer  ]       queue_manager.cc:195   | Run finishied message method 'textDocument/didOpen'
(  31.208s) [languageServer  ]       queue_manager.cc:187   | Handler found for message method 'textDocument/didOpen'
(  31.208s) [languageServer  ]      message_handler.h:70    | > [textDocument/didOpen] (start) 
(  31.209s) [languageServer  ]     workspace_file.cpp:302   | > [WorkspaceFile] (start) 05_ESTOQUE/Matr910.prw (Open/Not Temp)
(  31.898s) [languageServer  ]        totvs_linter.cc:16    | linterParseDiagnostic: 
MATR910.PRW(17) warning W0003 Local variable OREPORT never used
MATR910.PRW(58) warning W0003 Local variable OCELL never used
MATR910.PRW(330) warning W0003 Local variable ARECTRF never used
MATR910.PRW(341) warning W0003 Local variable BBLOCO never used
MATR910.PRW(300) warning W0003 Local variable CALIAS never used
MATR910.PRW(325) warning W0003 Local variable CARQ1 never used
MATR910.PRW(304) warning W0003 Local variable CCAMPO1 never used
MATR910.PRW(304) warning W0003 Local variable CCAMPO2 never used
MATR910.PRW(304) warning W0003 Local variable CCAMPO3 never used
MATR910.PRW(304) warning W0003 Local variable CCAMPO4 never used
MATR910.PRW(299) warning W0003 Local variable CCOND1 never used
MATR910.PRW(299) warning W0003 Local variable CCOND2 never used
MATR910.PRW(299) warning W0003 Local variable CCUSTO never used
MATR910.PRW(304) warning W0003 Local variable CINDICE never used
MATR910.PRW(297) warning W0003 Local variable CPICB2QT never used
MATR910.PRW(306) warning W0003 Local variable CSEQINI never used
MATR910.PRW(302) warning W0003 Local variable CTRBSD2 never used
MATR910.PRW(303) warning W0003 Local variable CTRBSD3 never used
MATR910.PRW(293) warning W0003 Local variable DCNTDATA never used
MATR910.PRW(292) warning W0003 Local variable NGENTRADA never used
MATR910.PRW(292) warning W0003 Local variable NGSAIDA never used
MATR910.PRW(304) warning W0003 Local variable NIND never used
MATR910.PRW(326) warning W0003 Local variable NIND1 never used
MATR910.PRW(293) warning W0003 Local variable NREC1 never used
MATR910.PRW(293) warning W0003 Local variable NREC2 never used
MATR910.PRW(293) warning W0003 Local variable NREC3 never used
MATR910.PRW(328) warning W0003 Local variable NRECTRF1 never used
MATR910.PRW(329) warning W0003 Local variable NRECTRF2 never used
MATR910.PRW(305) warning W0003 Local variable NREGTR never used
MATR910.PRW(293) warning W0003 Local variable NSAVREC never used
(  31.929s) [languageServer  ]     workspace_file.cpp:428   | < [WorkspaceFile] (finish) d:/totvs 12/microsiga/protheus/projetovscode/05_ESTOQUE/Matr910.prw (72 ms)
(  31.930s) [languageServer  ]      message_handler.h:75    | < [textDocument/didOpen] (finish)  (72 ms)
(  31.930s) [languageServer  ]       queue_manager.cc:195   | Run finishied message method 'textDocument/didOpen'
(  31.930s) [languageServer  ]       queue_manager.cc:187   | Handler found for message method 'textDocument/didOpen'
(  31.930s) [languageServer  ]      message_handler.h:70    | > [textDocument/didOpen] (start) 
(  31.930s) [languageServer  ]     workspace_file.cpp:302   | > [WorkspaceFile] (start) 04_CONTABIL/RCTBM001.prw (Open/Not Temp)
(  32.188s) [languageServer  ]     workspace_file.cpp:428   | < [WorkspaceFile] (finish) d:/totvs 12/microsiga/protheus/projetovscode/04_CONTABIL/RCTBM001.prw (25 ms)
(  32.188s) [languageServer  ]      message_handler.h:75    | < [textDocument/didOpen] (finish)  (25 ms)
(  32.188s) [languageServer  ]       queue_manager.cc:195   | Run finishied message method 'textDocument/didOpen'
(  32.188s) [languageServer  ]       queue_manager.cc:187   | Handler found for message method 'textDocument/didOpen'
(  32.188s) [languageServer  ]      message_handler.h:70    | > [textDocument/didOpen] (start) 
(  32.189s) [languageServer  ]     workspace_file.cpp:302   | > [WorkspaceFile] (start) 05_ESTOQUE/MATR300.PRW (Open/Not Temp)
(  32.508s) [languageServer  ]        totvs_linter.cc:16    | linterParseDiagnostic: 
MATR300.PRW(20) warning W0003 Local variable OREPORT never used
MATR300.PRW(558) warning W0003 Local variable NTIPO never used
MATR300.PRW(640) warning W0019 Statement unbalanced function in C300IMP. This warning will be an error in future version.
(  32.516s) [languageServer  ]     workspace_file.cpp:428   | < [WorkspaceFile] (finish) d:/totvs 12/microsiga/protheus/projetovscode/05_ESTOQUE/MATR300.PRW (32 ms)
(  32.516s) [languageServer  ]      message_handler.h:75    | < [textDocument/didOpen] (finish)  (32 ms)
(  32.516s) [languageServer  ]       queue_manager.cc:195   | Run finishied message method 'textDocument/didOpen'
(  32.516s) [languageServer  ]       queue_manager.cc:187   | Handler found for message method 'textDocument/didClose'
(  32.516s) [languageServer  ]      message_handler.h:70    | > [textDocument/didClose] (start) 
(  32.516s) [languageServer  ]     workspace_file.cpp:302   | > [WorkspaceFile] (start) 07_FINANCEIRO/F380RECO.prw (Not Open/Not Temp)
(  32.516s) [languageServer  ]     workspace_file.cpp:428   | < [WorkspaceFile] (finish) d:/totvs 12/microsiga/protheus/projetovscode/07_FINANCEIRO/F380RECO.prw (0 ms)
(  32.516s) [languageServer  ]      message_handler.h:75    | < [textDocument/didClose] (finish)  (0 ms)
(  32.516s) [languageServer  ]       queue_manager.cc:195   | Run finishied message method 'textDocument/didClose'
(  32.516s) [languageServer  ]       queue_manager.cc:187   | Handler found for message method 'textDocument/didClose'
(  32.516s) [languageServer  ]      message_handler.h:70    | > [textDocument/didClose] (start) 
(  32.516s) [languageServer  ]     workspace_file.cpp:302   | > [WorkspaceFile] (start) 10_LIB/Testasx1.prw (Not Open/Not Temp)
(  32.516s) [languageServer  ]     workspace_file.cpp:428   | < [WorkspaceFile] (finish) d:/totvs 12/microsiga/protheus/projetovscode/10_LIB/Testasx1.prw (0 ms)
(  32.516s) [languageServer  ]      message_handler.h:75    | < [textDocument/didClose] (finish)  (0 ms)
(  32.516s) [languageServer  ]       queue_manager.cc:195   | Run finishied message method 'textDocument/didClose'
(  32.516s) [languageServer  ]       queue_manager.cc:187   | Handler found for message method 'textDocument/didClose'
(  32.516s) [languageServer  ]      message_handler.h:70    | > [textDocument/didClose] (start) 
(  32.516s) [languageServer  ]     workspace_file.cpp:302   | > [WorkspaceFile] (start) 05_ESTOQUE/cmatr285.prx (Not Open/Not Temp)
(  32.516s) [languageServer  ]     workspace_file.cpp:428   | < [WorkspaceFile] (finish) d:/totvs 12/microsiga/protheus/projetovscode/05_ESTOQUE/cmatr285.prx (0 ms)
(  32.516s) [languageServer  ]      message_handler.h:75    | < [textDocument/didClose] (finish)  (0 ms)
(  32.516s) [languageServer  ]       queue_manager.cc:195   | Run finishied message method 'textDocument/didClose'
(  32.516s) [languageServer  ]       queue_manager.cc:187   | Handler found for message method 'textDocument/didClose'
(  32.516s) [languageServer  ]      message_handler.h:70    | > [textDocument/didClose] (start) 
(  32.516s) [languageServer  ]     workspace_file.cpp:302   | > [WorkspaceFile] (start) 12_WEBSERVICE/webbaixaest.prw (Not Open/Not Temp)
(  32.516s) [languageServer  ]     workspace_file.cpp:428   | < [WorkspaceFile] (finish) d:/totvs 12/microsiga/protheus/projetovscode/12_WEBSERVICE/webbaixaest.prw (0 ms)
(  32.516s) [languageServer  ]      message_handler.h:75    | < [textDocument/didClose] (finish)  (0 ms)
(  32.516s) [languageServer  ]       queue_manager.cc:195   | Run finishied message method 'textDocument/didClose'
(  32.516s) [languageServer  ]       queue_manager.cc:187   | Handler found for message method 'textDocument/didClose'
(  32.516s) [languageServer  ]      message_handler.h:70    | > [textDocument/didClose] (start) 
(  32.516s) [languageServer  ]     workspace_file.cpp:302   | > [WorkspaceFile] (start) 02_COMPRAS/MT100LOK.prw (Not Open/Not Temp)
(  32.516s) [languageServer  ]     workspace_file.cpp:428   | < [WorkspaceFile] (finish) d:/totvs 12/microsiga/protheus/projetovscode/02_COMPRAS/MT100LOK.prw (0 ms)
(  32.516s) [languageServer  ]      message_handler.h:75    | < [textDocument/didClose] (finish)  (0 ms)
(  32.516s) [languageServer  ]       queue_manager.cc:195   | Run finishied message method 'textDocument/didClose'
(  32.516s) [languageServer  ]       queue_manager.cc:187   | Handler found for message method 'textDocument/didClose'
(  32.516s) [languageServer  ]      message_handler.h:70    | > [textDocument/didClose] (start) 
(  32.516s) [languageServer  ]     workspace_file.cpp:302   | > [WorkspaceFile] (start) 07_FINANCEIRO/F380CPOS.PRW (Not Open/Not Temp)
(  32.516s) [languageServer  ]     workspace_file.cpp:428   | < [WorkspaceFile] (finish) d:/totvs 12/microsiga/protheus/projetovscode/07_FINANCEIRO/F380CPOS.PRW (0 ms)
(  32.516s) [languageServer  ]      message_handler.h:75    | < [textDocument/didClose] (finish)  (0 ms)
(  32.516s) [languageServer  ]       queue_manager.cc:195   | Run finishied message method 'textDocument/didClose'
(  32.516s) [languageServer  ]       queue_manager.cc:187   | Handler found for message method 'textDocument/didClose'
(  32.516s) [languageServer  ]      message_handler.h:70    | > [textDocument/didClose] (start) 
(  32.516s) [languageServer  ]     workspace_file.cpp:302   | > [WorkspaceFile] (start) 10_LIB/SWWINWP.PRW (Not Open/Not Temp)
(  32.516s) [languageServer  ]     workspace_file.cpp:428   | < [WorkspaceFile] (finish) d:/totvs 12/microsiga/protheus/projetovscode/10_LIB/SWWINWP.PRW (0 ms)
(  32.516s) [languageServer  ]      message_handler.h:75    | < [textDocument/didClose] (finish)  (0 ms)
(  32.516s) [languageServer  ]       queue_manager.cc:195   | Run finishied message method 'textDocument/didClose'
(  32.516s) [languageServer  ]       queue_manager.cc:187   | Handler found for message method 'textDocument/didClose'
(  32.517s) [languageServer  ]      message_handler.h:70    | > [textDocument/didClose] (start) 
(  32.517s) [languageServer  ]     workspace_file.cpp:302   | > [WorkspaceFile] (start) 10_LIB/SWCLASSWP.PRW (Not Open/Not Temp)
(  32.517s) [languageServer  ]     workspace_file.cpp:428   | < [WorkspaceFile] (finish) d:/totvs 12/microsiga/protheus/projetovscode/10_LIB/SWCLASSWP.PRW (0 ms)
(  32.517s) [languageServer  ]      message_handler.h:75    | < [textDocument/didClose] (finish)  (0 ms)
(  32.517s) [languageServer  ]       queue_manager.cc:195   | Run finishied message method 'textDocument/didClose'
(  32.517s) [languageServer  ]       queue_manager.cc:187   | Handler found for message method 'textDocument/didClose'
(  32.517s) [languageServer  ]      message_handler.h:70    | > [textDocument/didClose] (start) 
(  32.517s) [languageServer  ]     workspace_file.cpp:302   | > [WorkspaceFile] (start) 07_FINANCEIRO/F070BTOK.prw (Not Open/Not Temp)
(  32.517s) [languageServer  ]     workspace_file.cpp:428   | < [WorkspaceFile] (finish) d:/totvs 12/microsiga/protheus/projetovscode/07_FINANCEIRO/F070BTOK.prw (0 ms)
(  32.517s) [languageServer  ]      message_handler.h:75    | < [textDocument/didClose] (finish)  (0 ms)
(  32.517s) [languageServer  ]       queue_manager.cc:195   | Run finishied message method 'textDocument/didClose'
(  32.517s) [languageServer  ]       queue_manager.cc:187   | Handler found for message method 'textDocument/didClose'
(  32.517s) [languageServer  ]      message_handler.h:70    | > [textDocument/didClose] (start) 
(  32.517s) [languageServer  ]     workspace_file.cpp:302   | > [WorkspaceFile] (start) 05_ESTOQUE/CCUSTO_MVC.prw (Not Open/Not Temp)
(  32.517s) [languageServer  ]     workspace_file.cpp:428   | < [WorkspaceFile] (finish) d:/totvs 12/microsiga/protheus/projetovscode/05_ESTOQUE/CCUSTO_MVC.prw (0 ms)
(  32.517s) [languageServer  ]      message_handler.h:75    | < [textDocument/didClose] (finish)  (0 ms)
(  32.517s) [languageServer  ]       queue_manager.cc:195   | Run finishied message method 'textDocument/didClose'
(  32.517s) [languageServer  ]       queue_manager.cc:187   | Handler found for message method 'textDocument/didOpen'
(  32.517s) [languageServer  ]      message_handler.h:70    | > [textDocument/didOpen] (start) 
(  32.517s) [languageServer  ]     workspace_file.cpp:302   | > [WorkspaceFile] (start) 06_FATURAMENTO/GM460FIM.PRW (Open/Not Temp)
(  32.618s) [languageServer  ]        totvs_linter.cc:16    | linterParseDiagnostic: 
GM460FIM.PRW(18) warning W0003 Local variable APESO never used
GM460FIM.PRW(20) warning W0003 Local variable CBOLETO never used
GM460FIM.PRW(21) warning W0003 Local variable CMSGNOTA never used
GM460FIM.PRW(22) warning W0003 Local variable CNOTAS never used
GM460FIM.PRW(19) warning W0003 Local variable NRESULT never used
(  32.620s) [languageServer  ]     workspace_file.cpp:428   | < [WorkspaceFile] (finish) d:/totvs 12/microsiga/protheus/projetovscode/06_FATURAMENTO/GM460FIM.PRW (10 ms)
(  32.620s) [languageServer  ]      message_handler.h:75    | < [textDocument/didOpen] (finish)  (10 ms)
(  32.620s) [languageServer  ]       queue_manager.cc:195   | Run finishied message method 'textDocument/didOpen'
(  32.620s) [languageServer  ]       queue_manager.cc:187   | Handler found for message method 'textDocument/didOpen'
(  32.620s) [languageServer  ]      message_handler.h:70    | > [textDocument/didOpen] (start) 
(  32.621s) [languageServer  ]     workspace_file.cpp:302   | > [WorkspaceFile] (start) 11_MNT/xMNTR676.prw (Open/Not Temp)
(  33.021s) [languageServer  ]        totvs_linter.cc:16    | linterParseDiagnostic: 
XMNTR676.PRW(76) warning W0003 Local variable CSTRING never used
XMNTR676.PRW(960) warning W0003 Local variable CDIREXETH never used
XMNTR676.PRW(961) warning W0003 Local variable CLOCDESC never used
XMNTR676.PRW(1218) warning W0003 Local variable CSTRING never used
XMNTR676.PRW(1281) warning W0003 Local variable CTRB never used
(  33.036s) [languageServer  ]     workspace_file.cpp:428   | < [WorkspaceFile] (finish) d:/totvs 12/microsiga/protheus/projetovscode/11_MNT/xMNTR676.prw (41 ms)
(  33.036s) [languageServer  ]      message_handler.h:75    | < [textDocument/didOpen] (finish)  (41 ms)
(  33.036s) [languageServer  ]       queue_manager.cc:195   | Run finishied message method 'textDocument/didOpen'
(  33.036s) [languageServer  ]       queue_manager.cc:187   | Handler found for message method 'textDocument/didOpen'
(  33.036s) [languageServer  ]      message_handler.h:70    | > [textDocument/didOpen] (start) 
(  33.036s) [languageServer  ]     workspace_file.cpp:302   | > [WorkspaceFile] (start) 04_CONTABIL/MLPTESNF.prw (Open/Not Temp)
(  33.250s) [languageServer  ]        totvs_linter.cc:16    | linterParseDiagnostic: MLPTESNF.PRW:MLPTESNF.PRW(57)   For variable is not Local
(  33.251s) [languageServer  ]     workspace_file.cpp:428   | < [WorkspaceFile] (finish) d:/totvs 12/microsiga/protheus/projetovscode/04_CONTABIL/MLPTESNF.prw (21 ms)
(  33.251s) [languageServer  ]      message_handler.h:75    | < [textDocument/didOpen] (finish)  (21 ms)
(  33.251s) [languageServer  ]       queue_manager.cc:195   | Run finishied message method 'textDocument/didOpen'
(  33.251s) [languageServer  ]       queue_manager.cc:187   | Handler found for message method 'textDocument/didOpen'
(  33.251s) [languageServer  ]      message_handler.h:70    | > [textDocument/didOpen] (start) 
(  33.251s) [languageServer  ]     workspace_file.cpp:302   | > [WorkspaceFile] (start) 05_ESTOQUE/M185GRV.PRW (Open/Not Temp)
(  33.475s) [languageServer  ]     workspace_file.cpp:428   | < [WorkspaceFile] (finish) d:/totvs 12/microsiga/protheus/projetovscode/05_ESTOQUE/M185GRV.PRW (22 ms)
(  33.475s) [languageServer  ]      message_handler.h:75    | < [textDocument/didOpen] (finish)  (22 ms)
(  33.475s) [languageServer  ]       queue_manager.cc:195   | Run finishied message method 'textDocument/didOpen'
(  33.475s) [languageServer  ]       queue_manager.cc:187   | Handler found for message method 'textDocument/didOpen'
(  33.475s) [languageServer  ]      message_handler.h:70    | > [textDocument/didOpen] (start) 
(  33.475s) [languageServer  ]     workspace_file.cpp:302   | > [WorkspaceFile] (start) 02_COMPRAS/MT103VCC.prw (Open/Not Temp)
(  33.714s) [languageServer  ]     workspace_file.cpp:428   | < [WorkspaceFile] (finish) d:/totvs 12/microsiga/protheus/projetovscode/02_COMPRAS/MT103VCC.prw (23 ms)
(  33.714s) [languageServer  ]      message_handler.h:75    | < [textDocument/didOpen] (finish)  (23 ms)
(  33.714s) [languageServer  ]       queue_manager.cc:195   | Run finishied message method 'textDocument/didOpen'
(  33.714s) [languageServer  ]       queue_manager.cc:187   | Handler found for message method 'textDocument/didOpen'
(  33.714s) [languageServer  ]      message_handler.h:70    | > [textDocument/didOpen] (start) 
(  33.714s) [languageServer  ]     workspace_file.cpp:302   | > [WorkspaceFile] (start) 02_COMPRAS/MT120APV.prw (Open/Not Temp)
(  33.975s) [languageServer  ]        totvs_linter.cc:16    | linterParseDiagnostic: 
MT120APV.PRW(24) warning W0003 Local variable ABUTTONS never used
MT120APV.PRW(18) warning W0003 Local variable ARETORN never used
MT120APV.PRW(23) warning W0003 Local variable BOK never used
MT120APV.PRW(19) warning W0003 Local variable CLOAD never used
MT120APV.PRW(22) warning W0003 Local variable CTITULO never used
MT120APV.PRW(20) warning W0003 Local variable LCANSAVE never used
MT120APV.PRW(25) warning W0003 Local variable LCENTERED never used
MT120APV.PRW(21) warning W0003 Local variable LUSERSAVE never used
MT120APV.PRW(26) warning W0003 Local variable NPOSX never used
MT120APV.PRW(27) warning W0003 Local variable NPOSY never used
(  33.976s) [languageServer  ]     workspace_file.cpp:428   | < [WorkspaceFile] (finish) d:/totvs 12/microsiga/protheus/projetovscode/02_COMPRAS/MT120APV.prw (26 ms)
(  33.976s) [languageServer  ]      message_handler.h:75    | < [textDocument/didOpen] (finish)  (26 ms)
(  33.976s) [languageServer  ]       queue_manager.cc:195   | Run finishied message method 'textDocument/didOpen'
(  33.976s) [languageServer  ]       queue_manager.cc:187   | Handler found for message method 'textDocument/didOpen'
(  33.976s) [languageServer  ]      message_handler.h:70    | > [textDocument/didOpen] (start) 
(  33.976s) [languageServer  ]     workspace_file.cpp:302   | > [WorkspaceFile] (start) 06_FATURAMENTO/LstMULTAB.prw (Open/Not Temp)
(  34.239s) [languageServer  ]        totvs_linter.cc:16    | linterParseDiagnostic: LSTMULTAB.PRW:LSTMULTAB.PRW(98)   For variable is not Local
(  34.240s) [languageServer  ]     workspace_file.cpp:428   | < [WorkspaceFile] (finish) d:/totvs 12/microsiga/protheus/projetovscode/06_FATURAMENTO/LstMULTAB.prw (26 ms)
(  34.240s) [languageServer  ]      message_handler.h:75    | < [textDocument/didOpen] (finish)  (26 ms)
(  34.240s) [languageServer  ]       queue_manager.cc:195   | Run finishied message method 'textDocument/didOpen'
(  34.240s) [languageServer  ]       queue_manager.cc:187   | Handler found for message method 'textDocument/didOpen'
(  34.240s) [languageServer  ]      message_handler.h:70    | > [textDocument/didOpen] (start) 
(  34.240s) [languageServer  ]     workspace_file.cpp:302   | > [WorkspaceFile] (start) 05_ESTOQUE/MMOVESTEND.PRW (Open/Not Temp)
(  34.481s) [languageServer  ]     workspace_file.cpp:428   | < [WorkspaceFile] (finish) d:/totvs 12/microsiga/protheus/projetovscode/05_ESTOQUE/MMOVESTEND.PRW (24 ms)
(  34.481s) [languageServer  ]      message_handler.h:75    | < [textDocument/didOpen] (finish)  (24 ms)
(  34.481s) [languageServer  ]       queue_manager.cc:195   | Run finishied message method 'textDocument/didOpen'
(  34.481s) [languageServer  ]       queue_manager.cc:187   | Handler found for message method 'textDocument/didOpen'
(  34.481s) [languageServer  ]      message_handler.h:70    | > [textDocument/didOpen] (start) 
(  34.481s) [languageServer  ]     workspace_file.cpp:302   | > [WorkspaceFile] (start) 02_COMPRAS/MT120FIM.prw (Open/Not Temp)
(  34.833s) [languageServer  ]     workspace_file.cpp:428   | < [WorkspaceFile] (finish) d:/totvs 12/microsiga/protheus/projetovscode/02_COMPRAS/MT120FIM.prw (35 ms)
(  34.833s) [languageServer  ]      message_handler.h:75    | < [textDocument/didOpen] (finish)  (35 ms)
(  34.833s) [languageServer  ]       queue_manager.cc:195   | Run finishied message method 'textDocument/didOpen'
(  34.833s) [languageServer  ]       queue_manager.cc:187   | Handler found for message method 'textDocument/didOpen'
(  34.833s) [languageServer  ]      message_handler.h:70    | > [textDocument/didOpen] (start) 
(  34.833s) [languageServer  ]     workspace_file.cpp:302   | > [WorkspaceFile] (start) 06_FATURAMENTO/MA030TOK.prw (Open/Not Temp)
(  34.935s) [languageServer  ]     workspace_file.cpp:428   | < [WorkspaceFile] (finish) d:/totvs 12/microsiga/protheus/projetovscode/06_FATURAMENTO/MA030TOK.prw (10 ms)
(  34.935s) [languageServer  ]      message_handler.h:75    | < [textDocument/didOpen] (finish)  (10 ms)
(  34.935s) [languageServer  ]       queue_manager.cc:195   | Run finishied message method 'textDocument/didOpen'
(  34.935s) [languageServer  ]       queue_manager.cc:187   | Handler found for message method 'textDocument/didClose'
(  34.935s) [languageServer  ]      message_handler.h:70    | > [textDocument/didClose] (start) 
(  34.935s) [languageServer  ]     workspace_file.cpp:302   | > [WorkspaceFile] (start) 06_FATURAMENTO/DAMDFE.prw (Not Open/Not Temp)
(  34.935s) [languageServer  ]     workspace_file.cpp:428   | < [WorkspaceFile] (finish) d:/totvs 12/microsiga/protheus/projetovscode/06_FATURAMENTO/DAMDFE.prw (0 ms)
(  34.935s) [languageServer  ]      message_handler.h:75    | < [textDocument/didClose] (finish)  (0 ms)
(  34.935s) [languageServer  ]       queue_manager.cc:195   | Run finishied message method 'textDocument/didClose'
(  34.935s) [languageServer  ]       queue_manager.cc:187   | Handler found for message method 'textDocument/didClose'
(  34.935s) [languageServer  ]      message_handler.h:70    | > [textDocument/didClose] (start) 
(  34.935s) [languageServer  ]     workspace_file.cpp:302   | > [WorkspaceFile] (start) 10_LIB/RelVenSCli.prw (Not Open/Not Temp)
(  34.935s) [languageServer  ]     workspace_file.cpp:428   | < [WorkspaceFile] (finish) d:/totvs 12/microsiga/protheus/projetovscode/10_LIB/RelVenSCli.prw (0 ms)
(  34.935s) [languageServer  ]      message_handler.h:75    | < [textDocument/didClose] (finish)  (0 ms)
(  34.935s) [languageServer  ]       queue_manager.cc:195   | Run finishied message method 'textDocument/didClose'
(  34.935s) [languageServer  ]       queue_manager.cc:187   | Handler found for message method 'textDocument/didClose'
(  34.935s) [languageServer  ]      message_handler.h:70    | > [textDocument/didClose] (start) 
(  34.935s) [languageServer  ]     workspace_file.cpp:302   | > [WorkspaceFile] (start) 06_FATURAMENTO/CRMA980_pe.prw (Not Open/Not Temp)
(  34.935s) [languageServer  ]     workspace_file.cpp:428   | < [WorkspaceFile] (finish) d:/totvs 12/microsiga/protheus/projetovscode/06_FATURAMENTO/CRMA980_pe.prw (0 ms)
(  34.935s) [languageServer  ]      message_handler.h:75    | < [textDocument/didClose] (finish)  (0 ms)
(  34.935s) [languageServer  ]       queue_manager.cc:195   | Run finishied message method 'textDocument/didClose'
(  34.935s) [languageServer  ]       queue_manager.cc:187   | Handler found for message method 'textDocument/didClose'
(  34.935s) [languageServer  ]      message_handler.h:70    | > [textDocument/didClose] (start) 
(  34.935s) [languageServer  ]     workspace_file.cpp:302   | > [WorkspaceFile] (start) 05_ESTOQUE/CRIASB2.prw (Not Open/Not Temp)
(  34.935s) [languageServer  ]     workspace_file.cpp:428   | < [WorkspaceFile] (finish) d:/totvs 12/microsiga/protheus/projetovscode/05_ESTOQUE/CRIASB2.prw (0 ms)
(  34.935s) [languageServer  ]      message_handler.h:75    | < [textDocument/didClose] (finish)  (0 ms)
(  34.935s) [languageServer  ]       queue_manager.cc:195   | Run finishied message method 'textDocument/didClose'
(  34.935s) [languageServer  ]       queue_manager.cc:187   | Handler found for message method 'textDocument/didClose'
(  34.935s) [languageServer  ]      message_handler.h:70    | > [textDocument/didClose] (start) 
(  34.935s) [languageServer  ]     workspace_file.cpp:302   | > [WorkspaceFile] (start) 04_CONTABIL/LHI530S1.prw (Not Open/Not Temp)
(  34.935s) [languageServer  ]     workspace_file.cpp:428   | < [WorkspaceFile] (finish) d:/totvs 12/microsiga/protheus/projetovscode/04_CONTABIL/LHI530S1.prw (0 ms)
(  34.935s) [languageServer  ]      message_handler.h:75    | < [textDocument/didClose] (finish)  (0 ms)
(  34.935s) [languageServer  ]       queue_manager.cc:195   | Run finishied message method 'textDocument/didClose'
(  34.935s) [languageServer  ]       queue_manager.cc:187   | Handler found for message method 'textDocument/didClose'
(  34.935s) [languageServer  ]      message_handler.h:70    | > [textDocument/didClose] (start) 
(  34.935s) [languageServer  ]     workspace_file.cpp:302   | > [WorkspaceFile] (start) 05_ESTOQUE/IMPINVSB9.PRW (Not Open/Not Temp)
(  34.935s) [languageServer  ]     workspace_file.cpp:428   | < [WorkspaceFile] (finish) d:/totvs 12/microsiga/protheus/projetovscode/05_ESTOQUE/IMPINVSB9.PRW (0 ms)
(  34.935s) [languageServer  ]      message_handler.h:75    | < [textDocument/didClose] (finish)  (0 ms)
(  34.935s) [languageServer  ]       queue_manager.cc:195   | Run finishied message method 'textDocument/didClose'
(  34.935s) [languageServer  ]       queue_manager.cc:187   | Handler found for message method 'textDocument/didClose'
(  34.935s) [languageServer  ]      message_handler.h:70    | > [textDocument/didClose] (start) 
(  34.935s) [languageServer  ]     workspace_file.cpp:302   | > [WorkspaceFile] (start) 06_FATURAMENTO/danfeii.prw (Not Open/Not Temp)
(  34.935s) [languageServer  ]     workspace_file.cpp:428   | < [WorkspaceFile] (finish) d:/totvs 12/microsiga/protheus/projetovscode/06_FATURAMENTO/danfeii.prw (0 ms)
(  34.935s) [languageServer  ]      message_handler.h:75    | < [textDocument/didClose] (finish)  (0 ms)
(  34.935s) [languageServer  ]       queue_manager.cc:195   | Run finishied message method 'textDocument/didClose'
(  34.935s) [languageServer  ]       queue_manager.cc:187   | Handler found for message method 'textDocument/didClose'
(  34.935s) [languageServer  ]      message_handler.h:70    | > [textDocument/didClose] (start) 
(  34.935s) [languageServer  ]     workspace_file.cpp:302   | > [WorkspaceFile] (start) 11_MNT/MNTA990A.PRW (Not Open/Not Temp)
(  34.935s) [languageServer  ]     workspace_file.cpp:428   | < [WorkspaceFile] (finish) d:/totvs 12/microsiga/protheus/projetovscode/11_MNT/MNTA990A.PRW (0 ms)
(  34.936s) [languageServer  ]      message_handler.h:75    | < [textDocument/didClose] (finish)  (0 ms)
(  34.936s) [languageServer  ]       queue_manager.cc:195   | Run finishied message method 'textDocument/didClose'
(  34.936s) [languageServer  ]       queue_manager.cc:187   | Handler found for message method 'textDocument/didClose'
(  34.936s) [languageServer  ]      message_handler.h:70    | > [textDocument/didClose] (start) 
(  34.936s) [languageServer  ]     workspace_file.cpp:302   | > [WorkspaceFile] (start) 02_COMPRAS/MT103FIN.prw (Not Open/Not Temp)
(  34.936s) [languageServer  ]     workspace_file.cpp:428   | < [WorkspaceFile] (finish) d:/totvs 12/microsiga/protheus/projetovscode/02_COMPRAS/MT103FIN.prw (0 ms)
(  34.936s) [languageServer  ]      message_handler.h:75    | < [textDocument/didClose] (finish)  (0 ms)
(  34.936s) [languageServer  ]       queue_manager.cc:195   | Run finishied message method 'textDocument/didClose'
(  34.936s) [languageServer  ]       queue_manager.cc:187   | Handler found for message method 'textDocument/didClose'
(  34.936s) [languageServer  ]      message_handler.h:70    | > [textDocument/didClose] (start) 
(  34.936s) [languageServer  ]     workspace_file.cpp:302   | > [WorkspaceFile] (start) 05_ESTOQUE/GEREST.PRW (Not Open/Not Temp)
(  34.936s) [languageServer  ]     workspace_file.cpp:428   | < [WorkspaceFile] (finish) d:/totvs 12/microsiga/protheus/projetovscode/05_ESTOQUE/GEREST.PRW (0 ms)
(  34.936s) [languageServer  ]      message_handler.h:75    | < [textDocument/didClose] (finish)  (0 ms)
(  34.936s) [languageServer  ]       queue_manager.cc:195   | Run finishied message method 'textDocument/didClose'
(  34.936s) [languageServer  ]       queue_manager.cc:187   | Handler found for message method 'textDocument/didOpen'
(  34.936s) [languageServer  ]      message_handler.h:70    | > [textDocument/didOpen] (start) 
(  34.936s) [languageServer  ]     workspace_file.cpp:302   | > [WorkspaceFile] (start) 07_FINANCEIRO/FA60FIL.PRW (Open/Not Temp)
(  35.151s) [languageServer  ]     workspace_file.cpp:428   | < [WorkspaceFile] (finish) d:/totvs 12/microsiga/protheus/projetovscode/07_FINANCEIRO/FA60FIL.PRW (21 ms)
(  35.151s) [languageServer  ]      message_handler.h:75    | < [textDocument/didOpen] (finish)  (21 ms)
(  35.152s) [languageServer  ]       queue_manager.cc:195   | Run finishied message method 'textDocument/didOpen'
(  35.152s) [languageServer  ]       queue_manager.cc:187   | Handler found for message method 'textDocument/didOpen'
(  35.152s) [languageServer  ]      message_handler.h:70    | > [textDocument/didOpen] (start) 
(  35.152s) [languageServer  ]     workspace_file.cpp:302   | > [WorkspaceFile] (start) 05_ESTOQUE/MESTNOTA.PRW (Open/Not Temp)
(  35.270s) [languageServer  ]        totvs_linter.cc:16    | linterParseDiagnostic: 
MESTNOTA.PRW(77) warning W0008 Too few parameters calling MsgInfo
MESTNOTA.PRW(27) warning W0003 Local variable ACAMPDT never used
MESTNOTA.PRW(217) warning W0003 Local variable AHELPENG never used
MESTNOTA.PRW(216) warning W0003 Local variable AHELPPOR never used
MESTNOTA.PRW(218) warning W0003 Local variable AHELPSPA never used
(  35.273s) [languageServer  ]     workspace_file.cpp:428   | < [WorkspaceFile] (finish) d:/totvs 12/microsiga/protheus/projetovscode/05_ESTOQUE/MESTNOTA.PRW (12 ms)
(  35.273s) [languageServer  ]      message_handler.h:75    | < [textDocument/didOpen] (finish)  (12 ms)
(  35.273s) [languageServer  ]       queue_manager.cc:195   | Run finishied message method 'textDocument/didOpen'
(  35.273s) [languageServer  ]       queue_manager.cc:187   | Handler found for message method 'textDocument/didOpen'
(  35.273s) [languageServer  ]      message_handler.h:70    | > [textDocument/didOpen] (start) 
(  35.273s) [languageServer  ]     workspace_file.cpp:302   | > [WorkspaceFile] (start) 07_FINANCEIRO/MANUTSEGUROS.PRW (Open/Not Temp)
(  35.555s) [languageServer  ]        totvs_linter.cc:16    | linterParseDiagnostic: 
MANUTSEGUROS.PRW(94) warning W0003 Local variable LEMPTY never used
(  35.558s) [languageServer  ]     workspace_file.cpp:428   | < [WorkspaceFile] (finish) d:/totvs 12/microsiga/protheus/projetovscode/07_FINANCEIRO/MANUTSEGUROS.PRW (28 ms)
(  35.558s) [languageServer  ]      message_handler.h:75    | < [textDocument/didOpen] (finish)  (28 ms)
(  35.558s) [languageServer  ]       queue_manager.cc:195   | Run finishied message method 'textDocument/didOpen'
(  35.558s) [languageServer  ]       queue_manager.cc:187   | Handler found for message method 'textDocument/didOpen'
(  35.558s) [languageServer  ]      message_handler.h:70    | > [textDocument/didOpen] (start) 
(  35.559s) [languageServer  ]     workspace_file.cpp:302   | > [WorkspaceFile] (start) 05_ESTOQUE/Relcusto.prw (Open/Not Temp)
(  35.889s) [languageServer  ]        totvs_linter.cc:16    | linterParseDiagnostic: 
RELCUSTO.PRW(50) warning W0003 Local variable CABEC1 never used
RELCUSTO.PRW(50) warning W0003 Local variable CABEC2 never used
RELCUSTO.PRW(57) warning W0003 Local variable LIMITE never used
RELCUSTO.PRW(58) warning W0003 Local variable LIMPRIME never used
RELCUSTO.PRW(56) warning W0003 Local variable NTIPO never used
RELCUSTO.PRW(141) warning W0003 Local variable AAREA never used
RELCUSTO.PRW(154) warning W0003 Local variable ACODDEV never used
RELCUSTO.PRW(153) warning W0003 Local variable AFATOR never used
RELCUSTO.PRW(151) warning W0003 Local variable ANATCOD never used
RELCUSTO.PRW(147) warning W0003 Local variable ANATCUSTO never used
RELCUSTO.PRW(152) warning W0003 Local variable ANATVALOR never used
RELCUSTO.PRW(146) warning W0003 Local variable APERCCUSTO never used
RELCUSTO.PRW(145) warning W0003 Local variable APRDCUSTO never used
RELCUSTO.PRW(155) warning W0003 Local variable APRDDEV never used
RELCUSTO.PRW(156) warning W0003 Local variable APRDQTDV never used
RELCUSTO.PRW(148) warning W0003 Local variable AQTDECUSTO never used
RELCUSTO.PRW(142) warning W0003 Local variable ASELECDOCS never used
RELCUSTO.PRW(149) warning W0003 Local variable ATOTALCUSTO never used
RELCUSTO.PRW(150) warning W0003 Local variable ATOTALFAT never used
RELCUSTO.PRW(134) warning W0003 Local variable CARQ never used
RELCUSTO.PRW(135) warning W0003 Local variable CARQUIVO never used
RELCUSTO.PRW(136) warning W0003 Local variable CFIL never used
RELCUSTO.PRW(132) warning W0003 Local variable CQRYFP never used
RELCUSTO.PRW(133) warning W0003 Local variable CQRYTF never used
RELCUSTO.PRW(138) warning W0003 Local variable CTIPODOC never used
RELCUSTO.PRW(139) warning W0003 Local variable CTIPOFILTRO never used
RELCUSTO.PRW(140) warning W0003 Local variable DEMISSAO never used
RELCUSTO.PRW(143) warning W0003 Local variable LFILTRO never used
RELCUSTO.PRW(157) warning W0003 Local variable NI never used
RELCUSTO.PRW(158) warning W0003 Local variable NJ never used
RELCUSTO.PRW(144) warning W0003 Local variable NTOTALFAT never used
(  35.894s) [languageServer  ]     workspace_file.cpp:428   | < [WorkspaceFile] (finish) d:/totvs 12/microsiga/protheus/projetovscode/05_ESTOQUE/Relcusto.prw (33 ms)
(  35.894s) [languageServer  ]      message_handler.h:75    | < [textDocument/didOpen] (finish)  (33 ms)
(  35.894s) [languageServer  ]       queue_manager.cc:195   | Run finishied message method 'textDocument/didOpen'
(  35.894s) [languageServer  ]       queue_manager.cc:187   | Handler found for message method 'textDocument/didOpen'
(  35.894s) [languageServer  ]      message_handler.h:70    | > [textDocument/didOpen] (start) 
(  35.894s) [languageServer  ]     workspace_file.cpp:302   | > [WorkspaceFile] (start) 05_ESTOQUE/RelMod.prw (Open/Not Temp)
(  36.144s) [languageServer  ]        totvs_linter.cc:16    | linterParseDiagnostic: 
RELMOD.PRW(12) warning W0003 Local variable CPERG never used
RELMOD.PRW(11) warning W0003 Local variable CQUERY never used
(  36.146s) [languageServer  ]     workspace_file.cpp:428   | < [WorkspaceFile] (finish) d:/totvs 12/microsiga/protheus/projetovscode/05_ESTOQUE/RelMod.prw (25 ms)
(  36.146s) [languageServer  ]      message_handler.h:75    | < [textDocument/didOpen] (finish)  (25 ms)
(  36.146s) [languageServer  ]       queue_manager.cc:195   | Run finishied message method 'textDocument/didOpen'
(  36.146s) [languageServer  ]       queue_manager.cc:187   | Handler found for message method 'textDocument/didOpen'
(  36.146s) [languageServer  ]      message_handler.h:70    | > [textDocument/didOpen] (start) 
(  36.146s) [languageServer  ]     workspace_file.cpp:302   | > [WorkspaceFile] (start) 02_COMPRAS/RelPedC.prw (Open/Not Temp)
(  36.404s) [languageServer  ]        totvs_linter.cc:16    | linterParseDiagnostic: 
RELPEDC.PRW(12) warning W0003 Local variable CPERG never used
RELPEDC.PRW(11) warning W0003 Local variable CQUERY never used
(  36.405s) [languageServer  ]     workspace_file.cpp:428   | < [WorkspaceFile] (finish) d:/totvs 12/microsiga/protheus/projetovscode/02_COMPRAS/RelPedC.prw (25 ms)
(  36.406s) [languageServer  ]      message_handler.h:75    | < [textDocument/didOpen] (finish)  (25 ms)
(  36.406s) [languageServer  ]       queue_manager.cc:195   | Run finishied message method 'textDocument/didOpen'
(  36.406s) [languageServer  ]       queue_manager.cc:187   | Handler found for message method 'textDocument/didOpen'
(  36.406s) [languageServer  ]      message_handler.h:70    | > [textDocument/didOpen] (start) 
(  36.406s) [languageServer  ]     workspace_file.cpp:302   | > [WorkspaceFile] (start) 06_FATURAMENTO/MUDAVEND.PRW (Open/Not Temp)
(  36.506s) [languageServer  ]     workspace_file.cpp:428   | < [WorkspaceFile] (finish) d:/totvs 12/microsiga/protheus/projetovscode/06_FATURAMENTO/MUDAVEND.PRW (10 ms)
(  36.506s) [languageServer  ]      message_handler.h:75    | < [textDocument/didOpen] (finish)  (10 ms)
(  36.506s) [languageServer  ]       queue_manager.cc:195   | Run finishied message method 'textDocument/didOpen'
(  36.506s) [languageServer  ]       queue_manager.cc:187   | Handler found for message method 'textDocument/didOpen'
(  36.506s) [languageServer  ]      message_handler.h:70    | > [textDocument/didOpen] (start) 
(  36.507s) [languageServer  ]     workspace_file.cpp:302   | > [WorkspaceFile] (start) 07_FINANCEIRO/LstMoeda.prw (Open/Not Temp)
(  36.713s) [languageServer  ]     workspace_file.cpp:428   | < [WorkspaceFile] (finish) d:/totvs 12/microsiga/protheus/projetovscode/07_FINANCEIRO/LstMoeda.prw (20 ms)
(  36.713s) [languageServer  ]      message_handler.h:75    | < [textDocument/didOpen] (finish)  (20 ms)
(  36.713s) [languageServer  ]       queue_manager.cc:195   | Run finishied message method 'textDocument/didOpen'
(  36.713s) [languageServer  ]       queue_manager.cc:187   | Handler found for message method 'textDocument/didOpen'
(  36.713s) [languageServer  ]      message_handler.h:70    | > [textDocument/didOpen] (start) 
(  36.713s) [languageServer  ]     workspace_file.cpp:302   | > [WorkspaceFile] (start) 01_SOMENTE_ITINGA/MTA103MNU.PRW (Open/Not Temp)
(  36.795s) [languageServer  ]     workspace_file.cpp:428   | < [WorkspaceFile] (finish) d:/totvs 12/microsiga/protheus/projetovscode/01_SOMENTE_ITINGA/MTA103MNU.PRW (8 ms)
(  36.795s) [languageServer  ]      message_handler.h:75    | < [textDocument/didOpen] (finish)  (8 ms)
(  36.795s) [languageServer  ]       queue_manager.cc:195   | Run finishied message method 'textDocument/didOpen'
(  36.795s) [languageServer  ]       queue_manager.cc:187   | Handler found for message method 'textDocument/didOpen'
(  36.795s) [languageServer  ]      message_handler.h:70    | > [textDocument/didOpen] (start) 
(  36.795s) [languageServer  ]     workspace_file.cpp:302   | > [WorkspaceFile] (start) 02_COMPRAS/NMFORN.prw (Open/Not Temp)
(  37.066s) [languageServer  ]     workspace_file.cpp:428   | < [WorkspaceFile] (finish) d:/totvs 12/microsiga/protheus/projetovscode/02_COMPRAS/NMFORN.prw (27 ms)
(  37.066s) [languageServer  ]      message_handler.h:75    | < [textDocument/didOpen] (finish)  (27 ms)
(  37.066s) [languageServer  ]       queue_manager.cc:195   | Run finishied message method 'textDocument/didOpen'
(  37.066s) [languageServer  ]       queue_manager.cc:187   | Handler found for message method 'textDocument/didClose'
(  37.066s) [languageServer  ]      message_handler.h:70    | > [textDocument/didClose] (start) 
(  37.066s) [languageServer  ]     workspace_file.cpp:302   | > [WorkspaceFile] (start) 04_CONTABIL/LCD650S16.prw (Not Open/Not Temp)
(  37.067s) [languageServer  ]     workspace_file.cpp:428   | < [WorkspaceFile] (finish) d:/totvs 12/microsiga/protheus/projetovscode/04_CONTABIL/LCD650S16.prw (0 ms)
(  37.067s) [languageServer  ]      message_handler.h:75    | < [textDocument/didClose] (finish)  (0 ms)
(  37.067s) [languageServer  ]       queue_manager.cc:195   | Run finishied message method 'textDocument/didClose'
(  37.067s) [languageServer  ]       queue_manager.cc:187   | Handler found for message method 'textDocument/didClose'
(  37.067s) [languageServer  ]      message_handler.h:70    | > [textDocument/didClose] (start) 
(  37.067s) [languageServer  ]     workspace_file.cpp:302   | > [WorkspaceFile] (start) 02_COMPRAS/MT103DCF.PRW (Not Open/Not Temp)
(  37.067s) [languageServer  ]     workspace_file.cpp:428   | < [WorkspaceFile] (finish) d:/totvs 12/microsiga/protheus/projetovscode/02_COMPRAS/MT103DCF.PRW (0 ms)
(  37.067s) [languageServer  ]      message_handler.h:75    | < [textDocument/didClose] (finish)  (0 ms)
(  37.067s) [languageServer  ]       queue_manager.cc:195   | Run finishied message method 'textDocument/didClose'
(  37.067s) [languageServer  ]       queue_manager.cc:187   | Handler found for message method 'textDocument/didClose'
(  37.067s) [languageServer  ]      message_handler.h:70    | > [textDocument/didClose] (start) 
(  37.067s) [languageServer  ]     workspace_file.cpp:302   | > [WorkspaceFile] (start) 04_CONTABIL/LCD530S7.prw (Not Open/Not Temp)
(  37.067s) [languageServer  ]     workspace_file.cpp:428   | < [WorkspaceFile] (finish) d:/totvs 12/microsiga/protheus/projetovscode/04_CONTABIL/LCD530S7.prw (0 ms)
(  37.067s) [languageServer  ]      message_handler.h:75    | < [textDocument/didClose] (finish)  (0 ms)
(  37.067s) [languageServer  ]       queue_manager.cc:195   | Run finishied message method 'textDocument/didClose'
(  37.067s) [languageServer  ]       queue_manager.cc:187   | Handler found for message method 'textDocument/didClose'
(  37.067s) [languageServer  ]      message_handler.h:70    | > [textDocument/didClose] (start) 
(  37.067s) [languageServer  ]     workspace_file.cpp:302   | > [WorkspaceFile] (start) 05_ESTOQUE/CRIASB9.prw (Not Open/Not Temp)
(  37.067s) [languageServer  ]     workspace_file.cpp:428   | < [WorkspaceFile] (finish) d:/totvs 12/microsiga/protheus/projetovscode/05_ESTOQUE/CRIASB9.prw (0 ms)
(  37.067s) [languageServer  ]      message_handler.h:75    | < [textDocument/didClose] (finish)  (0 ms)
(  37.067s) [languageServer  ]       queue_manager.cc:195   | Run finishied message method 'textDocument/didClose'
(  37.067s) [languageServer  ]       queue_manager.cc:187   | Handler found for message method 'textDocument/didClose'
(  37.067s) [languageServer  ]      message_handler.h:70    | > [textDocument/didClose] (start) 
(  37.067s) [languageServer  ]     workspace_file.cpp:302   | > [WorkspaceFile] (start) 10_LIB/testepdf.prw (Not Open/Not Temp)
(  37.067s) [languageServer  ]     workspace_file.cpp:428   | < [WorkspaceFile] (finish) d:/totvs 12/microsiga/protheus/projetovscode/10_LIB/testepdf.prw (0 ms)
(  37.067s) [languageServer  ]      message_handler.h:75    | < [textDocument/didClose] (finish)  (0 ms)
(  37.067s) [languageServer  ]       queue_manager.cc:195   | Run finishied message method 'textDocument/didClose'
(  37.067s) [languageServer  ]       queue_manager.cc:187   | Handler found for message method 'textDocument/didClose'
(  37.067s) [languageServer  ]      message_handler.h:70    | > [textDocument/didClose] (start) 
(  37.067s) [languageServer  ]     workspace_file.cpp:302   | > [WorkspaceFile] (start) 10_LIB/WFMobGran.prw (Not Open/Not Temp)
(  37.067s) [languageServer  ]     workspace_file.cpp:428   | < [WorkspaceFile] (finish) d:/totvs 12/microsiga/protheus/projetovscode/10_LIB/WFMobGran.prw (0 ms)
(  37.067s) [languageServer  ]      message_handler.h:75    | < [textDocument/didClose] (finish)  (0 ms)
(  37.067s) [languageServer  ]       queue_manager.cc:195   | Run finishied message method 'textDocument/didClose'
(  37.067s) [languageServer  ]       queue_manager.cc:187   | Handler found for message method 'textDocument/didClose'
(  37.067s) [languageServer  ]      message_handler.h:70    | > [textDocument/didClose] (start) 
(  37.067s) [languageServer  ]     workspace_file.cpp:302   | > [WorkspaceFile] (start) 11_MNT/MNTA420P.PRW (Not Open/Not Temp)
(  37.067s) [languageServer  ]     workspace_file.cpp:428   | < [WorkspaceFile] (finish) d:/totvs 12/microsiga/protheus/projetovscode/11_MNT/MNTA420P.PRW (0 ms)
(  37.068s) [languageServer  ]      message_handler.h:75    | < [textDocument/didClose] (finish)  (0 ms)
(  37.068s) [languageServer  ]       queue_manager.cc:195   | Run finishied message method 'textDocument/didClose'
(  37.068s) [languageServer  ]       queue_manager.cc:187   | Handler found for message method 'textDocument/didClose'
(  37.068s) [languageServer  ]      message_handler.h:70    | > [textDocument/didClose] (start) 
(  37.068s) [languageServer  ]     workspace_file.cpp:302   | > [WorkspaceFile] (start) 02_COMPRAS/MT100TOK.prw (Not Open/Not Temp)
(  37.068s) [languageServer  ]     workspace_file.cpp:428   | < [WorkspaceFile] (finish) d:/totvs 12/microsiga/protheus/projetovscode/02_COMPRAS/MT100TOK.prw (0 ms)
(  37.068s) [languageServer  ]      message_handler.h:75    | < [textDocument/didClose] (finish)  (0 ms)
(  37.068s) [languageServer  ]       queue_manager.cc:195   | Run finishied message method 'textDocument/didClose'
(  37.068s) [languageServer  ]       queue_manager.cc:187   | Handler found for message method 'textDocument/didClose'
(  37.068s) [languageServer  ]      message_handler.h:70    | > [textDocument/didClose] (start) 
(  37.068s) [languageServer  ]     workspace_file.cpp:302   | > [WorkspaceFile] (start) 07_FINANCEIRO/F580CHAV.PRW (Not Open/Not Temp)
(  37.068s) [languageServer  ]     workspace_file.cpp:428   | < [WorkspaceFile] (finish) d:/totvs 12/microsiga/protheus/projetovscode/07_FINANCEIRO/F580CHAV.PRW (0 ms)
(  37.068s) [languageServer  ]      message_handler.h:75    | < [textDocument/didClose] (finish)  (0 ms)
(  37.068s) [languageServer  ]       queue_manager.cc:195   | Run finishied message method 'textDocument/didClose'
(  37.068s) [languageServer  ]       queue_manager.cc:187   | Handler found for message method 'textDocument/didClose'
(  37.068s) [languageServer  ]      message_handler.h:70    | > [textDocument/didClose] (start) 
(  37.068s) [languageServer  ]     workspace_file.cpp:302   | > [WorkspaceFile] (start) 04_CONTABIL/MCARGACT2.PRW (Not Open/Not Temp)
(  37.068s) [languageServer  ]     workspace_file.cpp:428   | < [WorkspaceFile] (finish) d:/totvs 12/microsiga/protheus/projetovscode/04_CONTABIL/MCARGACT2.PRW (0 ms)
(  37.068s) [languageServer  ]      message_handler.h:75    | < [textDocument/didClose] (finish)  (0 ms)
(  37.068s) [languageServer  ]       queue_manager.cc:195   | Run finishied message method 'textDocument/didClose'
(  37.068s) [languageServer  ]       queue_manager.cc:187   | Handler found for message method 'textDocument/didOpen'
(  37.068s) [languageServer  ]      message_handler.h:70    | > [textDocument/didOpen] (start) 
(  37.068s) [languageServer  ]     workspace_file.cpp:302   | > [WorkspaceFile] (start) 05_ESTOQUE/PR106AUTO.prw (Open/Not Temp)
(  37.308s) [languageServer  ]     workspace_file.cpp:428   | < [WorkspaceFile] (finish) d:/totvs 12/microsiga/protheus/projetovscode/05_ESTOQUE/PR106AUTO.prw (24 ms)
(  37.308s) [languageServer  ]      message_handler.h:75    | < [textDocument/didOpen] (finish)  (24 ms)
(  37.308s) [languageServer  ]       queue_manager.cc:195   | Run finishied message method 'textDocument/didOpen'
(  37.308s) [languageServer  ]       queue_manager.cc:187   | Handler found for message method 'textDocument/didOpen'
(  37.308s) [languageServer  ]      message_handler.h:70    | > [textDocument/didOpen] (start) 
(  37.308s) [languageServer  ]     workspace_file.cpp:302   | > [WorkspaceFile] (start) 01_SOMENTE_ITINGA/MT241SD3.prw (Open/Not Temp)
(  37.542s) [languageServer  ]     workspace_file.cpp:428   | < [WorkspaceFile] (finish) d:/totvs 12/microsiga/protheus/projetovscode/01_SOMENTE_ITINGA/MT241SD3.prw (23 ms)
(  37.542s) [languageServer  ]      message_handler.h:75    | < [textDocument/didOpen] (finish)  (23 ms)
(  37.542s) [languageServer  ]       queue_manager.cc:195   | Run finishied message method 'textDocument/didOpen'
(  37.542s) [languageServer  ]       queue_manager.cc:187   | Handler found for message method 'textDocument/didOpen'
(  37.542s) [languageServer  ]      message_handler.h:70    | > [textDocument/didOpen] (start) 
(  37.542s) [languageServer  ]     workspace_file.cpp:302   | > [WorkspaceFile] (start) 05_ESTOQUE/PEGROA045.prw (Open/Not Temp)
(  37.791s) [languageServer  ]     workspace_file.cpp:428   | < [WorkspaceFile] (finish) d:/totvs 12/microsiga/protheus/projetovscode/05_ESTOQUE/PEGROA045.prw (24 ms)
(  37.792s) [languageServer  ]      message_handler.h:75    | < [textDocument/didOpen] (finish)  (24 ms)
(  37.792s) [languageServer  ]       queue_manager.cc:195   | Run finishied message method 'textDocument/didOpen'
(  37.792s) [languageServer  ]       queue_manager.cc:187   | Handler found for message method 'textDocument/didOpen'
(  37.792s) [languageServer  ]      message_handler.h:70    | > [textDocument/didOpen] (start) 
(  37.792s) [languageServer  ]     workspace_file.cpp:302   | > [WorkspaceFile] (start) 06_FATURAMENTO/MT440GR.PRW (Open/Not Temp)
(  38.081s) [languageServer  ]     workspace_file.cpp:428   | < [WorkspaceFile] (finish) d:/totvs 12/microsiga/protheus/projetovscode/06_FATURAMENTO/MT440GR.PRW (28 ms)
(  38.081s) [languageServer  ]      message_handler.h:75    | < [textDocument/didOpen] (finish)  (28 ms)
(  38.081s) [languageServer  ]       queue_manager.cc:195   | Run finishied message method 'textDocument/didOpen'
(  38.081s) [languageServer  ]       queue_manager.cc:187   | Handler found for message method 'textDocument/didOpen'
(  38.081s) [languageServer  ]      message_handler.h:70    | > [textDocument/didOpen] (start) 
(  38.081s) [languageServer  ]     workspace_file.cpp:302   | > [WorkspaceFile] (start) 05_ESTOQUE/MTA338MNU.prw (Open/Not Temp)
(  38.303s) [languageServer  ]     workspace_file.cpp:428   | < [WorkspaceFile] (finish) d:/totvs 12/microsiga/protheus/projetovscode/05_ESTOQUE/MTA338MNU.prw (22 ms)
(  38.303s) [languageServer  ]      message_handler.h:75    | < [textDocument/didOpen] (finish)  (22 ms)
(  38.303s) [languageServer  ]       queue_manager.cc:195   | Run finishied message method 'textDocument/didOpen'
(  38.303s) [languageServer  ]       queue_manager.cc:187   | Handler found for message method 'textDocument/didOpen'
(  38.303s) [languageServer  ]      message_handler.h:70    | > [textDocument/didOpen] (start) 
(  38.303s) [languageServer  ]     workspace_file.cpp:302   | > [WorkspaceFile] (start) 07_FINANCEIRO/ITM_MFIN020.prw (Open/Not Temp)
(  38.392s) [languageServer  ]     workspace_file.cpp:428   | < [WorkspaceFile] (finish) d:/totvs 12/microsiga/protheus/projetovscode/07_FINANCEIRO/ITM_MFIN020.prw (8 ms)
(  38.392s) [languageServer  ]      message_handler.h:75    | < [textDocument/didOpen] (finish)  (8 ms)
(  38.392s) [languageServer  ]       queue_manager.cc:195   | Run finishied message method 'textDocument/didOpen'
(  38.392s) [languageServer  ]       queue_manager.cc:187   | Handler found for message method 'textDocument/didOpen'
(  38.392s) [languageServer  ]      message_handler.h:70    | > [textDocument/didOpen] (start) 
(  38.392s) [languageServer  ]     workspace_file.cpp:302   | > [WorkspaceFile] (start) 05_ESTOQUE/MTA261DOC.prw (Open/Not Temp)
(  38.653s) [languageServer  ]     workspace_file.cpp:428   | < [WorkspaceFile] (finish) d:/totvs 12/microsiga/protheus/projetovscode/05_ESTOQUE/MTA261DOC.prw (26 ms)
(  38.653s) [languageServer  ]      message_handler.h:75    | < [textDocument/didOpen] (finish)  (26 ms)
(  38.653s) [languageServer  ]       queue_manager.cc:195   | Run finishied message method 'textDocument/didOpen'
(  38.653s) [languageServer  ]       queue_manager.cc:187   | Handler found for message method 'textDocument/didOpen'
(  38.653s) [languageServer  ]      message_handler.h:70    | > [textDocument/didOpen] (start) 
(  38.653s) [languageServer  ]     workspace_file.cpp:302   | > [WorkspaceFile] (start) 07_FINANCEIRO/MVALIDMOED.PRW (Open/Not Temp)
(  38.743s) [languageServer  ]     workspace_file.cpp:428   | < [WorkspaceFile] (finish) d:/totvs 12/microsiga/protheus/projetovscode/07_FINANCEIRO/MVALIDMOED.PRW (8 ms)
(  38.743s) [languageServer  ]      message_handler.h:75    | < [textDocument/didOpen] (finish)  (8 ms)
(  38.743s) [languageServer  ]       queue_manager.cc:195   | Run finishied message method 'textDocument/didOpen'
(  38.743s) [languageServer  ]       queue_manager.cc:187   | Handler found for message method 'textDocument/didOpen'
(  38.743s) [languageServer  ]      message_handler.h:70    | > [textDocument/didOpen] (start) 
(  38.743s) [languageServer  ]     workspace_file.cpp:302   | > [WorkspaceFile] (start) 01_SOMENTE_ITINGA/MT103FIM.PRW (Open/Not Temp)
(  38.835s) [languageServer  ]     workspace_file.cpp:428   | < [WorkspaceFile] (finish) d:/totvs 12/microsiga/protheus/projetovscode/01_SOMENTE_ITINGA/MT103FIM.PRW (9 ms)
(  38.835s) [languageServer  ]      message_handler.h:75    | < [textDocument/didOpen] (finish)  (9 ms)
(  38.835s) [languageServer  ]       queue_manager.cc:195   | Run finishied message method 'textDocument/didOpen'
(  38.835s) [languageServer  ]       queue_manager.cc:187   | Handler found for message method 'textDocument/didOpen'
(  38.835s) [languageServer  ]      message_handler.h:70    | > [textDocument/didOpen] (start) 
(  38.835s) [languageServer  ]     workspace_file.cpp:302   | > [WorkspaceFile] (start) 06_FATURAMENTO/MPREVEND.PRW (Open/Not Temp)
(  39.050s) [languageServer  ]     workspace_file.cpp:428   | < [WorkspaceFile] (finish) d:/totvs 12/microsiga/protheus/projetovscode/06_FATURAMENTO/MPREVEND.PRW (21 ms)
(  39.050s) [languageServer  ]      message_handler.h:75    | < [textDocument/didOpen] (finish)  (21 ms)
(  39.050s) [languageServer  ]       queue_manager.cc:195   | Run finishied message method 'textDocument/didOpen'
(  39.050s) [languageServer  ]       queue_manager.cc:187   | Handler found for message method 'textDocument/didClose'
(  39.050s) [languageServer  ]      message_handler.h:70    | > [textDocument/didClose] (start) 
(  39.050s) [languageServer  ]     workspace_file.cpp:302   | > [WorkspaceFile] (start) 12_WEBSERVICE/WSCadPrd.prw (Not Open/Not Temp)
(  39.050s) [languageServer  ]     workspace_file.cpp:428   | < [WorkspaceFile] (finish) d:/totvs 12/microsiga/protheus/projetovscode/12_WEBSERVICE/WSCadPrd.prw (0 ms)
(  39.050s) [languageServer  ]      message_handler.h:75    | < [textDocument/didClose] (finish)  (0 ms)
(  39.050s) [languageServer  ]       queue_manager.cc:195   | Run finishied message method 'textDocument/didClose'
(  39.050s) [languageServer  ]       queue_manager.cc:187   | Handler found for message method 'textDocument/didClose'
(  39.050s) [languageServer  ]      message_handler.h:70    | > [textDocument/didClose] (start) 
(  39.050s) [languageServer  ]     workspace_file.cpp:302   | > [WorkspaceFile] (start) 04_CONTABIL/LCD530S1.prw (Not Open/Not Temp)
(  39.050s) [languageServer  ]     workspace_file.cpp:428   | < [WorkspaceFile] (finish) d:/totvs 12/microsiga/protheus/projetovscode/04_CONTABIL/LCD530S1.prw (0 ms)
(  39.050s) [languageServer  ]      message_handler.h:75    | < [textDocument/didClose] (finish)  (0 ms)
(  39.050s) [languageServer  ]       queue_manager.cc:195   | Run finishied message method 'textDocument/didClose'
(  39.051s) [languageServer  ]       queue_manager.cc:187   | Handler found for message method 'textDocument/didClose'
(  39.051s) [languageServer  ]      message_handler.h:70    | > [textDocument/didClose] (start) 
(  39.051s) [languageServer  ]     workspace_file.cpp:302   | > [WorkspaceFile] (start) 02_COMPRAS/MSGDECRETO.PRW (Not Open/Not Temp)
(  39.051s) [languageServer  ]     workspace_file.cpp:428   | < [WorkspaceFile] (finish) d:/totvs 12/microsiga/protheus/projetovscode/02_COMPRAS/MSGDECRETO.PRW (0 ms)
(  39.051s) [languageServer  ]      message_handler.h:75    | < [textDocument/didClose] (finish)  (0 ms)
(  39.051s) [languageServer  ]       queue_manager.cc:195   | Run finishied message method 'textDocument/didClose'
(  39.051s) [languageServer  ]       queue_manager.cc:187   | Handler found for message method 'textDocument/didClose'
(  39.051s) [languageServer  ]      message_handler.h:70    | > [textDocument/didClose] (start) 
(  39.051s) [languageServer  ]     workspace_file.cpp:302   | > [WorkspaceFile] (start) 07_FINANCEIRO/F070BROW.prw (Not Open/Not Temp)
(  39.051s) [languageServer  ]     workspace_file.cpp:428   | < [WorkspaceFile] (finish) d:/totvs 12/microsiga/protheus/projetovscode/07_FINANCEIRO/F070BROW.prw (0 ms)
(  39.051s) [languageServer  ]      message_handler.h:75    | < [textDocument/didClose] (finish)  (0 ms)
(  39.051s) [languageServer  ]       queue_manager.cc:195   | Run finishied message method 'textDocument/didClose'
(  39.051s) [languageServer  ]       queue_manager.cc:187   | Handler found for message method 'textDocument/didClose'
(  39.051s) [languageServer  ]      message_handler.h:70    | > [textDocument/didClose] (start) 
(  39.051s) [languageServer  ]     workspace_file.cpp:302   | > [WorkspaceFile] (start) 05_ESTOQUE/BUSCAQTD.prw (Not Open/Not Temp)
(  39.051s) [languageServer  ]     workspace_file.cpp:428   | < [WorkspaceFile] (finish) d:/totvs 12/microsiga/protheus/projetovscode/05_ESTOQUE/BUSCAQTD.prw (0 ms)
(  39.051s) [languageServer  ]      message_handler.h:75    | < [textDocument/didClose] (finish)  (0 ms)
(  39.051s) [languageServer  ]       queue_manager.cc:195   | Run finishied message method 'textDocument/didClose'
(  39.051s) [languageServer  ]       queue_manager.cc:187   | Handler found for message method 'textDocument/didClose'
(  39.051s) [languageServer  ]      message_handler.h:70    | > [textDocument/didClose] (start) 
(  39.051s) [languageServer  ]     workspace_file.cpp:302   | > [WorkspaceFile] (start) 12_WEBSERVICE/Rest06.prw (Not Open/Not Temp)
(  39.051s) [languageServer  ]     workspace_file.cpp:428   | < [WorkspaceFile] (finish) d:/totvs 12/microsiga/protheus/projetovscode/12_WEBSERVICE/Rest06.prw (0 ms)
(  39.051s) [languageServer  ]      message_handler.h:75    | < [textDocument/didClose] (finish)  (0 ms)
(  39.051s) [languageServer  ]       queue_manager.cc:195   | Run finishied message method 'textDocument/didClose'
(  39.051s) [languageServer  ]       queue_manager.cc:187   | Handler found for message method 'textDocument/didClose'
(  39.051s) [languageServer  ]      message_handler.h:70    | > [textDocument/didClose] (start) 
(  39.051s) [languageServer  ]     workspace_file.cpp:302   | > [WorkspaceFile] (start) 02_COMPRAS/MT103NFE.prw (Not Open/Not Temp)
(  39.051s) [languageServer  ]     workspace_file.cpp:428   | < [WorkspaceFile] (finish) d:/totvs 12/microsiga/protheus/projetovscode/02_COMPRAS/MT103NFE.prw (0 ms)
(  39.051s) [languageServer  ]      message_handler.h:75    | < [textDocument/didClose] (finish)  (0 ms)
(  39.051s) [languageServer  ]       queue_manager.cc:195   | Run finishied message method 'textDocument/didClose'
(  39.051s) [languageServer  ]       queue_manager.cc:187   | Handler found for message method 'textDocument/didClose'
(  39.051s) [languageServer  ]      message_handler.h:70    | > [textDocument/didClose] (start) 
(  39.051s) [languageServer  ]     workspace_file.cpp:302   | > [WorkspaceFile] (start) 10_LIB/RelInWeb.prw (Not Open/Not Temp)
(  39.051s) [languageServer  ]     workspace_file.cpp:428   | < [WorkspaceFile] (finish) d:/totvs 12/microsiga/protheus/projetovscode/10_LIB/RelInWeb.prw (0 ms)
(  39.051s) [languageServer  ]      message_handler.h:75    | < [textDocument/didClose] (finish)  (0 ms)
(  39.051s) [languageServer  ]       queue_manager.cc:195   | Run finishied message method 'textDocument/didClose'
(  39.051s) [languageServer  ]       queue_manager.cc:187   | Handler found for message method 'textDocument/didClose'
(  39.051s) [languageServer  ]      message_handler.h:70    | > [textDocument/didClose] (start) 
(  39.051s) [languageServer  ]     workspace_file.cpp:302   | > [WorkspaceFile] (start) 02_COMPRAS/MATA110.prw (Not Open/Not Temp)
(  39.051s) [languageServer  ]     workspace_file.cpp:428   | < [WorkspaceFile] (finish) d:/totvs 12/microsiga/protheus/projetovscode/02_COMPRAS/MATA110.prw (0 ms)
(  39.051s) [languageServer  ]      message_handler.h:75    | < [textDocument/didClose] (finish)  (0 ms)
(  39.051s) [languageServer  ]       queue_manager.cc:195   | Run finishied message method 'textDocument/didClose'
(  39.051s) [languageServer  ]       queue_manager.cc:187   | Handler found for message method 'textDocument/didClose'
(  39.051s) [languageServer  ]      message_handler.h:70    | > [textDocument/didClose] (start) 
(  39.051s) [languageServer  ]     workspace_file.cpp:302   | > [WorkspaceFile] (start) 06_FATURAMENTO/DESCPDV.prw (Not Open/Not Temp)
(  39.051s) [languageServer  ]     workspace_file.cpp:428   | < [WorkspaceFile] (finish) d:/totvs 12/microsiga/protheus/projetovscode/06_FATURAMENTO/DESCPDV.prw (0 ms)
(  39.051s) [languageServer  ]      message_handler.h:75    | < [textDocument/didClose] (finish)  (0 ms)
(  39.051s) [languageServer  ]       queue_manager.cc:195   | Run finishied message method 'textDocument/didClose'
(  39.051s) [languageServer  ]       queue_manager.cc:187   | Handler found for message method 'textDocument/didOpen'
(  39.051s) [languageServer  ]      message_handler.h:70    | > [textDocument/didOpen] (start) 
(  39.052s) [languageServer  ]     workspace_file.cpp:302   | > [WorkspaceFile] (start) 05_ESTOQUE/MTA105OK.PRW (Open/Not Temp)
(  39.148s) [languageServer  ]        totvs_linter.cc:16    | linterParseDiagnostic: 
MTA105OK.PRW(67) warning W0003 Local variable NOPCAP never used
(  39.149s) [languageServer  ]     workspace_file.cpp:428   | < [WorkspaceFile] (finish) d:/totvs 12/microsiga/protheus/projetovscode/05_ESTOQUE/MTA105OK.PRW (9 ms)
(  39.149s) [languageServer  ]      message_handler.h:75    | < [textDocument/didOpen] (finish)  (9 ms)
(  39.149s) [languageServer  ]       queue_manager.cc:195   | Run finishied message method 'textDocument/didOpen'
(  39.149s) [languageServer  ]       queue_manager.cc:187   | Handler found for message method 'textDocument/didOpen'
(  39.149s) [languageServer  ]      message_handler.h:70    | > [textDocument/didOpen] (start) 
(  39.149s) [languageServer  ]     workspace_file.cpp:302   | > [WorkspaceFile] (start) 01_SOMENTE_ITINGA/MT100TOK.PRW (Open/Not Temp)
(  39.382s) [languageServer  ]        totvs_linter.cc:16    | linterParseDiagnostic: 
MT100TOK.PRW(20) warning W0003 Local variable NVRNF never used
(  39.384s) [languageServer  ]     workspace_file.cpp:428   | < [WorkspaceFile] (finish) d:/totvs 12/microsiga/protheus/projetovscode/01_SOMENTE_ITINGA/MT100TOK.PRW (23 ms)
(  39.384s) [languageServer  ]      message_handler.h:75    | < [textDocument/didOpen] (finish)  (23 ms)
(  39.384s) [languageServer  ]       queue_manager.cc:195   | Run finishied message method 'textDocument/didOpen'
(  39.384s) [languageServer  ]       queue_manager.cc:187   | Handler found for message method 'textDocument/didOpen'
(  39.384s) [languageServer  ]      message_handler.h:70    | > [textDocument/didOpen] (start) 
(  39.384s) [languageServer  ]     workspace_file.cpp:302   | > [WorkspaceFile] (start) 05_ESTOQUE/MT241SD3.prw (Open/Not Temp)
(  39.611s) [languageServer  ]     workspace_file.cpp:428   | < [WorkspaceFile] (finish) d:/totvs 12/microsiga/protheus/projetovscode/05_ESTOQUE/MT241SD3.prw (22 ms)
(  39.611s) [languageServer  ]      message_handler.h:75    | < [textDocument/didOpen] (finish)  (22 ms)
(  39.611s) [languageServer  ]       queue_manager.cc:195   | Run finishied message method 'textDocument/didOpen'
(  39.611s) [languageServer  ]       queue_manager.cc:187   | Handler found for message method 'textDocument/didOpen'
(  39.611s) [languageServer  ]      message_handler.h:70    | > [textDocument/didOpen] (start) 
(  39.611s) [languageServer  ]     workspace_file.cpp:302   | > [WorkspaceFile] (start) 06_FATURAMENTO/MDFESEFAZ.prw (Open/Not Temp)
(  39.852s) [languageServer  ]        totvs_linter.cc:16    | linterParseDiagnostic: 
MDFESEFAZ.PRW(345) warning W0003 Local variable ANFREF never used
(  39.868s) [languageServer  ]     workspace_file.cpp:428   | < [WorkspaceFile] (finish) d:/totvs 12/microsiga/protheus/projetovscode/06_FATURAMENTO/MDFESEFAZ.prw (25 ms)
(  39.868s) [languageServer  ]      message_handler.h:75    | < [textDocument/didOpen] (finish)  (25 ms)
(  39.868s) [languageServer  ]       queue_manager.cc:195   | Run finishied message method 'textDocument/didOpen'
(  39.868s) [languageServer  ]       queue_manager.cc:187   | Handler found for message method 'textDocument/didOpen'
(  39.868s) [languageServer  ]      message_handler.h:70    | > [textDocument/didOpen] (start) 
(  39.868s) [languageServer  ]     workspace_file.cpp:302   | > [WorkspaceFile] (start) 01_SOMENTE_ITINGA/M460FIM.PRW (Open/Not Temp)
(  39.986s) [languageServer  ]        totvs_linter.cc:16    | linterParseDiagnostic: 
M460FIM.PRW(16) warning W0003 Local variable AM460FIM never used
M460FIM.PRW(18) warning W0003 Local variable APESO never used
M460FIM.PRW(20) warning W0003 Local variable CBOLETO never used
M460FIM.PRW(21) warning W0003 Local variable CMSGNOTA never used
M460FIM.PRW(19) warning W0003 Local variable NRESULT never used
(  39.986s) [languageServer  ]     workspace_file.cpp:428   | < [WorkspaceFile] (finish) d:/totvs 12/microsiga/protheus/projetovscode/01_SOMENTE_ITINGA/M460FIM.PRW (11 ms)
(  39.986s) [languageServer  ]      message_handler.h:75    | < [textDocument/didOpen] (finish)  (11 ms)
(  39.986s) [languageServer  ]       queue_manager.cc:195   | Run finishied message method 'textDocument/didOpen'
(  39.986s) [languageServer  ]       queue_manager.cc:187   | Handler found for message method 'textDocument/didOpen'
(  39.986s) [languageServer  ]      message_handler.h:70    | > [textDocument/didOpen] (start) 
(  39.987s) [languageServer  ]     workspace_file.cpp:302   | > [WorkspaceFile] (start) 07_FINANCEIRO/ITMRFIN010.prw (Open/Not Temp)
(  40.335s) [languageServer  ]        totvs_linter.cc:16    | linterParseDiagnostic: 
ITMRFIN010.PRW(21) warning W0003 Local variable OREPORT never used
ITMRFIN010.PRW(67) warning W0003 Local variable CDESCVEND never used
ITMRFIN010.PRW(62) warning W0003 Local variable LIMITE never used
ITMRFIN010.PRW(133) warning W0019 Statement unbalanced function in C540IMP. This warning will be an error in future version.
ITMRFIN010.PRW(149) warning W0003 Local variable ACAMPOS never used
ITMRFIN010.PRW(151) warning W0003 Local variable CBASE never used
ITMRFIN010.PRW(144) warning W0003 Local variable CCODANT never used
ITMRFIN010.PRW(148) warning W0003 Local variable CNFISCAL never used
ITMRFIN010.PRW(142) warning W0003 Local variable CPICT never used
ITMRFIN010.PRW(146) warning W0003 Local variable CSAV20 never used
ITMRFIN010.PRW(146) warning W0003 Local variable CSAV7 never used
ITMRFIN010.PRW(143) warning W0003 Local variable CTEXTO never used
ITMRFIN010.PRW(143) warning W0003 Local variable J never used
ITMRFIN010.PRW(139) warning W0003 Local variable LIMITE never used
ITMRFIN010.PRW(150) warning W0003 Local variable LIMPDEV never used
ITMRFIN010.PRW(146) warning W0003 Local variable NANT never used
ITMRFIN010.PRW(146) warning W0003 Local variable NATU never used
ITMRFIN010.PRW(146) warning W0003 Local variable NCNT never used
ITMRFIN010.PRW(144) warning W0003 Local variable NCOL never used
ITMRFIN010.PRW(146) warning W0003 Local variable NMULT never used
ITMRFIN010.PRW(146) warning W0003 Local variable NTREGS never used
(  40.340s) [languageServer  ]     workspace_file.cpp:428   | < [WorkspaceFile] (finish) d:/totvs 12/microsiga/protheus/projetovscode/07_FINANCEIRO/ITMRFIN010.prw (35 ms)
(  40.340s) [languageServer  ]      message_handler.h:75    | < [textDocument/didOpen] (finish)  (35 ms)
(  40.340s) [languageServer  ]       queue_manager.cc:195   | Run finishied message method 'textDocument/didOpen'
(  40.340s) [languageServer  ]       queue_manager.cc:187   | Handler found for message method 'textDocument/didOpen'
(  40.340s) [languageServer  ]      message_handler.h:70    | > [textDocument/didOpen] (start) 
(  40.340s) [languageServer  ]     workspace_file.cpp:302   | > [WorkspaceFile] (start) 05_ESTOQUE/SEQLOTE.prw (Open/Not Temp)
(  40.541s) [languageServer  ]     workspace_file.cpp:428   | < [WorkspaceFile] (finish) d:/totvs 12/microsiga/protheus/projetovscode/05_ESTOQUE/SEQLOTE.prw (20 ms)
(  40.541s) [languageServer  ]      message_handler.h:75    | < [textDocument/didOpen] (finish)  (20 ms)
(  40.541s) [languageServer  ]       queue_manager.cc:195   | Run finishied message method 'textDocument/didOpen'
(  40.541s) [languageServer  ]       queue_manager.cc:187   | Handler found for message method 'textDocument/didOpen'
(  40.541s) [languageServer  ]      message_handler.h:70    | > [textDocument/didOpen] (start) 
(  40.541s) [languageServer  ]     workspace_file.cpp:302   | > [WorkspaceFile] (start) 00_REMOVER/PARATESTE.PRW (Open/Not Temp)
(  40.666s) [languageServer  ]     workspace_file.cpp:428   | < [WorkspaceFile] (finish) d:/totvs 12/microsiga/protheus/projetovscode/00_REMOVER/PARATESTE.PRW (12 ms)
(  40.666s) [languageServer  ]      message_handler.h:75    | < [textDocument/didOpen] (finish)  (12 ms)
(  40.666s) [languageServer  ]       queue_manager.cc:195   | Run finishied message method 'textDocument/didOpen'
(  40.666s) [languageServer  ]       queue_manager.cc:187   | Handler found for message method 'textDocument/didOpen'
(  40.666s) [languageServer  ]      message_handler.h:70    | > [textDocument/didOpen] (start) 
(  40.666s) [languageServer  ]     workspace_file.cpp:302   | > [WorkspaceFile] (start) 05_ESTOQUE/MT110TOK.prw (Open/Not Temp)
(  40.905s) [languageServer  ]        totvs_linter.cc:16    | linterParseDiagnostic: 
MT110TOK.PRW(23) warning W0003 Local variable NPOSOBSER never used
(  40.905s) [languageServer  ]     workspace_file.cpp:428   | < [WorkspaceFile] (finish) d:/totvs 12/microsiga/protheus/projetovscode/05_ESTOQUE/MT110TOK.prw (23 ms)
(  40.905s) [languageServer  ]      message_handler.h:75    | < [textDocument/didOpen] (finish)  (23 ms)
(  40.905s) [languageServer  ]       queue_manager.cc:195   | Run finishied message method 'textDocument/didOpen'
(  40.905s) [languageServer  ]       queue_manager.cc:187   | Handler found for message method 'textDocument/didOpen'
(  40.905s) [languageServer  ]      message_handler.h:70    | > [textDocument/didOpen] (start) 
(  40.905s) [languageServer  ]     workspace_file.cpp:302   | > [WorkspaceFile] (start) 05_ESTOQUE/MREVEST.prw (Open/Not Temp)
(  41.004s) [languageServer  ]     workspace_file.cpp:428   | < [WorkspaceFile] (finish) d:/totvs 12/microsiga/protheus/projetovscode/05_ESTOQUE/MREVEST.prw (9 ms)
(  41.005s) [languageServer  ]      message_handler.h:75    | < [textDocument/didOpen] (finish)  (9 ms)
(  41.005s) [languageServer  ]       queue_manager.cc:195   | Run finishied message method 'textDocument/didOpen'
(  41.005s) [languageServer  ]       queue_manager.cc:187   | Handler found for message method 'textDocument/didClose'
(  41.005s) [languageServer  ]      message_handler.h:70    | > [textDocument/didClose] (start) 
(  41.005s) [languageServer  ]     workspace_file.cpp:302   | > [WorkspaceFile] (start) 06_FATURAMENTO/ChkSc6.prw (Not Open/Not Temp)
(  41.005s) [languageServer  ]     workspace_file.cpp:428   | < [WorkspaceFile] (finish) d:/totvs 12/microsiga/protheus/projetovscode/06_FATURAMENTO/ChkSc6.prw (0 ms)
(  41.005s) [languageServer  ]      message_handler.h:75    | < [textDocument/didClose] (finish)  (0 ms)
(  41.005s) [languageServer  ]       queue_manager.cc:195   | Run finishied message method 'textDocument/didClose'
(  41.005s) [languageServer  ]       queue_manager.cc:187   | Handler found for message method 'textDocument/didClose'
(  41.005s) [languageServer  ]      message_handler.h:70    | > [textDocument/didClose] (start) 
(  41.005s) [languageServer  ]     workspace_file.cpp:302   | > [WorkspaceFile] (start) 10_LIB/MXMLNFE.PRW (Not Open/Not Temp)
(  41.005s) [languageServer  ]     workspace_file.cpp:428   | < [WorkspaceFile] (finish) d:/totvs 12/microsiga/protheus/projetovscode/10_LIB/MXMLNFE.PRW (0 ms)
(  41.005s) [languageServer  ]      message_handler.h:75    | < [textDocument/didClose] (finish)  (0 ms)
(  41.005s) [languageServer  ]       queue_manager.cc:195   | Run finishied message method 'textDocument/didClose'
(  41.005s) [languageServer  ]       queue_manager.cc:187   | Handler found for message method 'textDocument/didClose'
(  41.005s) [languageServer  ]      message_handler.h:70    | > [textDocument/didClose] (start) 
(  41.005s) [languageServer  ]     workspace_file.cpp:302   | > [WorkspaceFile] (start) 05_ESTOQUE/BUSCALOTE.prw (Not Open/Not Temp)
(  41.005s) [languageServer  ]     workspace_file.cpp:428   | < [WorkspaceFile] (finish) d:/totvs 12/microsiga/protheus/projetovscode/05_ESTOQUE/BUSCALOTE.prw (0 ms)
(  41.005s) [languageServer  ]      message_handler.h:75    | < [textDocument/didClose] (finish)  (0 ms)
(  41.005s) [languageServer  ]       queue_manager.cc:195   | Run finishied message method 'textDocument/didClose'
(  41.005s) [languageServer  ]       queue_manager.cc:187   | Handler found for message method 'textDocument/didClose'
(  41.005s) [languageServer  ]      message_handler.h:70    | > [textDocument/didClose] (start) 
(  41.005s) [languageServer  ]     workspace_file.cpp:302   | > [WorkspaceFile] (start) 02_COMPRAS/MA103OPC.prw (Not Open/Not Temp)
(  41.005s) [languageServer  ]     workspace_file.cpp:428   | < [WorkspaceFile] (finish) d:/totvs 12/microsiga/protheus/projetovscode/02_COMPRAS/MA103OPC.prw (0 ms)
(  41.005s) [languageServer  ]      message_handler.h:75    | < [textDocument/didClose] (finish)  (0 ms)
(  41.005s) [languageServer  ]       queue_manager.cc:195   | Run finishied message method 'textDocument/didClose'
(  41.005s) [languageServer  ]       queue_manager.cc:187   | Handler found for message method 'textDocument/didClose'
(  41.005s) [languageServer  ]      message_handler.h:70    | > [textDocument/didClose] (start) 
(  41.005s) [languageServer  ]     workspace_file.cpp:302   | > [WorkspaceFile] (start) 07_FINANCEIRO/FA040DEL.PRW (Not Open/Not Temp)
(  41.005s) [languageServer  ]     workspace_file.cpp:428   | < [WorkspaceFile] (finish) d:/totvs 12/microsiga/protheus/projetovscode/07_FINANCEIRO/FA040DEL.PRW (0 ms)
(  41.005s) [languageServer  ]      message_handler.h:75    | < [textDocument/didClose] (finish)  (0 ms)
(  41.005s) [languageServer  ]       queue_manager.cc:195   | Run finishied message method 'textDocument/didClose'
(  41.005s) [languageServer  ]       queue_manager.cc:187   | Handler found for message method 'textDocument/didClose'
(  41.005s) [languageServer  ]      message_handler.h:70    | > [textDocument/didClose] (start) 
(  41.005s) [languageServer  ]     workspace_file.cpp:302   | > [WorkspaceFile] (start) 11_MNT/MNTNGAPP.PRW (Not Open/Not Temp)
(  41.005s) [languageServer  ]     workspace_file.cpp:428   | < [WorkspaceFile] (finish) d:/totvs 12/microsiga/protheus/projetovscode/11_MNT/MNTNGAPP.PRW (0 ms)
(  41.005s) [languageServer  ]      message_handler.h:75    | < [textDocument/didClose] (finish)  (0 ms)
(  41.005s) [languageServer  ]       queue_manager.cc:195   | Run finishied message method 'textDocument/didClose'
(  41.005s) [languageServer  ]       queue_manager.cc:187   | Handler found for message method 'textDocument/didClose'
(  41.005s) [languageServer  ]      message_handler.h:70    | > [textDocument/didClose] (start) 
(  41.005s) [languageServer  ]     workspace_file.cpp:302   | > [WorkspaceFile] (start) 10_LIB/WSCadCli.prw (Not Open/Not Temp)
(  41.005s) [languageServer  ]     workspace_file.cpp:428   | < [WorkspaceFile] (finish) d:/totvs 12/microsiga/protheus/projetovscode/10_LIB/WSCadCli.prw (0 ms)
(  41.005s) [languageServer  ]      message_handler.h:75    | < [textDocument/didClose] (finish)  (0 ms)
(  41.005s) [languageServer  ]       queue_manager.cc:195   | Run finishied message method 'textDocument/didClose'
(  41.005s) [languageServer  ]       queue_manager.cc:187   | Handler found for message method 'textDocument/didClose'
(  41.005s) [languageServer  ]      message_handler.h:70    | > [textDocument/didClose] (start) 
(  41.005s) [languageServer  ]     workspace_file.cpp:302   | > [WorkspaceFile] (start) 04_CONTABIL/MCT1CLI.prw (Not Open/Not Temp)
(  41.005s) [languageServer  ]     workspace_file.cpp:428   | < [WorkspaceFile] (finish) d:/totvs 12/microsiga/protheus/projetovscode/04_CONTABIL/MCT1CLI.prw (0 ms)
(  41.005s) [languageServer  ]      message_handler.h:75    | < [textDocument/didClose] (finish)  (0 ms)
(  41.005s) [languageServer  ]       queue_manager.cc:195   | Run finishied message method 'textDocument/didClose'
(  41.005s) [languageServer  ]       queue_manager.cc:187   | Handler found for message method 'textDocument/didClose'
(  41.005s) [languageServer  ]      message_handler.h:70    | > [textDocument/didClose] (start) 
(  41.005s) [languageServer  ]     workspace_file.cpp:302   | > [WorkspaceFile] (start) 05_ESTOQUE/IPADCC.prw (Not Open/Not Temp)
(  41.005s) [languageServer  ]     workspace_file.cpp:428   | < [WorkspaceFile] (finish) d:/totvs 12/microsiga/protheus/projetovscode/05_ESTOQUE/IPADCC.prw (0 ms)
(  41.005s) [languageServer  ]      message_handler.h:75    | < [textDocument/didClose] (finish)  (0 ms)
(  41.005s) [languageServer  ]       queue_manager.cc:195   | Run finishied message method 'textDocument/didClose'
(  41.005s) [languageServer  ]       queue_manager.cc:187   | Handler found for message method 'textDocument/didClose'
(  41.005s) [languageServer  ]      message_handler.h:70    | > [textDocument/didClose] (start) 
(  41.005s) [languageServer  ]     workspace_file.cpp:302   | > [WorkspaceFile] (start) 07_FINANCEIRO/F060ACT.PRW (Not Open/Not Temp)
(  41.005s) [languageServer  ]     workspace_file.cpp:428   | < [WorkspaceFile] (finish) d:/totvs 12/microsiga/protheus/projetovscode/07_FINANCEIRO/F060ACT.PRW (0 ms)
(  41.005s) [languageServer  ]      message_handler.h:75    | < [textDocument/didClose] (finish)  (0 ms)
(  41.005s) [languageServer  ]       queue_manager.cc:195   | Run finishied message method 'textDocument/didClose'
(  41.005s) [languageServer  ]       queue_manager.cc:187   | Handler found for message method 'textDocument/didOpen'
(  41.005s) [languageServer  ]      message_handler.h:70    | > [textDocument/didOpen] (start) 
(  41.008s) [languageServer  ]     workspace_file.cpp:302   | > [WorkspaceFile] (start) 06_FATURAMENTO/nfesefaz.prw (Open/Not Temp)
(  42.480s) [languageServer  ]        totvs_linter.cc:16    | linterParseDiagnostic: 
NFESEFAZ.PRW(11284) warning W0018 Unsupported assign to function call. This warning may be an error in future version.
(  42.662s) [languageServer  ]     workspace_file.cpp:428   | < [WorkspaceFile] (finish) d:/totvs 12/microsiga/protheus/projetovscode/06_FATURAMENTO/nfesefaz.prw (165 ms)
(  42.662s) [languageServer  ]      message_handler.h:75    | < [textDocument/didOpen] (finish)  (165 ms)
(  42.662s) [languageServer  ]       queue_manager.cc:195   | Run finishied message method 'textDocument/didOpen'
(  42.663s) [languageServer  ]       queue_manager.cc:187   | Handler found for message method 'textDocument/didOpen'
(  42.663s) [languageServer  ]      message_handler.h:70    | > [textDocument/didOpen] (start) 
(  42.663s) [languageServer  ]     workspace_file.cpp:302   | > [WorkspaceFile] (start) 05_ESTOQUE/ZE1CAD.PRW (Open/Not Temp)
(  42.871s) [languageServer  ]     workspace_file.cpp:428   | < [WorkspaceFile] (finish) d:/totvs 12/microsiga/protheus/projetovscode/05_ESTOQUE/ZE1CAD.PRW (20 ms)
(  42.871s) [languageServer  ]      message_handler.h:75    | < [textDocument/didOpen] (finish)  (20 ms)
(  42.871s) [languageServer  ]       queue_manager.cc:195   | Run finishied message method 'textDocument/didOpen'
(  42.872s) [languageServer  ]       queue_manager.cc:187   | Handler found for message method 'textDocument/didOpen'
(  42.872s) [languageServer  ]      message_handler.h:70    | > [textDocument/didOpen] (start) 
(  42.872s) [languageServer  ]     workspace_file.cpp:302   | > [WorkspaceFile] (start) 06_FATURAMENTO/MCLASSIFI.PRW (Open/Not Temp)
(  43.116s) [languageServer  ]     workspace_file.cpp:428   | < [WorkspaceFile] (finish) d:/totvs 12/microsiga/protheus/projetovscode/06_FATURAMENTO/MCLASSIFI.PRW (24 ms)
(  43.116s) [languageServer  ]      message_handler.h:75    | < [textDocument/didOpen] (finish)  (24 ms)
(  43.116s) [languageServer  ]       queue_manager.cc:195   | Run finishied message method 'textDocument/didOpen'
(  43.116s) [languageServer  ]       queue_manager.cc:187   | Handler found for message method 'textDocument/didOpen'
(  43.116s) [languageServer  ]      message_handler.h:70    | > [textDocument/didOpen] (start) 
(  43.116s) [languageServer  ]     workspace_file.cpp:302   | > [WorkspaceFile] (start) 05_ESTOQUE/MREAVCM.PRW (Open/Not Temp)
(  43.326s) [languageServer  ]     workspace_file.cpp:428   | < [WorkspaceFile] (finish) d:/totvs 12/microsiga/protheus/projetovscode/05_ESTOQUE/MREAVCM.PRW (20 ms)
(  43.326s) [languageServer  ]      message_handler.h:75    | < [textDocument/didOpen] (finish)  (20 ms)
(  43.326s) [languageServer  ]       queue_manager.cc:195   | Run finishied message method 'textDocument/didOpen'
(  43.326s) [languageServer  ]       queue_manager.cc:187   | Handler found for message method 'textDocument/didOpen'
(  43.326s) [languageServer  ]      message_handler.h:70    | > [textDocument/didOpen] (start) 
(  43.326s) [languageServer  ]     workspace_file.cpp:302   | > [WorkspaceFile] (start) 07_FINANCEIRO/ITMMFIN010.prw (Open/Not Temp)
(  43.411s) [languageServer  ]     workspace_file.cpp:428   | < [WorkspaceFile] (finish) d:/totvs 12/microsiga/protheus/projetovscode/07_FINANCEIRO/ITMMFIN010.prw (8 ms)
(  43.411s) [languageServer  ]      message_handler.h:75    | < [textDocument/didOpen] (finish)  (8 ms)
(  43.411s) [languageServer  ]       queue_manager.cc:195   | Run finishied message method 'textDocument/didOpen'
(  43.411s) [languageServer  ]       queue_manager.cc:187   | Handler found for message method 'textDocument/didOpen'
(  43.411s) [languageServer  ]      message_handler.h:70    | > [textDocument/didOpen] (start) 
(  43.411s) [languageServer  ]     workspace_file.cpp:302   | > [WorkspaceFile] (start) 05_ESTOQUE/MPFEST.prw (Open/Not Temp)
(  43.640s) [languageServer  ]     workspace_file.cpp:428   | < [WorkspaceFile] (finish) d:/totvs 12/microsiga/protheus/projetovscode/05_ESTOQUE/MPFEST.prw (22 ms)
(  43.640s) [languageServer  ]      message_handler.h:75    | < [textDocument/didOpen] (finish)  (22 ms)
(  43.640s) [languageServer  ]       queue_manager.cc:195   | Run finishied message method 'textDocument/didOpen'
(  43.640s) [languageServer  ]       queue_manager.cc:187   | Handler found for message method 'textDocument/didOpen'
(  43.640s) [languageServer  ]      message_handler.h:70    | > [textDocument/didOpen] (start) 
(  43.641s) [languageServer  ]     workspace_file.cpp:302   | > [WorkspaceFile] (start) 06_FATURAMENTO/MATR730Q.prw (Open/Not Temp)
(  44.103s) [languageServer  ]        totvs_linter.cc:16    | linterParseDiagnostic: 
MATR730Q.PRW(17) warning W0003 Local variable OREPORT never used
MATR730Q.PRW(247) warning W0003 Local variable CKEY never used
MATR730Q.PRW(834) warning W0003 Local variable NDECS never used
MATR730Q.PRW(1078) warning W0003 Local variable CBCONT never used
MATR730Q.PRW(1079) warning W0003 Local variable CBTEXT never used
MATR730Q.PRW(1081) warning W0003 Local variable CFILTER never used
MATR730Q.PRW(1080) warning W0003 Local variable CKEY never used
MATR730Q.PRW(1076) warning W0003 Local variable LIMP never used
(  44.118s) [languageServer  ]     workspace_file.cpp:428   | < [WorkspaceFile] (finish) d:/totvs 12/microsiga/protheus/projetovscode/06_FATURAMENTO/MATR730Q.prw (47 ms)
(  44.118s) [languageServer  ]      message_handler.h:75    | < [textDocument/didOpen] (finish)  (47 ms)
(  44.118s) [languageServer  ]       queue_manager.cc:195   | Run finishied message method 'textDocument/didOpen'
(  44.118s) [languageServer  ]       queue_manager.cc:187   | Handler found for message method 'textDocument/didOpen'
(  44.118s) [languageServer  ]      message_handler.h:70    | > [textDocument/didOpen] (start) 
(  44.119s) [languageServer  ]     workspace_file.cpp:302   | > [WorkspaceFile] (start) 02_COMPRAS/MT150ROT.PRW (Open/Not Temp)
(  44.353s) [languageServer  ]        totvs_linter.cc:16    | linterParseDiagnostic: 
MT150ROT.PRW(158) warning W0011 Variable AFIXE2 redefined
(  44.355s) [languageServer  ]     workspace_file.cpp:428   | < [WorkspaceFile] (finish) d:/totvs 12/microsiga/protheus/projetovscode/02_COMPRAS/MT150ROT.PRW (23 ms)
(  44.355s) [languageServer  ]      message_handler.h:75    | < [textDocument/didOpen] (finish)  (23 ms)
(  44.355s) [languageServer  ]       queue_manager.cc:195   | Run finishied message method 'textDocument/didOpen'
(  44.355s) [languageServer  ]       queue_manager.cc:187   | Handler found for message method 'textDocument/didOpen'
(  44.355s) [languageServer  ]      message_handler.h:70    | > [textDocument/didOpen] (start) 
(  44.356s) [languageServer  ]     workspace_file.cpp:302   | > [WorkspaceFile] (start) 07_FINANCEIRO/IMPORT.PRW (Open/Not Temp)
(  44.649s) [languageServer  ]        totvs_linter.cc:16    | linterParseDiagnostic: 
IMPORT.PRW(36) warning W0003 Local variable CCABEC never used
IMPORT.PRW(35) warning W0003 Local variable NLINCABEC never used
IMPORT.PRW(26) warning W0003 Local variable NMETPARC never used
IMPORT.PRW(37) warning W0003 Local variable NQTDCAB never used
IMPORT.PRW(598) warning W0003 Local variable CFILSA1 never used
(  44.657s) [languageServer  ]     workspace_file.cpp:428   | < [WorkspaceFile] (finish) d:/totvs 12/microsiga/protheus/projetovscode/07_FINANCEIRO/IMPORT.PRW (30 ms)
(  44.657s) [languageServer  ]      message_handler.h:75    | < [textDocument/didOpen] (finish)  (30 ms)
(  44.657s) [languageServer  ]       queue_manager.cc:195   | Run finishied message method 'textDocument/didOpen'
(  44.657s) [languageServer  ]       queue_manager.cc:187   | Handler found for message method 'textDocument/didOpen'
(  44.657s) [languageServer  ]      message_handler.h:70    | > [textDocument/didOpen] (start) 
(  44.657s) [languageServer  ]     workspace_file.cpp:302   | > [WorkspaceFile] (start) 08_GRPLUS/GR002SQL.PRW (Open/Not Temp)
(  44.877s) [languageServer  ]     workspace_file.cpp:428   | < [WorkspaceFile] (finish) d:/totvs 12/microsiga/protheus/projetovscode/08_GRPLUS/GR002SQL.PRW (21 ms)
(  44.877s) [languageServer  ]      message_handler.h:75    | < [textDocument/didOpen] (finish)  (21 ms)
(  44.877s) [languageServer  ]       queue_manager.cc:195   | Run finishied message method 'textDocument/didOpen'
(  44.877s) [languageServer  ]       queue_manager.cc:187   | Handler found for message method 'textDocument/didClose'
(  44.877s) [languageServer  ]      message_handler.h:70    | > [textDocument/didClose] (start) 
(  44.877s) [languageServer  ]     workspace_file.cpp:302   | > [WorkspaceFile] (start) 11_MNT/PLANTA.PRW (Not Open/Not Temp)
(  44.877s) [languageServer  ]     workspace_file.cpp:428   | < [WorkspaceFile] (finish) d:/totvs 12/microsiga/protheus/projetovscode/11_MNT/PLANTA.PRW (0 ms)
(  44.877s) [languageServer  ]      message_handler.h:75    | < [textDocument/didClose] (finish)  (0 ms)
(  44.877s) [languageServer  ]       queue_manager.cc:195   | Run finishied message method 'textDocument/didClose'
(  44.877s) [languageServer  ]       queue_manager.cc:187   | Handler found for message method 'textDocument/didClose'
(  44.877s) [languageServer  ]      message_handler.h:70    | > [textDocument/didClose] (start) 
(  44.877s) [languageServer  ]     workspace_file.cpp:302   | > [WorkspaceFile] (start) 04_CONTABIL/MLPNAT.prw (Not Open/Not Temp)
(  44.877s) [languageServer  ]     workspace_file.cpp:428   | < [WorkspaceFile] (finish) d:/totvs 12/microsiga/protheus/projetovscode/04_CONTABIL/MLPNAT.prw (0 ms)
(  44.877s) [languageServer  ]      message_handler.h:75    | < [textDocument/didClose] (finish)  (0 ms)
(  44.877s) [languageServer  ]       queue_manager.cc:195   | Run finishied message method 'textDocument/didClose'
(  44.877s) [languageServer  ]       queue_manager.cc:187   | Handler found for message method 'textDocument/didClose'
(  44.877s) [languageServer  ]      message_handler.h:70    | > [textDocument/didClose] (start) 
(  44.877s) [languageServer  ]     workspace_file.cpp:302   | > [WorkspaceFile] (start) 05_ESTOQUE/M105BUT.prw (Not Open/Not Temp)
(  44.877s) [languageServer  ]     workspace_file.cpp:428   | < [WorkspaceFile] (finish) d:/totvs 12/microsiga/protheus/projetovscode/05_ESTOQUE/M105BUT.prw (0 ms)
(  44.877s) [languageServer  ]      message_handler.h:75    | < [textDocument/didClose] (finish)  (0 ms)
(  44.877s) [languageServer  ]       queue_manager.cc:195   | Run finishied message method 'textDocument/didClose'
(  44.877s) [languageServer  ]       queue_manager.cc:187   | Handler found for message method 'textDocument/didClose'
(  44.877s) [languageServer  ]      message_handler.h:70    | > [textDocument/didClose] (start) 
(  44.877s) [languageServer  ]     workspace_file.cpp:302   | > [WorkspaceFile] (start) 10_LIB/zIsMVC.prw (Not Open/Not Temp)
(  44.878s) [languageServer  ]     workspace_file.cpp:428   | < [WorkspaceFile] (finish) d:/totvs 12/microsiga/protheus/projetovscode/10_LIB/zIsMVC.prw (0 ms)
(  44.878s) [languageServer  ]      message_handler.h:75    | < [textDocument/didClose] (finish)  (0 ms)
(  44.878s) [languageServer  ]       queue_manager.cc:195   | Run finishied message method 'textDocument/didClose'
(  44.878s) [languageServer  ]       queue_manager.cc:187   | Handler found for message method 'textDocument/didClose'
(  44.878s) [languageServer  ]      message_handler.h:70    | > [textDocument/didClose] (start) 
(  44.878s) [languageServer  ]     workspace_file.cpp:302   | > [WorkspaceFile] (start) 02_COMPRAS/MT103TOK.PRW (Not Open/Not Temp)
(  44.878s) [languageServer  ]     workspace_file.cpp:428   | < [WorkspaceFile] (finish) d:/totvs 12/microsiga/protheus/projetovscode/02_COMPRAS/MT103TOK.PRW (0 ms)
(  44.878s) [languageServer  ]      message_handler.h:75    | < [textDocument/didClose] (finish)  (0 ms)
(  44.878s) [languageServer  ]       queue_manager.cc:195   | Run finishied message method 'textDocument/didClose'
(  44.878s) [languageServer  ]       queue_manager.cc:187   | Handler found for message method 'textDocument/didClose'
(  44.878s) [languageServer  ]      message_handler.h:70    | > [textDocument/didClose] (start) 
(  44.878s) [languageServer  ]     workspace_file.cpp:302   | > [WorkspaceFile] (start) 05_ESTOQUE/ITM_MEST010.prw (Not Open/Not Temp)
(  44.878s) [languageServer  ]     workspace_file.cpp:428   | < [WorkspaceFile] (finish) d:/totvs 12/microsiga/protheus/projetovscode/05_ESTOQUE/ITM_MEST010.prw (0 ms)
(  44.878s) [languageServer  ]      message_handler.h:75    | < [textDocument/didClose] (finish)  (0 ms)
(  44.878s) [languageServer  ]       queue_manager.cc:195   | Run finishied message method 'textDocument/didClose'
(  44.878s) [languageServer  ]       queue_manager.cc:187   | Handler found for message method 'textDocument/didClose'
(  44.878s) [languageServer  ]      message_handler.h:70    | > [textDocument/didClose] (start) 
(  44.878s) [languageServer  ]     workspace_file.cpp:302   | > [WorkspaceFile] (start) 07_FINANCEIRO/FA040INC.PRW (Not Open/Not Temp)
(  44.878s) [languageServer  ]     workspace_file.cpp:428   | < [WorkspaceFile] (finish) d:/totvs 12/microsiga/protheus/projetovscode/07_FINANCEIRO/FA040INC.PRW (0 ms)
(  44.878s) [languageServer  ]      message_handler.h:75    | < [textDocument/didClose] (finish)  (0 ms)
(  44.878s) [languageServer  ]       queue_manager.cc:195   | Run finishied message method 'textDocument/didClose'
(  44.878s) [languageServer  ]       queue_manager.cc:187   | Handler found for message method 'textDocument/didClose'
(  44.878s) [languageServer  ]      message_handler.h:70    | > [textDocument/didClose] (start) 
(  44.878s) [languageServer  ]     workspace_file.cpp:302   | > [WorkspaceFile] (start) 05_ESTOQUE/Matr910.prw (Not Open/Not Temp)
(  44.878s) [languageServer  ]     workspace_file.cpp:428   | < [WorkspaceFile] (finish) d:/totvs 12/microsiga/protheus/projetovscode/05_ESTOQUE/Matr910.prw (0 ms)
(  44.878s) [languageServer  ]      message_handler.h:75    | < [textDocument/didClose] (finish)  (0 ms)
(  44.878s) [languageServer  ]       queue_manager.cc:195   | Run finishied message method 'textDocument/didClose'
(  44.878s) [languageServer  ]       queue_manager.cc:187   | Handler found for message method 'textDocument/didClose'
(  44.878s) [languageServer  ]      message_handler.h:70    | > [textDocument/didClose] (start) 
(  44.878s) [languageServer  ]     workspace_file.cpp:302   | > [WorkspaceFile] (start) 04_CONTABIL/RCTBM001.prw (Not Open/Not Temp)
(  44.878s) [languageServer  ]     workspace_file.cpp:428   | < [WorkspaceFile] (finish) d:/totvs 12/microsiga/protheus/projetovscode/04_CONTABIL/RCTBM001.prw (0 ms)
(  44.878s) [languageServer  ]      message_handler.h:75    | < [textDocument/didClose] (finish)  (0 ms)
(  44.878s) [languageServer  ]       queue_manager.cc:195   | Run finishied message method 'textDocument/didClose'
(  44.878s) [languageServer  ]       queue_manager.cc:187   | Handler found for message method 'textDocument/didClose'
(  44.878s) [languageServer  ]      message_handler.h:70    | > [textDocument/didClose] (start) 
(  44.878s) [languageServer  ]     workspace_file.cpp:302   | > [WorkspaceFile] (start) 05_ESTOQUE/MATR300.PRW (Not Open/Not Temp)
(  44.878s) [languageServer  ]     workspace_file.cpp:428   | < [WorkspaceFile] (finish) d:/totvs 12/microsiga/protheus/projetovscode/05_ESTOQUE/MATR300.PRW (0 ms)
(  44.878s) [languageServer  ]      message_handler.h:75    | < [textDocument/didClose] (finish)  (0 ms)
(  44.878s) [languageServer  ]       queue_manager.cc:195   | Run finishied message method 'textDocument/didClose'
(  44.878s) [languageServer  ]       queue_manager.cc:187   | Handler found for message method 'textDocument/didOpen'
(  44.878s) [languageServer  ]      message_handler.h:70    | > [textDocument/didOpen] (start) 
(  44.878s) [languageServer  ]     workspace_file.cpp:302   | > [WorkspaceFile] (start) 06_FATURAMENTO/RelPrd.prw (Open/Not Temp)
(  45.136s) [languageServer  ]        totvs_linter.cc:16    | linterParseDiagnostic: 
RELPRD.PRW(12) warning W0003 Local variable CPERG never used
RELPRD.PRW(11) warning W0003 Local variable CQUERY never used
(  45.140s) [languageServer  ]     workspace_file.cpp:428   | < [WorkspaceFile] (finish) d:/totvs 12/microsiga/protheus/projetovscode/06_FATURAMENTO/RelPrd.prw (26 ms)
(  45.140s) [languageServer  ]      message_handler.h:75    | < [textDocument/didOpen] (finish)  (26 ms)
(  45.140s) [languageServer  ]       queue_manager.cc:195   | Run finishied message method 'textDocument/didOpen'
(  45.140s) [languageServer  ]       queue_manager.cc:187   | Handler found for message method 'textDocument/didOpen'
(  45.140s) [languageServer  ]      message_handler.h:70    | > [textDocument/didOpen] (start) 
(  45.140s) [languageServer  ]     workspace_file.cpp:302   | > [WorkspaceFile] (start) 08_GRPLUS/GR056MEN.prw (Open/Not Temp)
(  45.384s) [languageServer  ]     workspace_file.cpp:428   | < [WorkspaceFile] (finish) d:/totvs 12/microsiga/protheus/projetovscode/08_GRPLUS/GR056MEN.prw (24 ms)
(  45.384s) [languageServer  ]      message_handler.h:75    | < [textDocument/didOpen] (finish)  (24 ms)
(  45.384s) [languageServer  ]       queue_manager.cc:195   | Run finishied message method 'textDocument/didOpen'
(  45.384s) [languageServer  ]       queue_manager.cc:187   | Handler found for message method 'textDocument/didOpen'
(  45.384s) [languageServer  ]      message_handler.h:70    | > [textDocument/didOpen] (start) 
(  45.384s) [languageServer  ]     workspace_file.cpp:302   | > [WorkspaceFile] (start) 08_GRPLUS/GR002COL.PRW (Open/Not Temp)
(  45.592s) [languageServer  ]        totvs_linter.cc:16    | linterParseDiagnostic: 
GR002COL.PRW(29) warning W0003 Local variable NPOSSUBL never used
(  45.594s) [languageServer  ]     workspace_file.cpp:428   | < [WorkspaceFile] (finish) d:/totvs 12/microsiga/protheus/projetovscode/08_GRPLUS/GR002COL.PRW (20 ms)
(  45.594s) [languageServer  ]      message_handler.h:75    | < [textDocument/didOpen] (finish)  (20 ms)
(  45.594s) [languageServer  ]       queue_manager.cc:195   | Run finishied message method 'textDocument/didOpen'
(  45.594s) [languageServer  ]       queue_manager.cc:187   | Handler found for message method 'textDocument/didOpen'
(  45.594s) [languageServer  ]      message_handler.h:70    | > [textDocument/didOpen] (start) 
(  45.594s) [languageServer  ]     workspace_file.cpp:302   | > [WorkspaceFile] (start) 06_FATURAMENTO/RelPdv.PRW (Open/Not Temp)
(  45.847s) [languageServer  ]        totvs_linter.cc:16    | linterParseDiagnostic: 
RELPDV.PRW(12) warning W0003 Local variable CPERG never used
RELPDV.PRW(11) warning W0003 Local variable CQUERY never used
(  45.850s) [languageServer  ]     workspace_file.cpp:428   | < [WorkspaceFile] (finish) d:/totvs 12/microsiga/protheus/projetovscode/06_FATURAMENTO/RelPdv.PRW (25 ms)
(  45.850s) [languageServer  ]      message_handler.h:75    | < [textDocument/didOpen] (finish)  (25 ms)
(  45.850s) [languageServer  ]       queue_manager.cc:195   | Run finishied message method 'textDocument/didOpen'
(  45.850s) [languageServer  ]       queue_manager.cc:187   | Handler found for message method 'textDocument/didOpen'
(  45.850s) [languageServer  ]      message_handler.h:70    | > [textDocument/didOpen] (start) 
(  45.850s) [languageServer  ]     workspace_file.cpp:302   | > [WorkspaceFile] (start) 07_FINANCEIRO/Rel0036.PRW (Open/Not Temp)
(  45.950s) [languageServer  ]        totvs_linter.cc:16    | linterParseDiagnostic: 
REL0036.PRW(49) warning W0011 Variable CBTXT redefined
REL0036.PRW(39) warning W0003 Local variable AORD never used
REL0036.PRW(32) warning W0003 Local variable CPICT never used
REL0036.PRW(38) warning W0003 Local variable IMPRIME never used
(  45.952s) [languageServer  ]     workspace_file.cpp:428   | < [WorkspaceFile] (finish) d:/totvs 12/microsiga/protheus/projetovscode/07_FINANCEIRO/Rel0036.PRW (10 ms)
(  45.952s) [languageServer  ]      message_handler.h:75    | < [textDocument/didOpen] (finish)  (10 ms)
(  45.952s) [languageServer  ]       queue_manager.cc:195   | Run finishied message method 'textDocument/didOpen'
(  45.952s) [languageServer  ]       queue_manager.cc:187   | Handler found for message method 'textDocument/didOpen'
(  45.952s) [languageServer  ]      message_handler.h:70    | > [textDocument/didOpen] (start) 
(  45.952s) [languageServer  ]     workspace_file.cpp:302   | > [WorkspaceFile] (start) 08_GRPLUS/execmob.prw (Open/Not Temp)
(  46.160s) [languageServer  ]        totvs_linter.cc:16    | linterParseDiagnostic: 
EXECMOB.PRW(16) warning W0011 Variable ACABEC redefined
EXECMOB.PRW(17) warning W0011 Variable AITENS redefined
EXECMOB.PRW(18) warning W0011 Variable ALINHA redefined
EXECMOB.PRW(7) warning W0003 Local variable ASC5 never used
EXECMOB.PRW(8) warning W0003 Local variable ASC6 never used
EXECMOB.PRW(22) warning W0003 Local variable CJSONRET never used
EXECMOB.PRW(14) warning W0003 Local variable CLOGERRO never used
EXECMOB.PRW(19) warning W0003 Local variable LOK never used
EXECMOB.PRW(15) warning W0003 Local variable NCOUNT never used
EXECMOB.PRW(23) warning W0003 Local variable NLEN never used
EXECMOB.PRW(24) warning W0003 Local variable NPOSITEM never used
EXECMOB.PRW(12) warning W0003 Local variable NX never used
EXECMOB.PRW(13) warning W0003 Local variable NY never used
EXECMOB.PRW(25) warning W0003 Local variable ZX never used
(  46.161s) [languageServer  ]     workspace_file.cpp:428   | < [WorkspaceFile] (finish) d:/totvs 12/microsiga/protheus/projetovscode/08_GRPLUS/execmob.prw (20 ms)
(  46.161s) [languageServer  ]      message_handler.h:75    | < [textDocument/didOpen] (finish)  (20 ms)
(  46.161s) [languageServer  ]       queue_manager.cc:195   | Run finishied message method 'textDocument/didOpen'
(  46.161s) [languageServer  ]       queue_manager.cc:187   | Handler found for message method 'textDocument/didOpen'
(  46.161s) [languageServer  ]      message_handler.h:70    | > [textDocument/didOpen] (start) 
(  46.161s) [languageServer  ]     workspace_file.cpp:302   | > [WorkspaceFile] (start) 08_GRPLUS/GROR015.PRW (Open/Not Temp)
(  46.392s) [languageServer  ]        totvs_linter.cc:16    | linterParseDiagnostic: 
GROR015.PRW(118) warning W0003 Local variable CDESCPRO never used
GROR015.PRW(124) warning W0003 Local variable CLOGO never used
GROR015.PRW(123) warning W0003 Local variable CMODBARR never used
GROR015.PRW(121) warning W0003 Local variable NQUANT never used
GROR015.PRW(127) warning W0003 Local variable OFONT06 never used
GROR015.PRW(128) warning W0003 Local variable OFONT06N never used
GROR015.PRW(129) warning W0003 Local variable OFONT08 never used
GROR015.PRW(131) warning W0003 Local variable OFONT10 never used
GROR015.PRW(133) warning W0003 Local variable OFONT12 never used
GROR015.PRW(134) warning W0003 Local variable OFONT12N never used
(  46.394s) [languageServer  ]     workspace_file.cpp:428   | < [WorkspaceFile] (finish) d:/totvs 12/microsiga/protheus/projetovscode/08_GRPLUS/GROR015.PRW (23 ms)
(  46.394s) [languageServer  ]      message_handler.h:75    | < [textDocument/didOpen] (finish)  (23 ms)
(  46.394s) [languageServer  ]       queue_manager.cc:195   | Run finishied message method 'textDocument/didOpen'
(  46.394s) [languageServer  ]       queue_manager.cc:187   | Handler found for message method 'textDocument/didOpen'
(  46.394s) [languageServer  ]      message_handler.h:70    | > [textDocument/didOpen] (start) 
(  46.395s) [languageServer  ]     workspace_file.cpp:302   | > [WorkspaceFile] (start) 08_GRPLUS/GROR002.PRW (Open/Not Temp)
(  46.679s) [languageServer  ]        totvs_linter.cc:16    | linterParseDiagnostic: 
GROR002.PRW(73) warning W0003 Local variable QQUERY never used
(  46.688s) [languageServer  ]     workspace_file.cpp:428   | < [WorkspaceFile] (finish) d:/totvs 12/microsiga/protheus/projetovscode/08_GRPLUS/GROR002.PRW (29 ms)
(  46.688s) [languageServer  ]      message_handler.h:75    | < [textDocument/didOpen] (finish)  (29 ms)
(  46.688s) [languageServer  ]       queue_manager.cc:195   | Run finishied message method 'textDocument/didOpen'
(  46.688s) [languageServer  ]       queue_manager.cc:187   | Handler found for message method 'textDocument/didOpen'
(  46.688s) [languageServer  ]      message_handler.h:70    | > [textDocument/didOpen] (start) 
(  46.688s) [languageServer  ]     workspace_file.cpp:302   | > [WorkspaceFile] (start) 06_FATURAMENTO/SF2460I.prw (Open/Not Temp)
(  46.791s) [languageServer  ]     workspace_file.cpp:428   | < [WorkspaceFile] (finish) d:/totvs 12/microsiga/protheus/projetovscode/06_FATURAMENTO/SF2460I.prw (10 ms)
(  46.791s) [languageServer  ]      message_handler.h:75    | < [textDocument/didOpen] (finish)  (10 ms)
(  46.791s) [languageServer  ]       queue_manager.cc:195   | Run finishied message method 'textDocument/didOpen'
(  46.791s) [languageServer  ]       queue_manager.cc:187   | Handler found for message method 'textDocument/didOpen'
(  46.791s) [languageServer  ]      message_handler.h:70    | > [textDocument/didOpen] (start) 
(  46.791s) [languageServer  ]     workspace_file.cpp:302   | > [WorkspaceFile] (start) 03_CONEXÃONFE/A140EXC.PRW (Open/Not Temp)
(  46.894s) [languageServer  ]     workspace_file.cpp:428   | < [WorkspaceFile] (finish) d:/totvs 12/microsiga/protheus/projetovscode/03_CONEXÃONFE/A140EXC.PRW (10 ms)
(  46.894s) [languageServer  ]      message_handler.h:75    | < [textDocument/didOpen] (finish)  (10 ms)
(  46.894s) [languageServer  ]       queue_manager.cc:195   | Run finishied message method 'textDocument/didOpen'
(  46.894s) [languageServer  ]       queue_manager.cc:187   | Handler found for message method 'textDocument/didClose'
(  46.894s) [languageServer  ]      message_handler.h:70    | > [textDocument/didClose] (start) 
(  46.894s) [languageServer  ]     workspace_file.cpp:302   | > [WorkspaceFile] (start) 06_FATURAMENTO/GM460FIM.PRW (Not Open/Not Temp)
(  46.894s) [languageServer  ]     workspace_file.cpp:428   | < [WorkspaceFile] (finish) d:/totvs 12/microsiga/protheus/projetovscode/06_FATURAMENTO/GM460FIM.PRW (0 ms)
(  46.894s) [languageServer  ]      message_handler.h:75    | < [textDocument/didClose] (finish)  (0 ms)
(  46.894s) [languageServer  ]       queue_manager.cc:195   | Run finishied message method 'textDocument/didClose'
(  46.894s) [languageServer  ]       queue_manager.cc:187   | Handler found for message method 'textDocument/didClose'
(  46.894s) [languageServer  ]      message_handler.h:70    | > [textDocument/didClose] (start) 
(  46.894s) [languageServer  ]     workspace_file.cpp:302   | > [WorkspaceFile] (start) 11_MNT/xMNTR676.prw (Not Open/Not Temp)
(  46.894s) [languageServer  ]     workspace_file.cpp:428   | < [WorkspaceFile] (finish) d:/totvs 12/microsiga/protheus/projetovscode/11_MNT/xMNTR676.prw (0 ms)
(  46.895s) [languageServer  ]      message_handler.h:75    | < [textDocument/didClose] (finish)  (0 ms)
(  46.895s) [languageServer  ]       queue_manager.cc:195   | Run finishied message method 'textDocument/didClose'
(  46.895s) [languageServer  ]       queue_manager.cc:187   | Handler found for message method 'textDocument/didClose'
(  46.895s) [languageServer  ]      message_handler.h:70    | > [textDocument/didClose] (start) 
(  46.895s) [languageServer  ]     workspace_file.cpp:302   | > [WorkspaceFile] (start) 04_CONTABIL/MLPTESNF.prw (Not Open/Not Temp)
(  46.895s) [languageServer  ]     workspace_file.cpp:428   | < [WorkspaceFile] (finish) d:/totvs 12/microsiga/protheus/projetovscode/04_CONTABIL/MLPTESNF.prw (0 ms)
(  46.895s) [languageServer  ]      message_handler.h:75    | < [textDocument/didClose] (finish)  (0 ms)
(  46.895s) [languageServer  ]       queue_manager.cc:195   | Run finishied message method 'textDocument/didClose'
(  46.895s) [languageServer  ]       queue_manager.cc:187   | Handler found for message method 'textDocument/didClose'
(  46.895s) [languageServer  ]      message_handler.h:70    | > [textDocument/didClose] (start) 
(  46.895s) [languageServer  ]     workspace_file.cpp:302   | > [WorkspaceFile] (start) 05_ESTOQUE/M185GRV.PRW (Not Open/Not Temp)
(  46.895s) [languageServer  ]     workspace_file.cpp:428   | < [WorkspaceFile] (finish) d:/totvs 12/microsiga/protheus/projetovscode/05_ESTOQUE/M185GRV.PRW (0 ms)
(  46.895s) [languageServer  ]      message_handler.h:75    | < [textDocument/didClose] (finish)  (0 ms)
(  46.895s) [languageServer  ]       queue_manager.cc:195   | Run finishied message method 'textDocument/didClose'
(  46.895s) [languageServer  ]       queue_manager.cc:187   | Handler found for message method 'textDocument/didClose'
(  46.895s) [languageServer  ]      message_handler.h:70    | > [textDocument/didClose] (start) 
(  46.895s) [languageServer  ]     workspace_file.cpp:302   | > [WorkspaceFile] (start) 02_COMPRAS/MT103VCC.prw (Not Open/Not Temp)
(  46.895s) [languageServer  ]     workspace_file.cpp:428   | < [WorkspaceFile] (finish) d:/totvs 12/microsiga/protheus/projetovscode/02_COMPRAS/MT103VCC.prw (0 ms)
(  46.895s) [languageServer  ]      message_handler.h:75    | < [textDocument/didClose] (finish)  (0 ms)
(  46.895s) [languageServer  ]       queue_manager.cc:195   | Run finishied message method 'textDocument/didClose'
(  46.895s) [languageServer  ]       queue_manager.cc:187   | Handler found for message method 'textDocument/didClose'
(  46.895s) [languageServer  ]      message_handler.h:70    | > [textDocument/didClose] (start) 
(  46.895s) [languageServer  ]     workspace_file.cpp:302   | > [WorkspaceFile] (start) 02_COMPRAS/MT120APV.prw (Not Open/Not Temp)
(  46.895s) [languageServer  ]     workspace_file.cpp:428   | < [WorkspaceFile] (finish) d:/totvs 12/microsiga/protheus/projetovscode/02_COMPRAS/MT120APV.prw (0 ms)
(  46.895s) [languageServer  ]      message_handler.h:75    | < [textDocument/didClose] (finish)  (0 ms)
(  46.895s) [languageServer  ]       queue_manager.cc:195   | Run finishied message method 'textDocument/didClose'
(  46.895s) [languageServer  ]       queue_manager.cc:187   | Handler found for message method 'textDocument/didClose'
(  46.895s) [languageServer  ]      message_handler.h:70    | > [textDocument/didClose] (start) 
(  46.895s) [languageServer  ]     workspace_file.cpp:302   | > [WorkspaceFile] (start) 06_FATURAMENTO/LstMULTAB.prw (Not Open/Not Temp)
(  46.895s) [languageServer  ]     workspace_file.cpp:428   | < [WorkspaceFile] (finish) d:/totvs 12/microsiga/protheus/projetovscode/06_FATURAMENTO/LstMULTAB.prw (0 ms)
(  46.895s) [languageServer  ]      message_handler.h:75    | < [textDocument/didClose] (finish)  (0 ms)
(  46.895s) [languageServer  ]       queue_manager.cc:195   | Run finishied message method 'textDocument/didClose'
(  46.895s) [languageServer  ]       queue_manager.cc:187   | Handler found for message method 'textDocument/didClose'
(  46.895s) [languageServer  ]      message_handler.h:70    | > [textDocument/didClose] (start) 
(  46.895s) [languageServer  ]     workspace_file.cpp:302   | > [WorkspaceFile] (start) 05_ESTOQUE/MMOVESTEND.PRW (Not Open/Not Temp)
(  46.895s) [languageServer  ]     workspace_file.cpp:428   | < [WorkspaceFile] (finish) d:/totvs 12/microsiga/protheus/projetovscode/05_ESTOQUE/MMOVESTEND.PRW (0 ms)
(  46.895s) [languageServer  ]      message_handler.h:75    | < [textDocument/didClose] (finish)  (0 ms)
(  46.895s) [languageServer  ]       queue_manager.cc:195   | Run finishied message method 'textDocument/didClose'
(  46.895s) [languageServer  ]       queue_manager.cc:187   | Handler found for message method 'textDocument/didClose'
(  46.895s) [languageServer  ]      message_handler.h:70    | > [textDocument/didClose] (start) 
(  46.895s) [languageServer  ]     workspace_file.cpp:302   | > [WorkspaceFile] (start) 02_COMPRAS/MT120FIM.prw (Not Open/Not Temp)
(  46.896s) [languageServer  ]     workspace_file.cpp:428   | < [WorkspaceFile] (finish) d:/totvs 12/microsiga/protheus/projetovscode/02_COMPRAS/MT120FIM.prw (0 ms)
(  46.896s) [languageServer  ]      message_handler.h:75    | < [textDocument/didClose] (finish)  (0 ms)
(  46.896s) [languageServer  ]       queue_manager.cc:195   | Run finishied message method 'textDocument/didClose'
(  46.896s) [languageServer  ]       queue_manager.cc:187   | Handler found for message method 'textDocument/didClose'
(  46.896s) [languageServer  ]      message_handler.h:70    | > [textDocument/didClose] (start) 
(  46.896s) [languageServer  ]     workspace_file.cpp:302   | > [WorkspaceFile] (start) 06_FATURAMENTO/MA030TOK.prw (Not Open/Not Temp)
(  46.896s) [languageServer  ]     workspace_file.cpp:428   | < [WorkspaceFile] (finish) d:/totvs 12/microsiga/protheus/projetovscode/06_FATURAMENTO/MA030TOK.prw (0 ms)
(  46.896s) [languageServer  ]      message_handler.h:75    | < [textDocument/didClose] (finish)  (0 ms)
(  46.896s) [languageServer  ]       queue_manager.cc:195   | Run finishied message method 'textDocument/didClose'
(  46.896s) [languageServer  ]       queue_manager.cc:187   | Handler found for message method 'textDocument/didOpen'
(  46.896s) [languageServer  ]      message_handler.h:70    | > [textDocument/didOpen] (start) 
(  46.896s) [languageServer  ]     workspace_file.cpp:302   | > [WorkspaceFile] (start) 08_GRPLUS/GROA56IN.prw (Open/Not Temp)
(  47.188s) [languageServer  ]     workspace_file.cpp:428   | < [WorkspaceFile] (finish) d:/totvs 12/microsiga/protheus/projetovscode/08_GRPLUS/GROA56IN.prw (29 ms)
(  47.188s) [languageServer  ]      message_handler.h:75    | < [textDocument/didOpen] (finish)  (29 ms)
(  47.188s) [languageServer  ]       queue_manager.cc:195   | Run finishied message method 'textDocument/didOpen'
(  47.188s) [languageServer  ]       queue_manager.cc:187   | Handler found for message method 'textDocument/didOpen'
(  47.188s) [languageServer  ]      message_handler.h:70    | > [textDocument/didOpen] (start) 
(  47.188s) [languageServer  ]     workspace_file.cpp:302   | > [WorkspaceFile] (start) 03_CONEXÃONFE/A103CND2.prw (Open/Not Temp)
(  47.275s) [languageServer  ]     workspace_file.cpp:428   | < [WorkspaceFile] (finish) d:/totvs 12/microsiga/protheus/projetovscode/03_CONEXÃONFE/A103CND2.prw (8 ms)
(  47.275s) [languageServer  ]      message_handler.h:75    | < [textDocument/didOpen] (finish)  (8 ms)
(  47.275s) [languageServer  ]       queue_manager.cc:195   | Run finishied message method 'textDocument/didOpen'
(  47.275s) [languageServer  ]       queue_manager.cc:187   | Handler found for message method 'textDocument/didOpen'
(  47.275s) [languageServer  ]      message_handler.h:70    | > [textDocument/didOpen] (start) 
(  47.275s) [languageServer  ]     workspace_file.cpp:302   | > [WorkspaceFile] (start) 06_FATURAMENTO/RETPESOFAT.PRW (Open/Not Temp)
(  47.521s) [languageServer  ]     workspace_file.cpp:428   | < [WorkspaceFile] (finish) d:/totvs 12/microsiga/protheus/projetovscode/06_FATURAMENTO/RETPESOFAT.PRW (24 ms)
(  47.522s) [languageServer  ]      message_handler.h:75    | < [textDocument/didOpen] (finish)  (24 ms)
(  47.522s) [languageServer  ]       queue_manager.cc:195   | Run finishied message method 'textDocument/didOpen'
(  47.522s) [languageServer  ]       queue_manager.cc:187   | Handler found for message method 'textDocument/didOpen'
(  47.522s) [languageServer  ]      message_handler.h:70    | > [textDocument/didOpen] (start) 
(  47.522s) [languageServer  ]     workspace_file.cpp:302   | > [WorkspaceFile] (start) 07_FINANCEIRO/SE5FI070.PRW (Open/Not Temp)
(  47.737s) [languageServer  ]     workspace_file.cpp:428   | < [WorkspaceFile] (finish) d:/totvs 12/microsiga/protheus/projetovscode/07_FINANCEIRO/SE5FI070.PRW (21 ms)
(  47.737s) [languageServer  ]      message_handler.h:75    | < [textDocument/didOpen] (finish)  (21 ms)
(  47.737s) [languageServer  ]       queue_manager.cc:195   | Run finishied message method 'textDocument/didOpen'
(  47.737s) [languageServer  ]       queue_manager.cc:187   | Handler found for message method 'textDocument/didOpen'
(  47.737s) [languageServer  ]      message_handler.h:70    | > [textDocument/didOpen] (start) 
(  47.737s) [languageServer  ]     workspace_file.cpp:302   | > [WorkspaceFile] (start) 08_GRPLUS/GROA0311.PRW (Open/Not Temp)
(  47.950s) [languageServer  ]     workspace_file.cpp:428   | < [WorkspaceFile] (finish) d:/totvs 12/microsiga/protheus/projetovscode/08_GRPLUS/GROA0311.PRW (21 ms)
(  47.950s) [languageServer  ]      message_handler.h:75    | < [textDocument/didOpen] (finish)  (21 ms)
(  47.950s) [languageServer  ]       queue_manager.cc:195   | Run finishied message method 'textDocument/didOpen'
(  47.950s) [languageServer  ]       queue_manager.cc:187   | Handler found for message method 'textDocument/didOpen'
(  47.950s) [languageServer  ]      message_handler.h:70    | > [textDocument/didOpen] (start) 
(  47.950s) [languageServer  ]     workspace_file.cpp:302   | > [WorkspaceFile] (start) 08_GRPLUS/GR37ACPO.PRW (Open/Not Temp)
(  48.161s) [languageServer  ]     workspace_file.cpp:428   | < [WorkspaceFile] (finish) d:/totvs 12/microsiga/protheus/projetovscode/08_GRPLUS/GR37ACPO.PRW (21 ms)
(  48.161s) [languageServer  ]      message_handler.h:75    | < [textDocument/didOpen] (finish)  (21 ms)
(  48.161s) [languageServer  ]       queue_manager.cc:195   | Run finishied message method 'textDocument/didOpen'
(  48.161s) [languageServer  ]       queue_manager.cc:187   | Handler found for message method 'textDocument/didOpen'
(  48.161s) [languageServer  ]      message_handler.h:70    | > [textDocument/didOpen] (start) 
(  48.161s) [languageServer  ]     workspace_file.cpp:302   | > [WorkspaceFile] (start) 06_FATURAMENTO/RelVenSCli.prw (Open/Not Temp)
(  48.378s) [languageServer  ]        totvs_linter.cc:16    | linterParseDiagnostic: 
RELVENSCLI.PRW(11) warning W0003 Local variable CPERG never used
RELVENSCLI.PRW(10) warning W0003 Local variable CQUERY never used
(  48.380s) [languageServer  ]     workspace_file.cpp:428   | < [WorkspaceFile] (finish) d:/totvs 12/microsiga/protheus/projetovscode/06_FATURAMENTO/RelVenSCli.prw (21 ms)
(  48.380s) [languageServer  ]      message_handler.h:75    | < [textDocument/didOpen] (finish)  (21 ms)
(  48.380s) [languageServer  ]       queue_manager.cc:195   | Run finishied message method 'textDocument/didOpen'
(  48.380s) [languageServer  ]       queue_manager.cc:187   | Handler found for message method 'textDocument/didOpen'
(  48.380s) [languageServer  ]      message_handler.h:70    | > [textDocument/didOpen] (start) 
(  48.381s) [languageServer  ]     workspace_file.cpp:302   | > [WorkspaceFile] (start) 06_FATURAMENTO/RelVend.prw (Open/Not Temp)
(  48.634s) [languageServer  ]        totvs_linter.cc:16    | linterParseDiagnostic: 
RELVEND.PRW(17) warning W0003 Local variable CPERG never used
RELVEND.PRW(16) warning W0003 Local variable CQUERY never used
(  48.637s) [languageServer  ]     workspace_file.cpp:428   | < [WorkspaceFile] (finish) d:/totvs 12/microsiga/protheus/projetovscode/06_FATURAMENTO/RelVend.prw (25 ms)
(  48.637s) [languageServer  ]      message_handler.h:75    | < [textDocument/didOpen] (finish)  (25 ms)
(  48.637s) [languageServer  ]       queue_manager.cc:195   | Run finishied message method 'textDocument/didOpen'
(  48.637s) [languageServer  ]       queue_manager.cc:187   | Handler found for message method 'textDocument/didOpen'
(  48.637s) [languageServer  ]      message_handler.h:70    | > [textDocument/didOpen] (start) 
(  48.637s) [languageServer  ]     workspace_file.cpp:302   | > [WorkspaceFile] (start) 03_CONEXÃONFE/FISMNTNFE.PRW (Open/Not Temp)
(  48.760s) [languageServer  ]        totvs_linter.cc:16    | linterParseDiagnostic: 
FISMNTNFE.PRW(14) warning W0003 Local variable CIDNFE never used
(  48.761s) [languageServer  ]     workspace_file.cpp:428   | < [WorkspaceFile] (finish) d:/totvs 12/microsiga/protheus/projetovscode/03_CONEXÃONFE/FISMNTNFE.PRW (12 ms)
(  48.761s) [languageServer  ]      message_handler.h:75    | < [textDocument/didOpen] (finish)  (12 ms)
(  48.761s) [languageServer  ]       queue_manager.cc:195   | Run finishied message method 'textDocument/didOpen'
(  48.761s) [languageServer  ]       queue_manager.cc:187   | Handler found for message method 'textDocument/didOpen'
(  48.761s) [languageServer  ]      message_handler.h:70    | > [textDocument/didOpen] (start) 
(  48.761s) [languageServer  ]     workspace_file.cpp:302   | > [WorkspaceFile] (start) 08_GRPLUS/MarkCalend.prw (Open/Not Temp)
(  48.980s) [languageServer  ]     workspace_file.cpp:428   | < [WorkspaceFile] (finish) d:/totvs 12/microsiga/protheus/projetovscode/08_GRPLUS/MarkCalend.prw (21 ms)
(  48.980s) [languageServer  ]      message_handler.h:75    | < [textDocument/didOpen] (finish)  (21 ms)
(  48.980s) [languageServer  ]       queue_manager.cc:195   | Run finishied message method 'textDocument/didOpen'
(  48.980s) [languageServer  ]       queue_manager.cc:187   | Handler found for message method 'textDocument/didClose'
(  48.980s) [languageServer  ]      message_handler.h:70    | > [textDocument/didClose] (start) 
(  48.981s) [languageServer  ]     workspace_file.cpp:302   | > [WorkspaceFile] (start) 07_FINANCEIRO/FA60FIL.PRW (Not Open/Not Temp)
(  48.981s) [languageServer  ]     workspace_file.cpp:428   | < [WorkspaceFile] (finish) d:/totvs 12/microsiga/protheus/projetovscode/07_FINANCEIRO/FA60FIL.PRW (0 ms)
(  48.981s) [languageServer  ]      message_handler.h:75    | < [textDocument/didClose] (finish)  (0 ms)
(  48.981s) [languageServer  ]       queue_manager.cc:195   | Run finishied message method 'textDocument/didClose'
(  48.981s) [languageServer  ]       queue_manager.cc:187   | Handler found for message method 'textDocument/didClose'
(  48.981s) [languageServer  ]      message_handler.h:70    | > [textDocument/didClose] (start) 
(  48.981s) [languageServer  ]     workspace_file.cpp:302   | > [WorkspaceFile] (start) 05_ESTOQUE/MESTNOTA.PRW (Not Open/Not Temp)
(  48.981s) [languageServer  ]     workspace_file.cpp:428   | < [WorkspaceFile] (finish) d:/totvs 12/microsiga/protheus/projetovscode/05_ESTOQUE/MESTNOTA.PRW (0 ms)
(  48.981s) [languageServer  ]      message_handler.h:75    | < [textDocument/didClose] (finish)  (0 ms)
(  48.981s) [languageServer  ]       queue_manager.cc:195   | Run finishied message method 'textDocument/didClose'
(  48.981s) [languageServer  ]       queue_manager.cc:187   | Handler found for message method 'textDocument/didClose'
(  48.981s) [languageServer  ]      message_handler.h:70    | > [textDocument/didClose] (start) 
(  48.981s) [languageServer  ]     workspace_file.cpp:302   | > [WorkspaceFile] (start) 07_FINANCEIRO/MANUTSEGUROS.PRW (Not Open/Not Temp)
(  48.981s) [languageServer  ]     workspace_file.cpp:428   | < [WorkspaceFile] (finish) d:/totvs 12/microsiga/protheus/projetovscode/07_FINANCEIRO/MANUTSEGUROS.PRW (0 ms)
(  48.981s) [languageServer  ]      message_handler.h:75    | < [textDocument/didClose] (finish)  (0 ms)
(  48.981s) [languageServer  ]       queue_manager.cc:195   | Run finishied message method 'textDocument/didClose'
(  48.981s) [languageServer  ]       queue_manager.cc:187   | Handler found for message method 'textDocument/didClose'
(  48.981s) [languageServer  ]      message_handler.h:70    | > [textDocument/didClose] (start) 
(  48.981s) [languageServer  ]     workspace_file.cpp:302   | > [WorkspaceFile] (start) 05_ESTOQUE/Relcusto.prw (Not Open/Not Temp)
(  48.981s) [languageServer  ]     workspace_file.cpp:428   | < [WorkspaceFile] (finish) d:/totvs 12/microsiga/protheus/projetovscode/05_ESTOQUE/Relcusto.prw (0 ms)
(  48.981s) [languageServer  ]      message_handler.h:75    | < [textDocument/didClose] (finish)  (0 ms)
(  48.981s) [languageServer  ]       queue_manager.cc:195   | Run finishied message method 'textDocument/didClose'
(  48.981s) [languageServer  ]       queue_manager.cc:187   | Handler found for message method 'textDocument/didClose'
(  48.981s) [languageServer  ]      message_handler.h:70    | > [textDocument/didClose] (start) 
(  48.981s) [languageServer  ]     workspace_file.cpp:302   | > [WorkspaceFile] (start) 05_ESTOQUE/RelMod.prw (Not Open/Not Temp)
(  48.981s) [languageServer  ]     workspace_file.cpp:428   | < [WorkspaceFile] (finish) d:/totvs 12/microsiga/protheus/projetovscode/05_ESTOQUE/RelMod.prw (0 ms)
(  48.981s) [languageServer  ]      message_handler.h:75    | < [textDocument/didClose] (finish)  (0 ms)
(  48.981s) [languageServer  ]       queue_manager.cc:195   | Run finishied message method 'textDocument/didClose'
(  48.981s) [languageServer  ]       queue_manager.cc:187   | Handler found for message method 'textDocument/didClose'
(  48.981s) [languageServer  ]      message_handler.h:70    | > [textDocument/didClose] (start) 
(  48.981s) [languageServer  ]     workspace_file.cpp:302   | > [WorkspaceFile] (start) 02_COMPRAS/RelPedC.prw (Not Open/Not Temp)
(  48.981s) [languageServer  ]     workspace_file.cpp:428   | < [WorkspaceFile] (finish) d:/totvs 12/microsiga/protheus/projetovscode/02_COMPRAS/RelPedC.prw (0 ms)
(  48.981s) [languageServer  ]      message_handler.h:75    | < [textDocument/didClose] (finish)  (0 ms)
(  48.981s) [languageServer  ]       queue_manager.cc:195   | Run finishied message method 'textDocument/didClose'
(  48.981s) [languageServer  ]       queue_manager.cc:187   | Handler found for message method 'textDocument/didClose'
(  48.981s) [languageServer  ]      message_handler.h:70    | > [textDocument/didClose] (start) 
(  48.981s) [languageServer  ]     workspace_file.cpp:302   | > [WorkspaceFile] (start) 06_FATURAMENTO/MUDAVEND.PRW (Not Open/Not Temp)
(  48.981s) [languageServer  ]     workspace_file.cpp:428   | < [WorkspaceFile] (finish) d:/totvs 12/microsiga/protheus/projetovscode/06_FATURAMENTO/MUDAVEND.PRW (0 ms)
(  48.981s) [languageServer  ]      message_handler.h:75    | < [textDocument/didClose] (finish)  (0 ms)
(  48.981s) [languageServer  ]       queue_manager.cc:195   | Run finishied message method 'textDocument/didClose'
(  48.981s) [languageServer  ]       queue_manager.cc:187   | Handler found for message method 'textDocument/didClose'
(  48.981s) [languageServer  ]      message_handler.h:70    | > [textDocument/didClose] (start) 
(  48.981s) [languageServer  ]     workspace_file.cpp:302   | > [WorkspaceFile] (start) 07_FINANCEIRO/LstMoeda.prw (Not Open/Not Temp)
(  48.981s) [languageServer  ]     workspace_file.cpp:428   | < [WorkspaceFile] (finish) d:/totvs 12/microsiga/protheus/projetovscode/07_FINANCEIRO/LstMoeda.prw (0 ms)
(  48.981s) [languageServer  ]      message_handler.h:75    | < [textDocument/didClose] (finish)  (0 ms)
(  48.981s) [languageServer  ]       queue_manager.cc:195   | Run finishied message method 'textDocument/didClose'
(  48.981s) [languageServer  ]       queue_manager.cc:187   | Handler found for message method 'textDocument/didClose'
(  48.981s) [languageServer  ]      message_handler.h:70    | > [textDocument/didClose] (start) 
(  48.981s) [languageServer  ]     workspace_file.cpp:302   | > [WorkspaceFile] (start) 01_SOMENTE_ITINGA/MTA103MNU.PRW (Not Open/Not Temp)
(  48.981s) [languageServer  ]     workspace_file.cpp:428   | < [WorkspaceFile] (finish) d:/totvs 12/microsiga/protheus/projetovscode/01_SOMENTE_ITINGA/MTA103MNU.PRW (0 ms)
(  48.981s) [languageServer  ]      message_handler.h:75    | < [textDocument/didClose] (finish)  (0 ms)
(  48.981s) [languageServer  ]       queue_manager.cc:195   | Run finishied message method 'textDocument/didClose'
(  48.981s) [languageServer  ]       queue_manager.cc:187   | Handler found for message method 'textDocument/didClose'
(  48.981s) [languageServer  ]      message_handler.h:70    | > [textDocument/didClose] (start) 
(  48.981s) [languageServer  ]     workspace_file.cpp:302   | > [WorkspaceFile] (start) 02_COMPRAS/NMFORN.prw (Not Open/Not Temp)
(  48.982s) [languageServer  ]     workspace_file.cpp:428   | < [WorkspaceFile] (finish) d:/totvs 12/microsiga/protheus/projetovscode/02_COMPRAS/NMFORN.prw (0 ms)
(  48.982s) [languageServer  ]      message_handler.h:75    | < [textDocument/didClose] (finish)  (0 ms)
(  48.982s) [languageServer  ]       queue_manager.cc:195   | Run finishied message method 'textDocument/didClose'
(  48.982s) [languageServer  ]       queue_manager.cc:187   | Handler found for message method 'textDocument/didOpen'
(  48.982s) [languageServer  ]      message_handler.h:70    | > [textDocument/didOpen] (start) 
(  48.982s) [languageServer  ]     workspace_file.cpp:302   | > [WorkspaceFile] (start) 06_FATURAMENTO/RelVenBE.prw (Open/Not Temp)
(  49.227s) [languageServer  ]        totvs_linter.cc:16    | linterParseDiagnostic: 
RELVENBE.PRW(12) warning W0003 Local variable CPERG never used
RELVENBE.PRW(11) warning W0003 Local variable CQUERY never used
(  49.230s) [languageServer  ]     workspace_file.cpp:428   | < [WorkspaceFile] (finish) d:/totvs 12/microsiga/protheus/projetovscode/06_FATURAMENTO/RelVenBE.prw (24 ms)
(  49.230s) [languageServer  ]      message_handler.h:75    | < [textDocument/didOpen] (finish)  (24 ms)
(  49.230s) [languageServer  ]       queue_manager.cc:195   | Run finishied message method 'textDocument/didOpen'
(  49.230s) [languageServer  ]       queue_manager.cc:187   | Handler found for message method 'textDocument/didOpen'
(  49.230s) [languageServer  ]      message_handler.h:70    | > [textDocument/didOpen] (start) 
(  49.230s) [languageServer  ]     workspace_file.cpp:302   | > [WorkspaceFile] (start) 08_GRPLUS/GR056SQL.PRW (Open/Not Temp)
(  49.438s) [languageServer  ]     workspace_file.cpp:428   | < [WorkspaceFile] (finish) d:/totvs 12/microsiga/protheus/projetovscode/08_GRPLUS/GR056SQL.PRW (20 ms)
(  49.438s) [languageServer  ]      message_handler.h:75    | < [textDocument/didOpen] (finish)  (20 ms)
(  49.438s) [languageServer  ]       queue_manager.cc:195   | Run finishied message method 'textDocument/didOpen'
(  49.438s) [languageServer  ]       queue_manager.cc:187   | Handler found for message method 'textDocument/didOpen'
(  49.438s) [languageServer  ]      message_handler.h:70    | > [textDocument/didOpen] (start) 
(  49.439s) [languageServer  ]     workspace_file.cpp:302   | > [WorkspaceFile] (start) 03_CONEXÃONFE/MT103CWH.PRW (Open/Not Temp)
(  49.523s) [languageServer  ]     workspace_file.cpp:428   | < [WorkspaceFile] (finish) d:/totvs 12/microsiga/protheus/projetovscode/03_CONEXÃONFE/MT103CWH.PRW (8 ms)
(  49.523s) [languageServer  ]      message_handler.h:75    | < [textDocument/didOpen] (finish)  (8 ms)
(  49.523s) [languageServer  ]       queue_manager.cc:195   | Run finishied message method 'textDocument/didOpen'
(  49.523s) [languageServer  ]       queue_manager.cc:187   | Handler found for message method 'textDocument/didOpen'
(  49.523s) [languageServer  ]      message_handler.h:70    | > [textDocument/didOpen] (start) 
(  49.523s) [languageServer  ]     workspace_file.cpp:302   | > [WorkspaceFile] (start) 03_CONEXÃONFE/MTA103MNU.PRW (Open/Not Temp)
(  49.603s) [languageServer  ]     workspace_file.cpp:428   | < [WorkspaceFile] (finish) d:/totvs 12/microsiga/protheus/projetovscode/03_CONEXÃONFE/MTA103MNU.PRW (8 ms)
(  49.603s) [languageServer  ]      message_handler.h:75    | < [textDocument/didOpen] (finish)  (8 ms)
(  49.603s) [languageServer  ]       queue_manager.cc:195   | Run finishied message method 'textDocument/didOpen'
(  49.603s) [languageServer  ]       queue_manager.cc:187   | Handler found for message method 'textDocument/didOpen'
(  49.603s) [languageServer  ]      message_handler.h:70    | > [textDocument/didOpen] (start) 
(  49.603s) [languageServer  ]     workspace_file.cpp:302   | > [WorkspaceFile] (start) 08_GRPLUS/testegr/GROA015.PRW (Open/Not Temp)
(  49.859s) [languageServer  ]        totvs_linter.cc:16    | linterParseDiagnostic: 
GROA015.PRW(153) warning W0003 Local variable NQTDE1 never used
GROA015.PRW(154) warning W0003 Local variable NQTDE2 never used
GROA015.PRW(160) warning W0003 Local variable QQUERY never used
GROA015.PRW(369) warning W0003 Local variable ACOLS never used
GROA015.PRW(368) warning W0003 Local variable ALINHA never used
GROA015.PRW(370) warning W0003 Local variable NX never used
GROA015.PRW(367) warning W0003 Local variable QQUERY never used
GROA015.PRW(422) warning W0003 Local variable QQUERY never used
GROA015.PRW(648) warning W0003 Local variable CCHAVE never used
GROA015.PRW(647) warning W0003 Local variable QQUERY never used
GROA015.PRW(767) warning W0003 Local variable CCOR never used
(  49.865s) [languageServer  ]     workspace_file.cpp:428   | < [WorkspaceFile] (finish) d:/totvs 12/microsiga/protheus/projetovscode/08_GRPLUS/testegr/GROA015.PRW (26 ms)
(  49.865s) [languageServer  ]      message_handler.h:75    | < [textDocument/didOpen] (finish)  (26 ms)
(  49.865s) [languageServer  ]       queue_manager.cc:195   | Run finishied message method 'textDocument/didOpen'
(  49.865s) [languageServer  ]       queue_manager.cc:187   | Handler found for message method 'textDocument/didOpen'
(  49.865s) [languageServer  ]      message_handler.h:70    | > [textDocument/didOpen] (start) 
(  49.865s) [languageServer  ]     workspace_file.cpp:302   | > [WorkspaceFile] (start) 03_CONEXÃONFE/MTCOLSE2.PRW (Open/Not Temp)
(  49.941s) [languageServer  ]     workspace_file.cpp:428   | < [WorkspaceFile] (finish) d:/totvs 12/microsiga/protheus/projetovscode/03_CONEXÃONFE/MTCOLSE2.PRW (7 ms)
(  49.941s) [languageServer  ]      message_handler.h:75    | < [textDocument/didOpen] (finish)  (7 ms)
(  49.941s) [languageServer  ]       queue_manager.cc:195   | Run finishied message method 'textDocument/didOpen'
(  49.941s) [languageServer  ]       queue_manager.cc:187   | Handler found for message method 'textDocument/didOpen'
(  49.941s) [languageServer  ]      message_handler.h:70    | > [textDocument/didOpen] (start) 
(  49.942s) [languageServer  ]     workspace_file.cpp:302   | > [WorkspaceFile] (start) 08_GRPLUS/testegr/AJNUMSEQ.PRW (Open/Not Temp)
(  50.285s) [languageServer  ]        totvs_linter.cc:16    | linterParseDiagnostic: 
AJNUMSEQ.PRW(31) warning W0003 Local variable CTIPO never used
AJNUMSEQ.PRW(35) warning W0003 Local variable LVALIDA never used
AJNUMSEQ.PRW(32) warning W0003 Local variable QCAVALETES never used
AJNUMSEQ.PRW(33) warning W0003 Local variable QCHAPAS never used
AJNUMSEQ.PRW(34) warning W0003 Local variable QVALIDA never used
AJNUMSEQ.PRW(131) warning W0003 Local variable QCAVALETES never used
(  50.286s) [languageServer  ]     workspace_file.cpp:428   | < [WorkspaceFile] (finish) d:/totvs 12/microsiga/protheus/projetovscode/08_GRPLUS/testegr/AJNUMSEQ.PRW (34 ms)
(  50.287s) [languageServer  ]      message_handler.h:75    | < [textDocument/didOpen] (finish)  (34 ms)
(  50.287s) [languageServer  ]       queue_manager.cc:195   | Run finishied message method 'textDocument/didOpen'
(  50.287s) [languageServer  ]       queue_manager.cc:187   | Handler found for message method 'textDocument/didOpen'
(  50.287s) [languageServer  ]      message_handler.h:70    | > [textDocument/didOpen] (start) 
(  50.287s) [languageServer  ]     workspace_file.cpp:302   | > [WorkspaceFile] (start) 03_CONEXÃONFE/MT140SAI.prw (Open/Not Temp)
(  50.362s) [languageServer  ]     workspace_file.cpp:428   | < [WorkspaceFile] (finish) d:/totvs 12/microsiga/protheus/projetovscode/03_CONEXÃONFE/MT140SAI.prw (7 ms)
(  50.362s) [languageServer  ]      message_handler.h:75    | < [textDocument/didOpen] (finish)  (7 ms)
(  50.362s) [languageServer  ]       queue_manager.cc:195   | Run finishied message method 'textDocument/didOpen'
(  50.362s) [languageServer  ]       queue_manager.cc:187   | Handler found for message method 'textDocument/didOpen'
(  50.362s) [languageServer  ]      message_handler.h:70    | > [textDocument/didOpen] (start) 
(  50.362s) [languageServer  ]     workspace_file.cpp:302   | > [WorkspaceFile] (start) 03_CONEXÃONFE/MT140CAB.PRW (Open/Not Temp)
(  50.445s) [languageServer  ]     workspace_file.cpp:428   | < [WorkspaceFile] (finish) d:/totvs 12/microsiga/protheus/projetovscode/03_CONEXÃONFE/MT140CAB.PRW (8 ms)
(  50.445s) [languageServer  ]      message_handler.h:75    | < [textDocument/didOpen] (finish)  (8 ms)
(  50.445s) [languageServer  ]       queue_manager.cc:195   | Run finishied message method 'textDocument/didOpen'
(  50.445s) [languageServer  ]       queue_manager.cc:187   | Handler found for message method 'textDocument/didOpen'
(  50.445s) [languageServer  ]      message_handler.h:70    | > [textDocument/didOpen] (start) 
(  50.445s) [languageServer  ]     workspace_file.cpp:302   | > [WorkspaceFile] (start) 03_CONEXÃONFE/M145ARDEL.prw (Open/Not Temp)
(  50.659s) [languageServer  ]     workspace_file.cpp:428   | < [WorkspaceFile] (finish) d:/totvs 12/microsiga/protheus/projetovscode/03_CONEXÃONFE/M145ARDEL.prw (21 ms)
(  50.659s) [languageServer  ]      message_handler.h:75    | < [textDocument/didOpen] (finish)  (21 ms)
(  50.659s) [languageServer  ]       queue_manager.cc:195   | Run finishied message method 'textDocument/didOpen'
(  50.659s) [languageServer  ]       queue_manager.cc:187   | Handler found for message method 'textDocument/didClose'
(  50.659s) [languageServer  ]      message_handler.h:70    | > [textDocument/didClose] (start) 
(  50.659s) [languageServer  ]     workspace_file.cpp:302   | > [WorkspaceFile] (start) 05_ESTOQUE/PR106AUTO.prw (Not Open/Not Temp)
(  50.659s) [languageServer  ]     workspace_file.cpp:428   | < [WorkspaceFile] (finish) d:/totvs 12/microsiga/protheus/projetovscode/05_ESTOQUE/PR106AUTO.prw (0 ms)
(  50.659s) [languageServer  ]      message_handler.h:75    | < [textDocument/didClose] (finish)  (0 ms)
(  50.659s) [languageServer  ]       queue_manager.cc:195   | Run finishied message method 'textDocument/didClose'
(  50.659s) [languageServer  ]       queue_manager.cc:187   | Handler found for message method 'textDocument/didClose'
(  50.659s) [languageServer  ]      message_handler.h:70    | > [textDocument/didClose] (start) 
(  50.659s) [languageServer  ]     workspace_file.cpp:302   | > [WorkspaceFile] (start) 01_SOMENTE_ITINGA/MT241SD3.prw (Not Open/Not Temp)
(  50.660s) [languageServer  ]     workspace_file.cpp:428   | < [WorkspaceFile] (finish) d:/totvs 12/microsiga/protheus/projetovscode/01_SOMENTE_ITINGA/MT241SD3.prw (0 ms)
(  50.660s) [languageServer  ]      message_handler.h:75    | < [textDocument/didClose] (finish)  (0 ms)
(  50.660s) [languageServer  ]       queue_manager.cc:195   | Run finishied message method 'textDocument/didClose'
(  50.660s) [languageServer  ]       queue_manager.cc:187   | Handler found for message method 'textDocument/didClose'
(  50.660s) [languageServer  ]      message_handler.h:70    | > [textDocument/didClose] (start) 
(  50.660s) [languageServer  ]     workspace_file.cpp:302   | > [WorkspaceFile] (start) 05_ESTOQUE/PEGROA045.prw (Not Open/Not Temp)
(  50.660s) [languageServer  ]     workspace_file.cpp:428   | < [WorkspaceFile] (finish) d:/totvs 12/microsiga/protheus/projetovscode/05_ESTOQUE/PEGROA045.prw (0 ms)
(  50.660s) [languageServer  ]      message_handler.h:75    | < [textDocument/didClose] (finish)  (0 ms)
(  50.660s) [languageServer  ]       queue_manager.cc:195   | Run finishied message method 'textDocument/didClose'
(  50.660s) [languageServer  ]       queue_manager.cc:187   | Handler found for message method 'textDocument/didClose'
(  50.660s) [languageServer  ]      message_handler.h:70    | > [textDocument/didClose] (start) 
(  50.660s) [languageServer  ]     workspace_file.cpp:302   | > [WorkspaceFile] (start) 06_FATURAMENTO/MT440GR.PRW (Not Open/Not Temp)
(  50.660s) [languageServer  ]     workspace_file.cpp:428   | < [WorkspaceFile] (finish) d:/totvs 12/microsiga/protheus/projetovscode/06_FATURAMENTO/MT440GR.PRW (0 ms)
(  50.660s) [languageServer  ]      message_handler.h:75    | < [textDocument/didClose] (finish)  (0 ms)
(  50.660s) [languageServer  ]       queue_manager.cc:195   | Run finishied message method 'textDocument/didClose'
(  50.660s) [languageServer  ]       queue_manager.cc:187   | Handler found for message method 'textDocument/didClose'
(  50.660s) [languageServer  ]      message_handler.h:70    | > [textDocument/didClose] (start) 
(  50.660s) [languageServer  ]     workspace_file.cpp:302   | > [WorkspaceFile] (start) 05_ESTOQUE/MTA338MNU.prw (Not Open/Not Temp)
(  50.660s) [languageServer  ]     workspace_file.cpp:428   | < [WorkspaceFile] (finish) d:/totvs 12/microsiga/protheus/projetovscode/05_ESTOQUE/MTA338MNU.prw (0 ms)
(  50.660s) [languageServer  ]      message_handler.h:75    | < [textDocument/didClose] (finish)  (0 ms)
(  50.660s) [languageServer  ]       queue_manager.cc:195   | Run finishied message method 'textDocument/didClose'
(  50.660s) [languageServer  ]       queue_manager.cc:187   | Handler found for message method 'textDocument/didClose'
(  50.660s) [languageServer  ]      message_handler.h:70    | > [textDocument/didClose] (start) 
(  50.660s) [languageServer  ]     workspace_file.cpp:302   | > [WorkspaceFile] (start) 07_FINANCEIRO/ITM_MFIN020.prw (Not Open/Not Temp)
(  50.660s) [languageServer  ]     workspace_file.cpp:428   | < [WorkspaceFile] (finish) d:/totvs 12/microsiga/protheus/projetovscode/07_FINANCEIRO/ITM_MFIN020.prw (0 ms)
(  50.660s) [languageServer  ]      message_handler.h:75    | < [textDocument/didClose] (finish)  (0 ms)
(  50.660s) [languageServer  ]       queue_manager.cc:195   | Run finishied message method 'textDocument/didClose'
(  50.660s) [languageServer  ]       queue_manager.cc:187   | Handler found for message method 'textDocument/didClose'
(  50.660s) [languageServer  ]      message_handler.h:70    | > [textDocument/didClose] (start) 
(  50.660s) [languageServer  ]     workspace_file.cpp:302   | > [WorkspaceFile] (start) 05_ESTOQUE/MTA261DOC.prw (Not Open/Not Temp)
(  50.660s) [languageServer  ]     workspace_file.cpp:428   | < [WorkspaceFile] (finish) d:/totvs 12/microsiga/protheus/projetovscode/05_ESTOQUE/MTA261DOC.prw (0 ms)
(  50.660s) [languageServer  ]      message_handler.h:75    | < [textDocument/didClose] (finish)  (0 ms)
(  50.660s) [languageServer  ]       queue_manager.cc:195   | Run finishied message method 'textDocument/didClose'
(  50.660s) [languageServer  ]       queue_manager.cc:187   | Handler found for message method 'textDocument/didClose'
(  50.660s) [languageServer  ]      message_handler.h:70    | > [textDocument/didClose] (start) 
(  50.660s) [languageServer  ]     workspace_file.cpp:302   | > [WorkspaceFile] (start) 07_FINANCEIRO/MVALIDMOED.PRW (Not Open/Not Temp)
(  50.660s) [languageServer  ]     workspace_file.cpp:428   | < [WorkspaceFile] (finish) d:/totvs 12/microsiga/protheus/projetovscode/07_FINANCEIRO/MVALIDMOED.PRW (0 ms)
(  50.660s) [languageServer  ]      message_handler.h:75    | < [textDocument/didClose] (finish)  (0 ms)
(  50.660s) [languageServer  ]       queue_manager.cc:195   | Run finishied message method 'textDocument/didClose'
(  50.660s) [languageServer  ]       queue_manager.cc:187   | Handler found for message method 'textDocument/didClose'
(  50.660s) [languageServer  ]      message_handler.h:70    | > [textDocument/didClose] (start) 
(  50.660s) [languageServer  ]     workspace_file.cpp:302   | > [WorkspaceFile] (start) 01_SOMENTE_ITINGA/MT103FIM.PRW (Not Open/Not Temp)
(  50.660s) [languageServer  ]     workspace_file.cpp:428   | < [WorkspaceFile] (finish) d:/totvs 12/microsiga/protheus/projetovscode/01_SOMENTE_ITINGA/MT103FIM.PRW (0 ms)
(  50.660s) [languageServer  ]      message_handler.h:75    | < [textDocument/didClose] (finish)  (0 ms)
(  50.660s) [languageServer  ]       queue_manager.cc:195   | Run finishied message method 'textDocument/didClose'
(  50.660s) [languageServer  ]       queue_manager.cc:187   | Handler found for message method 'textDocument/didClose'
(  50.660s) [languageServer  ]      message_handler.h:70    | > [textDocument/didClose] (start) 
(  50.660s) [languageServer  ]     workspace_file.cpp:302   | > [WorkspaceFile] (start) 06_FATURAMENTO/MPREVEND.PRW (Not Open/Not Temp)
(  50.660s) [languageServer  ]     workspace_file.cpp:428   | < [WorkspaceFile] (finish) d:/totvs 12/microsiga/protheus/projetovscode/06_FATURAMENTO/MPREVEND.PRW (0 ms)
(  50.660s) [languageServer  ]      message_handler.h:75    | < [textDocument/didClose] (finish)  (0 ms)
(  50.660s) [languageServer  ]       queue_manager.cc:195   | Run finishied message method 'textDocument/didClose'
(  50.660s) [languageServer  ]       queue_manager.cc:187   | Handler found for message method 'textDocument/didOpen'
(  50.660s) [languageServer  ]      message_handler.h:70    | > [textDocument/didOpen] (start) 
(  50.660s) [languageServer  ]     workspace_file.cpp:302   | > [WorkspaceFile] (start) 08_GRPLUS/MPROPCP.PRW (Open/Not Temp)
(  50.876s) [languageServer  ]     workspace_file.cpp:428   | < [WorkspaceFile] (finish) d:/totvs 12/microsiga/protheus/projetovscode/08_GRPLUS/MPROPCP.PRW (21 ms)
(  50.876s) [languageServer  ]      message_handler.h:75    | < [textDocument/didOpen] (finish)  (21 ms)
(  50.876s) [languageServer  ]       queue_manager.cc:195   | Run finishied message method 'textDocument/didOpen'
(  50.876s) [languageServer  ]       queue_manager.cc:187   | Handler found for message method 'textDocument/didOpen'
(  50.876s) [languageServer  ]      message_handler.h:70    | > [textDocument/didOpen] (start) 
(  50.876s) [languageServer  ]     workspace_file.cpp:302   | > [WorkspaceFile] (start) 08_GRPLUS/MGROA044.PRW (Open/Not Temp)
(  51.106s) [languageServer  ]     workspace_file.cpp:428   | < [WorkspaceFile] (finish) d:/totvs 12/microsiga/protheus/projetovscode/08_GRPLUS/MGROA044.PRW (22 ms)
(  51.106s) [languageServer  ]      message_handler.h:75    | < [textDocument/didOpen] (finish)  (22 ms)
(  51.106s) [languageServer  ]       queue_manager.cc:195   | Run finishied message method 'textDocument/didOpen'
(  51.106s) [languageServer  ]       queue_manager.cc:187   | Handler found for message method 'textDocument/didOpen'
(  51.106s) [languageServer  ]      message_handler.h:70    | > [textDocument/didOpen] (start) 
(  51.106s) [languageServer  ]     workspace_file.cpp:302   | > [WorkspaceFile] (start) 08_GRPLUS/MCONTROFIO.PRW (Open/Not Temp)
(  51.320s) [languageServer  ]        totvs_linter.cc:16    | linterParseDiagnostic: 
MCONTROFIO.PRW(36) warning W0011 Variable AROTINA redefined
(  51.321s) [languageServer  ]     workspace_file.cpp:428   | < [WorkspaceFile] (finish) d:/totvs 12/microsiga/protheus/projetovscode/08_GRPLUS/MCONTROFIO.PRW (21 ms)
(  51.321s) [languageServer  ]      message_handler.h:75    | < [textDocument/didOpen] (finish)  (21 ms)
(  51.321s) [languageServer  ]       queue_manager.cc:195   | Run finishied message method 'textDocument/didOpen'
(  51.321s) [languageServer  ]       queue_manager.cc:187   | Handler found for message method 'textDocument/didOpen'
(  51.321s) [languageServer  ]      message_handler.h:70    | > [textDocument/didOpen] (start) 
(  51.321s) [languageServer  ]     workspace_file.cpp:302   | > [WorkspaceFile] (start) 08_GRPLUS/MCONLANMED.PRW (Open/Not Temp)
(  51.538s) [languageServer  ]     workspace_file.cpp:428   | < [WorkspaceFile] (finish) d:/totvs 12/microsiga/protheus/projetovscode/08_GRPLUS/MCONLANMED.PRW (21 ms)
(  51.538s) [languageServer  ]      message_handler.h:75    | < [textDocument/didOpen] (finish)  (21 ms)
(  51.538s) [languageServer  ]       queue_manager.cc:195   | Run finishied message method 'textDocument/didOpen'
(  51.538s) [languageServer  ]       queue_manager.cc:187   | Handler found for message method 'textDocument/didOpen'
(  51.538s) [languageServer  ]      message_handler.h:70    | > [textDocument/didOpen] (start) 
(  51.538s) [languageServer  ]     workspace_file.cpp:302   | > [WorkspaceFile] (start) 08_GRPLUS/MAUTPESO.PRW (Open/Not Temp)
(  51.858s) [languageServer  ]     workspace_file.cpp:428   | < [WorkspaceFile] (finish) d:/totvs 12/microsiga/protheus/projetovscode/08_GRPLUS/MAUTPESO.PRW (31 ms)
(  51.858s) [languageServer  ]      message_handler.h:75    | < [textDocument/didOpen] (finish)  (32 ms)
(  51.858s) [languageServer  ]       queue_manager.cc:195   | Run finishied message method 'textDocument/didOpen'
(  51.858s) [languageServer  ]       queue_manager.cc:187   | Handler found for message method 'textDocument/didOpen'
(  51.859s) [languageServer  ]      message_handler.h:70    | > [textDocument/didOpen] (start) 
(  51.859s) [languageServer  ]     workspace_file.cpp:302   | > [WorkspaceFile] (start) 03_CONEXÃONFE/GMT103FIM.PRW (Open/Not Temp)
(  52.119s) [languageServer  ]        totvs_linter.cc:16    | linterParseDiagnostic: 
GMT103FIM.PRW(323) warning W0003 Local variable CCODTITU never used
GMT103FIM.PRW(322) warning W0003 Local variable LGRAVOU never used
(  52.124s) [languageServer  ]     workspace_file.cpp:428   | < [WorkspaceFile] (finish) d:/totvs 12/microsiga/protheus/projetovscode/03_CONEXÃONFE/GMT103FIM.PRW (26 ms)
(  52.124s) [languageServer  ]      message_handler.h:75    | < [textDocument/didOpen] (finish)  (26 ms)
(  52.124s) [languageServer  ]       queue_manager.cc:195   | Run finishied message method 'textDocument/didOpen'
(  52.124s) [languageServer  ]       queue_manager.cc:187   | Handler found for message method 'textDocument/documentSymbol'
(  52.124s) [languageServer  ]      message_handler.h:70    | > [textDocument/documentSymbol] (start) 
(  52.124s) [languageServer  ]      message_handler.h:75    | < [textDocument/documentSymbol] (finish)  (0 ms)
(  52.124s) [languageServer  ]       queue_manager.cc:195   | Run finishied message method 'textDocument/documentSymbol'
(  52.125s) [languageServer  ]       queue_manager.cc:187   | Handler found for message method '$/cancelRequest'
(  52.125s) [languageServer  ]msg_lsp_cancel_notifica:26    | Cancel notification received for id 2
(  52.125s) [languageServer  ]       queue_manager.cc:195   | Run finishied message method '$/cancelRequest'
(  52.125s) [languageServer  ]       queue_manager.cc:187   | Handler found for message method 'textDocument/documentLink'
(  52.125s) [languageServer  ]      message_handler.h:70    | > [textDocument/documentLink] (start) 
(  52.125s) [languageServer  ]      message_handler.h:75    | < [textDocument/documentLink] (finish)  (0 ms)
(  52.125s) [languageServer  ]       queue_manager.cc:195   | Run finishied message method 'textDocument/documentLink'
(  52.125s) [languageServer  ]       queue_manager.cc:187   | Handler found for message method '$/cancelRequest'
(  52.125s) [languageServer  ]msg_lsp_cancel_notifica:26    | Cancel notification received for id 3
(  52.125s) [languageServer  ]       queue_manager.cc:195   | Run finishied message method '$/cancelRequest'
(  52.125s) [languageServer  ]       queue_manager.cc:187   | Handler found for message method '$totvsserver/serverInformations'
(  52.125s) [languageServer  ]      message_handler.h:70    | > [$totvsserver/serverInformations] (start) 
(  52.125s) [languageServer  ]msg_totvsserver_server_:48    | Get server informations of: djM6NjFxOWMxbzU3ZGFsNG1uYTZramNldjRqdHE3ZGdwOjE6MTkyLjE2OC4xLjEwMzoxMjM2OjA6Ny4wMC4yMTAzMjRQOjM=:djE6Q09NUElMQV9JOkFkbWluOjU0N3lQaVAvdDdzR3F6NW5OU3JxSEZncUVpZUpxTXFSQ29HQ1BuR1NLRWM9|djI6MTcyNjU5NjM0NjowOjE6MQ==.VHcWuOFFo7+exzNXrK+Ai1GZY7vdqTTLmBaAcgO/Y9yQV22qhne/GMB5zPeYuBdcx4XU8MylhQ7i8+jub10+pET8/koxV09+8pPEi/Vasa74GMYA+tVV7ub/x7Iztk92rbxAR4vhp9MsnTKpm6l3CHv16ZK/qZ2OlSDmGQTmAIWzSSjkEjQwxXXegSLwzX10RlZDdamrVFO2lqGHtx8oDiOFj3eBTJp7AOVxg0Y6Dv1UIxAlBHD7C4QlydK4yfalhWeIAFLKOihRkCFfbzal4C8Pkq1dEsz1F6dHb7gp1qzyImFCs7R7ocVmIKnzE+M60aLEsvdrICJRjVLQ9ekf9g==
(  52.125s) [languageServer  ]  connection_manager.cc:5296  | Searching for connection token: djM6NjFxOWMxbzU3ZGFsNG1uYTZramNldjRqdHE3ZGdwOjE6MTkyLjE2OC4xLjEwMzoxMjM2OjA6Ny4wMC4yMTAzMjRQOjM=:djE6Q09NUElMQV9JOkFkbWluOjU0N3lQaVAvdDdzR3F6NW5OU3JxSEZncUVpZUpxTXFSQ29HQ1BuR1NLRWM9|djI6MTcyNjU5NjM0NjowOjE6MQ==.VHcWuOFFo7+exzNXrK+Ai1GZY7vdqTTLmBaAcgO/Y9yQV22qhne/GMB5zPeYuBdcx4XU8MylhQ7i8+jub10+pET8/koxV09+8pPEi/Vasa74GMYA+tVV7ub/x7Iztk92rbxAR4vhp9MsnTKpm6l3CHv16ZK/qZ2OlSDmGQTmAIWzSSjkEjQwxXXegSLwzX10RlZDdamrVFO2lqGHtx8oDiOFj3eBTJp7AOVxg0Y6Dv1UIxAlBHD7C4QlydK4yfalhWeIAFLKOihRkCFfbzal4C8Pkq1dEsz1F6dHb7gp1qzyImFCs7R7ocVmIKnzE+M60aLEsvdrICJRjVLQ9ekf9g==
(  52.125s) [languageServer  ]  connection_manager.cc:5301  | Connections thread size: 1
(  52.125s) [languageServer  ]  connection_manager.cc:5311  | connection pointer address 000001CF4EB8C940
(  52.125s) [languageServer  ]  connection_manager.cc:7427  | retrievedConnectionThread status 2
(  52.125s) [languageServer  ]               timer.cc:42    | [perf] ConnectionManager GetServerInformations => serverInformations.size: [] took 0.113 ms
(  52.125s) [languageServer  ]      message_handler.h:75    | < [$totvsserver/serverInformations] (finish)  (0 ms)
(  52.125s) [languageServer  ]       queue_manager.cc:195   | Run finishied message method '$totvsserver/serverInformations'
(  52.125s) [languageServer  ]       queue_manager.cc:187   | Handler found for message method 'textDocument/codeLens'
(  52.125s) [languageServer  ]      message_handler.h:70    | > [textDocument/codeLens] (start) 
(  52.125s) [languageServer  ]      message_handler.h:75    | < [textDocument/codeLens] (finish)  (0 ms)
(  52.125s) [languageServer  ]       queue_manager.cc:195   | Run finishied message method 'textDocument/codeLens'
( 162.210s) [languageServer  ]       queue_manager.cc:187   | Handler found for message method 'textDocument/hover'
( 162.210s) [languageServer  ]      message_handler.h:70    | > [textDocument/hover] (start) 
( 162.210s) [languageServer  ]      message_handler.h:75    | < [textDocument/hover] (finish)  (0 ms)
( 162.210s) [languageServer  ]       queue_manager.cc:195   | Run finishied message method 'textDocument/hover'
( 163.924s) [languageServer  ]       queue_manager.cc:187   | Handler found for message method 'textDocument/hover'
( 163.925s) [languageServer  ]      message_handler.h:70    | > [textDocument/hover] (start) 
( 163.925s) [languageServer  ]      message_handler.h:75    | < [textDocument/hover] (finish)  (0 ms)
( 163.925s) [languageServer  ]       queue_manager.cc:195   | Run finishied message method 'textDocument/hover'
( 181.489s) [languageServer  ]       queue_manager.cc:187   | Handler found for message method 'textDocument/didClose'
( 181.489s) [languageServer  ]      message_handler.h:70    | > [textDocument/didClose] (start) 
( 181.489s) [languageServer  ]     workspace_file.cpp:302   | > [WorkspaceFile] (start) 05_ESTOQUE/MTA105OK.PRW (Not Open/Not Temp)
( 181.489s) [languageServer  ]     workspace_file.cpp:428   | < [WorkspaceFile] (finish) d:/totvs 12/microsiga/protheus/projetovscode/05_ESTOQUE/MTA105OK.PRW (0 ms)
( 181.489s) [languageServer  ]      message_handler.h:75    | < [textDocument/didClose] (finish)  (0 ms)
( 181.489s) [languageServer  ]       queue_manager.cc:195   | Run finishied message method 'textDocument/didClose'
( 181.529s) [languageServer  ]       queue_manager.cc:187   | Handler found for message method 'textDocument/didClose'
( 181.529s) [languageServer  ]      message_handler.h:70    | > [textDocument/didClose] (start) 
( 181.529s) [languageServer  ]     workspace_file.cpp:302   | > [WorkspaceFile] (start) 01_SOMENTE_ITINGA/MT100TOK.PRW (Not Open/Not Temp)
( 181.529s) [languageServer  ]     workspace_file.cpp:428   | < [WorkspaceFile] (finish) d:/totvs 12/microsiga/protheus/projetovscode/01_SOMENTE_ITINGA/MT100TOK.PRW (0 ms)
( 181.529s) [languageServer  ]      message_handler.h:75    | < [textDocument/didClose] (finish)  (0 ms)
( 181.529s) [languageServer  ]       queue_manager.cc:195   | Run finishied message method 'textDocument/didClose'
( 181.529s) [languageServer  ]       queue_manager.cc:187   | Handler found for message method 'textDocument/didClose'
( 181.529s) [languageServer  ]      message_handler.h:70    | > [textDocument/didClose] (start) 
( 181.529s) [languageServer  ]     workspace_file.cpp:302   | > [WorkspaceFile] (start) 05_ESTOQUE/MT241SD3.prw (Not Open/Not Temp)
( 181.529s) [languageServer  ]     workspace_file.cpp:428   | < [WorkspaceFile] (finish) d:/totvs 12/microsiga/protheus/projetovscode/05_ESTOQUE/MT241SD3.prw (0 ms)
( 181.529s) [languageServer  ]      message_handler.h:75    | < [textDocument/didClose] (finish)  (0 ms)
( 181.529s) [languageServer  ]       queue_manager.cc:195   | Run finishied message method 'textDocument/didClose'
( 181.531s) [languageServer  ]       queue_manager.cc:187   | Handler found for message method 'textDocument/didClose'
( 181.531s) [languageServer  ]      message_handler.h:70    | > [textDocument/didClose] (start) 
( 181.531s) [languageServer  ]     workspace_file.cpp:302   | > [WorkspaceFile] (start) 06_FATURAMENTO/MDFESEFAZ.prw (Not Open/Not Temp)
( 181.532s) [languageServer  ]     workspace_file.cpp:428   | < [WorkspaceFile] (finish) d:/totvs 12/microsiga/protheus/projetovscode/06_FATURAMENTO/MDFESEFAZ.prw (0 ms)
( 181.532s) [languageServer  ]      message_handler.h:75    | < [textDocument/didClose] (finish)  (0 ms)
( 181.532s) [languageServer  ]       queue_manager.cc:195   | Run finishied message method 'textDocument/didClose'
( 181.532s) [languageServer  ]       queue_manager.cc:187   | Handler found for message method 'textDocument/didClose'
( 181.532s) [languageServer  ]      message_handler.h:70    | > [textDocument/didClose] (start) 
( 181.532s) [languageServer  ]     workspace_file.cpp:302   | > [WorkspaceFile] (start) 01_SOMENTE_ITINGA/M460FIM.PRW (Not Open/Not Temp)
( 181.532s) [languageServer  ]     workspace_file.cpp:428   | < [WorkspaceFile] (finish) d:/totvs 12/microsiga/protheus/projetovscode/01_SOMENTE_ITINGA/M460FIM.PRW (0 ms)
( 181.532s) [languageServer  ]      message_handler.h:75    | < [textDocument/didClose] (finish)  (0 ms)
( 181.532s) [languageServer  ]       queue_manager.cc:195   | Run finishied message method 'textDocument/didClose'
( 181.532s) [languageServer  ]       queue_manager.cc:187   | Handler found for message method 'textDocument/didClose'
( 181.532s) [languageServer  ]      message_handler.h:70    | > [textDocument/didClose] (start) 
( 181.532s) [languageServer  ]     workspace_file.cpp:302   | > [WorkspaceFile] (start) 07_FINANCEIRO/ITMRFIN010.prw (Not Open/Not Temp)
( 181.532s) [languageServer  ]     workspace_file.cpp:428   | < [WorkspaceFile] (finish) d:/totvs 12/microsiga/protheus/projetovscode/07_FINANCEIRO/ITMRFIN010.prw (0 ms)
( 181.532s) [languageServer  ]      message_handler.h:75    | < [textDocument/didClose] (finish)  (0 ms)
( 181.532s) [languageServer  ]       queue_manager.cc:195   | Run finishied message method 'textDocument/didClose'
( 181.533s) [languageServer  ]       queue_manager.cc:187   | Handler found for message method 'textDocument/didClose'
( 181.533s) [languageServer  ]      message_handler.h:70    | > [textDocument/didClose] (start) 
( 181.533s) [languageServer  ]     workspace_file.cpp:302   | > [WorkspaceFile] (start) 05_ESTOQUE/SEQLOTE.prw (Not Open/Not Temp)
( 181.534s) [languageServer  ]     workspace_file.cpp:428   | < [WorkspaceFile] (finish) d:/totvs 12/microsiga/protheus/projetovscode/05_ESTOQUE/SEQLOTE.prw (0 ms)
( 181.534s) [languageServer  ]      message_handler.h:75    | < [textDocument/didClose] (finish)  (0 ms)
( 181.534s) [languageServer  ]       queue_manager.cc:195   | Run finishied message method 'textDocument/didClose'
( 181.535s) [languageServer  ]       queue_manager.cc:187   | Handler found for message method 'textDocument/didClose'
( 181.535s) [languageServer  ]      message_handler.h:70    | > [textDocument/didClose] (start) 
( 181.535s) [languageServer  ]     workspace_file.cpp:302   | > [WorkspaceFile] (start) 00_REMOVER/PARATESTE.PRW (Not Open/Not Temp)
( 181.535s) [languageServer  ]     workspace_file.cpp:428   | < [WorkspaceFile] (finish) d:/totvs 12/microsiga/protheus/projetovscode/00_REMOVER/PARATESTE.PRW (0 ms)
( 181.535s) [languageServer  ]      message_handler.h:75    | < [textDocument/didClose] (finish)  (0 ms)
( 181.535s) [languageServer  ]       queue_manager.cc:195   | Run finishied message method 'textDocument/didClose'
( 181.535s) [languageServer  ]       queue_manager.cc:187   | Handler found for message method 'textDocument/didClose'
( 181.535s) [languageServer  ]      message_handler.h:70    | > [textDocument/didClose] (start) 
( 181.535s) [languageServer  ]     workspace_file.cpp:302   | > [WorkspaceFile] (start) 05_ESTOQUE/MT110TOK.prw (Not Open/Not Temp)
( 181.535s) [languageServer  ]     workspace_file.cpp:428   | < [WorkspaceFile] (finish) d:/totvs 12/microsiga/protheus/projetovscode/05_ESTOQUE/MT110TOK.prw (0 ms)
( 181.535s) [languageServer  ]      message_handler.h:75    | < [textDocument/didClose] (finish)  (0 ms)
( 181.535s) [languageServer  ]       queue_manager.cc:195   | Run finishied message method 'textDocument/didClose'
( 181.536s) [languageServer  ]       queue_manager.cc:187   | Handler found for message method 'textDocument/didClose'
( 181.536s) [languageServer  ]      message_handler.h:70    | > [textDocument/didClose] (start) 
( 181.536s) [languageServer  ]     workspace_file.cpp:302   | > [WorkspaceFile] (start) 05_ESTOQUE/MREVEST.prw (Not Open/Not Temp)
( 181.536s) [languageServer  ]     workspace_file.cpp:428   | < [WorkspaceFile] (finish) d:/totvs 12/microsiga/protheus/projetovscode/05_ESTOQUE/MREVEST.prw (0 ms)
( 181.536s) [languageServer  ]      message_handler.h:75    | < [textDocument/didClose] (finish)  (0 ms)
( 181.536s) [languageServer  ]       queue_manager.cc:195   | Run finishied message method 'textDocument/didClose'
( 181.591s) [languageServer  ]       queue_manager.cc:187   | Handler found for message method 'textDocument/didClose'
( 181.591s) [languageServer  ]      message_handler.h:70    | > [textDocument/didClose] (start) 
( 181.591s) [languageServer  ]     workspace_file.cpp:302   | > [WorkspaceFile] (start) 06_FATURAMENTO/nfesefaz.prw (Not Open/Not Temp)
( 181.591s) [languageServer  ]     workspace_file.cpp:428   | < [WorkspaceFile] (finish) d:/totvs 12/microsiga/protheus/projetovscode/06_FATURAMENTO/nfesefaz.prw (0 ms)
( 181.591s) [languageServer  ]      message_handler.h:75    | < [textDocument/didClose] (finish)  (0 ms)
( 181.591s) [languageServer  ]       queue_manager.cc:195   | Run finishied message method 'textDocument/didClose'
( 181.624s) [languageServer  ]       queue_manager.cc:187   | Handler found for message method 'textDocument/didClose'
( 181.624s) [languageServer  ]      message_handler.h:70    | > [textDocument/didClose] (start) 
( 181.625s) [languageServer  ]     workspace_file.cpp:302   | > [WorkspaceFile] (start) 05_ESTOQUE/ZE1CAD.PRW (Not Open/Not Temp)
( 181.625s) [languageServer  ]     workspace_file.cpp:428   | < [WorkspaceFile] (finish) d:/totvs 12/microsiga/protheus/projetovscode/05_ESTOQUE/ZE1CAD.PRW (0 ms)
( 181.625s) [languageServer  ]      message_handler.h:75    | < [textDocument/didClose] (finish)  (0 ms)
( 181.625s) [languageServer  ]       queue_manager.cc:195   | Run finishied message method 'textDocument/didClose'
( 181.662s) [languageServer  ]       queue_manager.cc:187   | Handler found for message method 'textDocument/didClose'
( 181.663s) [languageServer  ]      message_handler.h:70    | > [textDocument/didClose] (start) 
( 181.663s) [languageServer  ]     workspace_file.cpp:302   | > [WorkspaceFile] (start) 06_FATURAMENTO/MCLASSIFI.PRW (Not Open/Not Temp)
( 181.663s) [languageServer  ]     workspace_file.cpp:428   | < [WorkspaceFile] (finish) d:/totvs 12/microsiga/protheus/projetovscode/06_FATURAMENTO/MCLASSIFI.PRW (0 ms)
( 181.663s) [languageServer  ]      message_handler.h:75    | < [textDocument/didClose] (finish)  (0 ms)
( 181.663s) [languageServer  ]       queue_manager.cc:195   | Run finishied message method 'textDocument/didClose'
( 181.680s) [languageServer  ]       queue_manager.cc:187   | Handler found for message method 'textDocument/didClose'
( 181.680s) [languageServer  ]      message_handler.h:70    | > [textDocument/didClose] (start) 
( 181.680s) [languageServer  ]     workspace_file.cpp:302   | > [WorkspaceFile] (start) 05_ESTOQUE/MREAVCM.PRW (Not Open/Not Temp)
( 181.680s) [languageServer  ]     workspace_file.cpp:428   | < [WorkspaceFile] (finish) d:/totvs 12/microsiga/protheus/projetovscode/05_ESTOQUE/MREAVCM.PRW (0 ms)
( 181.680s) [languageServer  ]      message_handler.h:75    | < [textDocument/didClose] (finish)  (0 ms)
( 181.680s) [languageServer  ]       queue_manager.cc:195   | Run finishied message method 'textDocument/didClose'
( 181.682s) [languageServer  ]       queue_manager.cc:187   | Handler found for message method 'textDocument/didClose'
( 181.682s) [languageServer  ]      message_handler.h:70    | > [textDocument/didClose] (start) 
( 181.682s) [languageServer  ]     workspace_file.cpp:302   | > [WorkspaceFile] (start) 07_FINANCEIRO/ITMMFIN010.prw (Not Open/Not Temp)
( 181.683s) [languageServer  ]     workspace_file.cpp:428   | < [WorkspaceFile] (finish) d:/totvs 12/microsiga/protheus/projetovscode/07_FINANCEIRO/ITMMFIN010.prw (0 ms)
( 181.683s) [languageServer  ]      message_handler.h:75    | < [textDocument/didClose] (finish)  (0 ms)
( 181.683s) [languageServer  ]       queue_manager.cc:195   | Run finishied message method 'textDocument/didClose'
( 181.689s) [languageServer  ]       queue_manager.cc:187   | Handler found for message method 'textDocument/didClose'
( 181.689s) [languageServer  ]      message_handler.h:70    | > [textDocument/didClose] (start) 
( 181.689s) [languageServer  ]     workspace_file.cpp:302   | > [WorkspaceFile] (start) 05_ESTOQUE/MPFEST.prw (Not Open/Not Temp)
( 181.689s) [languageServer  ]     workspace_file.cpp:428   | < [WorkspaceFile] (finish) d:/totvs 12/microsiga/protheus/projetovscode/05_ESTOQUE/MPFEST.prw (0 ms)
( 181.689s) [languageServer  ]      message_handler.h:75    | < [textDocument/didClose] (finish)  (0 ms)
( 181.689s) [languageServer  ]       queue_manager.cc:195   | Run finishied message method 'textDocument/didClose'
( 181.692s) [languageServer  ]       queue_manager.cc:187   | Handler found for message method 'textDocument/didClose'
( 181.692s) [languageServer  ]      message_handler.h:70    | > [textDocument/didClose] (start) 
( 181.692s) [languageServer  ]     workspace_file.cpp:302   | > [WorkspaceFile] (start) 06_FATURAMENTO/MATR730Q.prw (Not Open/Not Temp)
( 181.692s) [languageServer  ]     workspace_file.cpp:428   | < [WorkspaceFile] (finish) d:/totvs 12/microsiga/protheus/projetovscode/06_FATURAMENTO/MATR730Q.prw (0 ms)
( 181.692s) [languageServer  ]      message_handler.h:75    | < [textDocument/didClose] (finish)  (0 ms)
( 181.692s) [languageServer  ]       queue_manager.cc:195   | Run finishied message method 'textDocument/didClose'
( 181.694s) [languageServer  ]       queue_manager.cc:187   | Handler found for message method 'textDocument/didClose'
( 181.694s) [languageServer  ]      message_handler.h:70    | > [textDocument/didClose] (start) 
( 181.694s) [languageServer  ]     workspace_file.cpp:302   | > [WorkspaceFile] (start) 02_COMPRAS/MT150ROT.PRW (Not Open/Not Temp)
( 181.694s) [languageServer  ]     workspace_file.cpp:428   | < [WorkspaceFile] (finish) d:/totvs 12/microsiga/protheus/projetovscode/02_COMPRAS/MT150ROT.PRW (0 ms)
( 181.694s) [languageServer  ]      message_handler.h:75    | < [textDocument/didClose] (finish)  (0 ms)
( 181.694s) [languageServer  ]       queue_manager.cc:195   | Run finishied message method 'textDocument/didClose'
( 181.698s) [languageServer  ]       queue_manager.cc:187   | Handler found for message method 'textDocument/didClose'
( 181.698s) [languageServer  ]      message_handler.h:70    | > [textDocument/didClose] (start) 
( 181.698s) [languageServer  ]     workspace_file.cpp:302   | > [WorkspaceFile] (start) 07_FINANCEIRO/IMPORT.PRW (Not Open/Not Temp)
( 181.698s) [languageServer  ]     workspace_file.cpp:428   | < [WorkspaceFile] (finish) d:/totvs 12/microsiga/protheus/projetovscode/07_FINANCEIRO/IMPORT.PRW (0 ms)
( 181.698s) [languageServer  ]      message_handler.h:75    | < [textDocument/didClose] (finish)  (0 ms)
( 181.698s) [languageServer  ]       queue_manager.cc:195   | Run finishied message method 'textDocument/didClose'
( 181.700s) [languageServer  ]       queue_manager.cc:187   | Handler found for message method 'textDocument/didClose'
( 181.700s) [languageServer  ]      message_handler.h:70    | > [textDocument/didClose] (start) 
( 181.700s) [languageServer  ]     workspace_file.cpp:302   | > [WorkspaceFile] (start) 08_GRPLUS/GR002SQL.PRW (Not Open/Not Temp)
( 181.700s) [languageServer  ]     workspace_file.cpp:428   | < [WorkspaceFile] (finish) d:/totvs 12/microsiga/protheus/projetovscode/08_GRPLUS/GR002SQL.PRW (0 ms)
( 181.700s) [languageServer  ]      message_handler.h:75    | < [textDocument/didClose] (finish)  (0 ms)
( 181.700s) [languageServer  ]       queue_manager.cc:195   | Run finishied message method 'textDocument/didClose'
( 181.705s) [languageServer  ]       queue_manager.cc:187   | Handler found for message method 'textDocument/didClose'
( 181.705s) [languageServer  ]      message_handler.h:70    | > [textDocument/didClose] (start) 
( 181.705s) [languageServer  ]     workspace_file.cpp:302   | > [WorkspaceFile] (start) 06_FATURAMENTO/RelPrd.prw (Not Open/Not Temp)
( 181.705s) [languageServer  ]     workspace_file.cpp:428   | < [WorkspaceFile] (finish) d:/totvs 12/microsiga/protheus/projetovscode/06_FATURAMENTO/RelPrd.prw (0 ms)
( 181.705s) [languageServer  ]      message_handler.h:75    | < [textDocument/didClose] (finish)  (0 ms)
( 181.705s) [languageServer  ]       queue_manager.cc:195   | Run finishied message method 'textDocument/didClose'
( 181.705s) [languageServer  ]       queue_manager.cc:187   | Handler found for message method 'textDocument/didClose'
( 181.705s) [languageServer  ]      message_handler.h:70    | > [textDocument/didClose] (start) 
( 181.706s) [languageServer  ]     workspace_file.cpp:302   | > [WorkspaceFile] (start) 08_GRPLUS/GR056MEN.prw (Not Open/Not Temp)
( 181.706s) [languageServer  ]     workspace_file.cpp:428   | < [WorkspaceFile] (finish) d:/totvs 12/microsiga/protheus/projetovscode/08_GRPLUS/GR056MEN.prw (0 ms)
( 181.706s) [languageServer  ]      message_handler.h:75    | < [textDocument/didClose] (finish)  (0 ms)
( 181.706s) [languageServer  ]       queue_manager.cc:195   | Run finishied message method 'textDocument/didClose'
( 181.708s) [languageServer  ]       queue_manager.cc:187   | Handler found for message method 'textDocument/didClose'
( 181.708s) [languageServer  ]      message_handler.h:70    | > [textDocument/didClose] (start) 
( 181.708s) [languageServer  ]     workspace_file.cpp:302   | > [WorkspaceFile] (start) 08_GRPLUS/GR002COL.PRW (Not Open/Not Temp)
( 181.708s) [languageServer  ]     workspace_file.cpp:428   | < [WorkspaceFile] (finish) d:/totvs 12/microsiga/protheus/projetovscode/08_GRPLUS/GR002COL.PRW (0 ms)
( 181.708s) [languageServer  ]      message_handler.h:75    | < [textDocument/didClose] (finish)  (0 ms)
( 181.708s) [languageServer  ]       queue_manager.cc:195   | Run finishied message method 'textDocument/didClose'
( 181.711s) [languageServer  ]       queue_manager.cc:187   | Handler found for message method 'textDocument/didClose'
( 181.711s) [languageServer  ]      message_handler.h:70    | > [textDocument/didClose] (start) 
( 181.711s) [languageServer  ]     workspace_file.cpp:302   | > [WorkspaceFile] (start) 06_FATURAMENTO/RelPdv.PRW (Not Open/Not Temp)
( 181.711s) [languageServer  ]     workspace_file.cpp:428   | < [WorkspaceFile] (finish) d:/totvs 12/microsiga/protheus/projetovscode/06_FATURAMENTO/RelPdv.PRW (0 ms)
( 181.711s) [languageServer  ]      message_handler.h:75    | < [textDocument/didClose] (finish)  (0 ms)
( 181.711s) [languageServer  ]       queue_manager.cc:195   | Run finishied message method 'textDocument/didClose'
( 181.713s) [languageServer  ]       queue_manager.cc:187   | Handler found for message method 'textDocument/didClose'
( 181.713s) [languageServer  ]      message_handler.h:70    | > [textDocument/didClose] (start) 
( 181.713s) [languageServer  ]     workspace_file.cpp:302   | > [WorkspaceFile] (start) 07_FINANCEIRO/Rel0036.PRW (Not Open/Not Temp)
( 181.713s) [languageServer  ]     workspace_file.cpp:428   | < [WorkspaceFile] (finish) d:/totvs 12/microsiga/protheus/projetovscode/07_FINANCEIRO/Rel0036.PRW (0 ms)
( 181.713s) [languageServer  ]      message_handler.h:75    | < [textDocument/didClose] (finish)  (0 ms)
( 181.713s) [languageServer  ]       queue_manager.cc:195   | Run finishied message method 'textDocument/didClose'
( 181.723s) [languageServer  ]       queue_manager.cc:187   | Handler found for message method 'textDocument/didClose'
( 181.723s) [languageServer  ]      message_handler.h:70    | > [textDocument/didClose] (start) 
( 181.723s) [languageServer  ]     workspace_file.cpp:302   | > [WorkspaceFile] (start) 08_GRPLUS/execmob.prw (Not Open/Not Temp)
( 181.723s) [languageServer  ]     workspace_file.cpp:428   | < [WorkspaceFile] (finish) d:/totvs 12/microsiga/protheus/projetovscode/08_GRPLUS/execmob.prw (0 ms)
( 181.723s) [languageServer  ]      message_handler.h:75    | < [textDocument/didClose] (finish)  (0 ms)
( 181.723s) [languageServer  ]       queue_manager.cc:195   | Run finishied message method 'textDocument/didClose'
( 181.726s) [languageServer  ]       queue_manager.cc:187   | Handler found for message method 'textDocument/didClose'
( 181.726s) [languageServer  ]      message_handler.h:70    | > [textDocument/didClose] (start) 
( 181.726s) [languageServer  ]     workspace_file.cpp:302   | > [WorkspaceFile] (start) 08_GRPLUS/GROR015.PRW (Not Open/Not Temp)
( 181.726s) [languageServer  ]     workspace_file.cpp:428   | < [WorkspaceFile] (finish) d:/totvs 12/microsiga/protheus/projetovscode/08_GRPLUS/GROR015.PRW (0 ms)
( 181.726s) [languageServer  ]      message_handler.h:75    | < [textDocument/didClose] (finish)  (0 ms)
( 181.726s) [languageServer  ]       queue_manager.cc:195   | Run finishied message method 'textDocument/didClose'
( 181.727s) [languageServer  ]       queue_manager.cc:187   | Handler found for message method 'textDocument/didClose'
( 181.727s) [languageServer  ]      message_handler.h:70    | > [textDocument/didClose] (start) 
( 181.727s) [languageServer  ]     workspace_file.cpp:302   | > [WorkspaceFile] (start) 08_GRPLUS/GROR002.PRW (Not Open/Not Temp)
( 181.727s) [languageServer  ]     workspace_file.cpp:428   | < [WorkspaceFile] (finish) d:/totvs 12/microsiga/protheus/projetovscode/08_GRPLUS/GROR002.PRW (0 ms)
( 181.727s) [languageServer  ]      message_handler.h:75    | < [textDocument/didClose] (finish)  (0 ms)
( 181.727s) [languageServer  ]       queue_manager.cc:195   | Run finishied message method 'textDocument/didClose'
( 181.727s) [languageServer  ]       queue_manager.cc:187   | Handler found for message method 'textDocument/didClose'
( 181.727s) [languageServer  ]      message_handler.h:70    | > [textDocument/didClose] (start) 
( 181.727s) [languageServer  ]     workspace_file.cpp:302   | > [WorkspaceFile] (start) 06_FATURAMENTO/SF2460I.prw (Not Open/Not Temp)
( 181.727s) [languageServer  ]     workspace_file.cpp:428   | < [WorkspaceFile] (finish) d:/totvs 12/microsiga/protheus/projetovscode/06_FATURAMENTO/SF2460I.prw (0 ms)
( 181.727s) [languageServer  ]      message_handler.h:75    | < [textDocument/didClose] (finish)  (0 ms)
( 181.727s) [languageServer  ]       queue_manager.cc:195   | Run finishied message method 'textDocument/didClose'
( 181.730s) [languageServer  ]       queue_manager.cc:187   | Handler found for message method 'textDocument/didClose'
( 181.730s) [languageServer  ]      message_handler.h:70    | > [textDocument/didClose] (start) 
( 181.730s) [languageServer  ]     workspace_file.cpp:302   | > [WorkspaceFile] (start) 03_CONEXÃONFE/A140EXC.PRW (Not Open/Not Temp)
( 181.730s) [languageServer  ]     workspace_file.cpp:428   | < [WorkspaceFile] (finish) d:/totvs 12/microsiga/protheus/projetovscode/03_CONEXÃONFE/A140EXC.PRW (0 ms)
( 181.730s) [languageServer  ]      message_handler.h:75    | < [textDocument/didClose] (finish)  (0 ms)
( 181.730s) [languageServer  ]       queue_manager.cc:195   | Run finishied message method 'textDocument/didClose'
( 181.737s) [languageServer  ]       queue_manager.cc:187   | Handler found for message method 'textDocument/didClose'
( 181.737s) [languageServer  ]      message_handler.h:70    | > [textDocument/didClose] (start) 
( 181.737s) [languageServer  ]     workspace_file.cpp:302   | > [WorkspaceFile] (start) 08_GRPLUS/GROA56IN.prw (Not Open/Not Temp)
( 181.737s) [languageServer  ]     workspace_file.cpp:428   | < [WorkspaceFile] (finish) d:/totvs 12/microsiga/protheus/projetovscode/08_GRPLUS/GROA56IN.prw (0 ms)
( 181.737s) [languageServer  ]      message_handler.h:75    | < [textDocument/didClose] (finish)  (0 ms)
( 181.737s) [languageServer  ]       queue_manager.cc:195   | Run finishied message method 'textDocument/didClose'
( 181.740s) [languageServer  ]       queue_manager.cc:187   | Handler found for message method 'textDocument/didClose'
( 181.740s) [languageServer  ]      message_handler.h:70    | > [textDocument/didClose] (start) 
( 181.740s) [languageServer  ]     workspace_file.cpp:302   | > [WorkspaceFile] (start) 03_CONEXÃONFE/A103CND2.prw (Not Open/Not Temp)
( 181.740s) [languageServer  ]     workspace_file.cpp:428   | < [WorkspaceFile] (finish) d:/totvs 12/microsiga/protheus/projetovscode/03_CONEXÃONFE/A103CND2.prw (0 ms)
( 181.740s) [languageServer  ]      message_handler.h:75    | < [textDocument/didClose] (finish)  (0 ms)
( 181.740s) [languageServer  ]       queue_manager.cc:195   | Run finishied message method 'textDocument/didClose'
( 181.742s) [languageServer  ]       queue_manager.cc:187   | Handler found for message method 'textDocument/didClose'
( 181.742s) [languageServer  ]      message_handler.h:70    | > [textDocument/didClose] (start) 
( 181.742s) [languageServer  ]     workspace_file.cpp:302   | > [WorkspaceFile] (start) 06_FATURAMENTO/RETPESOFAT.PRW (Not Open/Not Temp)
( 181.742s) [languageServer  ]     workspace_file.cpp:428   | < [WorkspaceFile] (finish) d:/totvs 12/microsiga/protheus/projetovscode/06_FATURAMENTO/RETPESOFAT.PRW (0 ms)
( 181.742s) [languageServer  ]      message_handler.h:75    | < [textDocument/didClose] (finish)  (0 ms)
( 181.742s) [languageServer  ]       queue_manager.cc:195   | Run finishied message method 'textDocument/didClose'
( 181.751s) [languageServer  ]       queue_manager.cc:187   | Handler found for message method 'textDocument/didClose'
( 181.751s) [languageServer  ]      message_handler.h:70    | > [textDocument/didClose] (start) 
( 181.751s) [languageServer  ]     workspace_file.cpp:302   | > [WorkspaceFile] (start) 07_FINANCEIRO/SE5FI070.PRW (Not Open/Not Temp)
( 181.751s) [languageServer  ]     workspace_file.cpp:428   | < [WorkspaceFile] (finish) d:/totvs 12/microsiga/protheus/projetovscode/07_FINANCEIRO/SE5FI070.PRW (0 ms)
( 181.751s) [languageServer  ]      message_handler.h:75    | < [textDocument/didClose] (finish)  (0 ms)
( 181.751s) [languageServer  ]       queue_manager.cc:195   | Run finishied message method 'textDocument/didClose'
( 181.752s) [languageServer  ]       queue_manager.cc:187   | Handler found for message method 'textDocument/didClose'
( 181.752s) [languageServer  ]      message_handler.h:70    | > [textDocument/didClose] (start) 
( 181.752s) [languageServer  ]     workspace_file.cpp:302   | > [WorkspaceFile] (start) 08_GRPLUS/GROA0311.PRW (Not Open/Not Temp)
( 181.752s) [languageServer  ]     workspace_file.cpp:428   | < [WorkspaceFile] (finish) d:/totvs 12/microsiga/protheus/projetovscode/08_GRPLUS/GROA0311.PRW (0 ms)
( 181.752s) [languageServer  ]      message_handler.h:75    | < [textDocument/didClose] (finish)  (0 ms)
( 181.752s) [languageServer  ]       queue_manager.cc:195   | Run finishied message method 'textDocument/didClose'
( 181.753s) [languageServer  ]       queue_manager.cc:187   | Handler found for message method 'textDocument/didClose'
( 181.753s) [languageServer  ]      message_handler.h:70    | > [textDocument/didClose] (start) 
( 181.753s) [languageServer  ]     workspace_file.cpp:302   | > [WorkspaceFile] (start) 08_GRPLUS/GR37ACPO.PRW (Not Open/Not Temp)
( 181.753s) [languageServer  ]     workspace_file.cpp:428   | < [WorkspaceFile] (finish) d:/totvs 12/microsiga/protheus/projetovscode/08_GRPLUS/GR37ACPO.PRW (0 ms)
( 181.753s) [languageServer  ]      message_handler.h:75    | < [textDocument/didClose] (finish)  (0 ms)
( 181.753s) [languageServer  ]       queue_manager.cc:195   | Run finishied message method 'textDocument/didClose'
( 181.755s) [languageServer  ]       queue_manager.cc:187   | Handler found for message method 'textDocument/didClose'
( 181.756s) [languageServer  ]      message_handler.h:70    | > [textDocument/didClose] (start) 
( 181.756s) [languageServer  ]     workspace_file.cpp:302   | > [WorkspaceFile] (start) 06_FATURAMENTO/RelVenSCli.prw (Not Open/Not Temp)
( 181.756s) [languageServer  ]     workspace_file.cpp:428   | < [WorkspaceFile] (finish) d:/totvs 12/microsiga/protheus/projetovscode/06_FATURAMENTO/RelVenSCli.prw (0 ms)
( 181.756s) [languageServer  ]      message_handler.h:75    | < [textDocument/didClose] (finish)  (0 ms)
( 181.756s) [languageServer  ]       queue_manager.cc:195   | Run finishied message method 'textDocument/didClose'
( 181.756s) [languageServer  ]       queue_manager.cc:187   | Handler found for message method 'textDocument/didClose'
( 181.756s) [languageServer  ]      message_handler.h:70    | > [textDocument/didClose] (start) 
( 181.756s) [languageServer  ]     workspace_file.cpp:302   | > [WorkspaceFile] (start) 06_FATURAMENTO/RelVend.prw (Not Open/Not Temp)
( 181.756s) [languageServer  ]     workspace_file.cpp:428   | < [WorkspaceFile] (finish) d:/totvs 12/microsiga/protheus/projetovscode/06_FATURAMENTO/RelVend.prw (0 ms)
( 181.756s) [languageServer  ]      message_handler.h:75    | < [textDocument/didClose] (finish)  (0 ms)
( 181.757s) [languageServer  ]       queue_manager.cc:195   | Run finishied message method 'textDocument/didClose'
( 181.757s) [languageServer  ]       queue_manager.cc:187   | Handler found for message method 'textDocument/didClose'
( 181.757s) [languageServer  ]      message_handler.h:70    | > [textDocument/didClose] (start) 
( 181.757s) [languageServer  ]     workspace_file.cpp:302   | > [WorkspaceFile] (start) 03_CONEXÃONFE/FISMNTNFE.PRW (Not Open/Not Temp)
( 181.757s) [languageServer  ]     workspace_file.cpp:428   | < [WorkspaceFile] (finish) d:/totvs 12/microsiga/protheus/projetovscode/03_CONEXÃONFE/FISMNTNFE.PRW (0 ms)
( 181.757s) [languageServer  ]      message_handler.h:75    | < [textDocument/didClose] (finish)  (0 ms)
( 181.757s) [languageServer  ]       queue_manager.cc:195   | Run finishied message method 'textDocument/didClose'
( 181.757s) [languageServer  ]       queue_manager.cc:187   | Handler found for message method 'textDocument/didClose'
( 181.757s) [languageServer  ]      message_handler.h:70    | > [textDocument/didClose] (start) 
( 181.757s) [languageServer  ]     workspace_file.cpp:302   | > [WorkspaceFile] (start) 08_GRPLUS/MarkCalend.prw (Not Open/Not Temp)
( 181.757s) [languageServer  ]     workspace_file.cpp:428   | < [WorkspaceFile] (finish) d:/totvs 12/microsiga/protheus/projetovscode/08_GRPLUS/MarkCalend.prw (0 ms)
( 181.757s) [languageServer  ]      message_handler.h:75    | < [textDocument/didClose] (finish)  (0 ms)
( 181.757s) [languageServer  ]       queue_manager.cc:195   | Run finishied message method 'textDocument/didClose'
( 181.762s) [languageServer  ]       queue_manager.cc:187   | Handler found for message method 'textDocument/didClose'
( 181.762s) [languageServer  ]      message_handler.h:70    | > [textDocument/didClose] (start) 
( 181.762s) [languageServer  ]     workspace_file.cpp:302   | > [WorkspaceFile] (start) 06_FATURAMENTO/RelVenBE.prw (Not Open/Not Temp)
( 181.762s) [languageServer  ]     workspace_file.cpp:428   | < [WorkspaceFile] (finish) d:/totvs 12/microsiga/protheus/projetovscode/06_FATURAMENTO/RelVenBE.prw (0 ms)
( 181.762s) [languageServer  ]      message_handler.h:75    | < [textDocument/didClose] (finish)  (0 ms)
( 181.762s) [languageServer  ]       queue_manager.cc:195   | Run finishied message method 'textDocument/didClose'
( 181.766s) [languageServer  ]       queue_manager.cc:187   | Handler found for message method 'textDocument/didClose'
( 181.766s) [languageServer  ]      message_handler.h:70    | > [textDocument/didClose] (start) 
( 181.766s) [languageServer  ]     workspace_file.cpp:302   | > [WorkspaceFile] (start) 08_GRPLUS/GR056SQL.PRW (Not Open/Not Temp)
( 181.766s) [languageServer  ]     workspace_file.cpp:428   | < [WorkspaceFile] (finish) d:/totvs 12/microsiga/protheus/projetovscode/08_GRPLUS/GR056SQL.PRW (0 ms)
( 181.766s) [languageServer  ]      message_handler.h:75    | < [textDocument/didClose] (finish)  (0 ms)
( 181.766s) [languageServer  ]       queue_manager.cc:195   | Run finishied message method 'textDocument/didClose'
( 181.771s) [languageServer  ]       queue_manager.cc:187   | Handler found for message method 'textDocument/didClose'
( 181.771s) [languageServer  ]      message_handler.h:70    | > [textDocument/didClose] (start) 
( 181.771s) [languageServer  ]     workspace_file.cpp:302   | > [WorkspaceFile] (start) 03_CONEXÃONFE/MT103CWH.PRW (Not Open/Not Temp)
( 181.771s) [languageServer  ]     workspace_file.cpp:428   | < [WorkspaceFile] (finish) d:/totvs 12/microsiga/protheus/projetovscode/03_CONEXÃONFE/MT103CWH.PRW (0 ms)
( 181.771s) [languageServer  ]      message_handler.h:75    | < [textDocument/didClose] (finish)  (0 ms)
( 181.771s) [languageServer  ]       queue_manager.cc:195   | Run finishied message method 'textDocument/didClose'
( 181.773s) [languageServer  ]       queue_manager.cc:187   | Handler found for message method 'textDocument/didClose'
( 181.773s) [languageServer  ]      message_handler.h:70    | > [textDocument/didClose] (start) 
( 181.773s) [languageServer  ]     workspace_file.cpp:302   | > [WorkspaceFile] (start) 03_CONEXÃONFE/MTA103MNU.PRW (Not Open/Not Temp)
( 181.773s) [languageServer  ]     workspace_file.cpp:428   | < [WorkspaceFile] (finish) d:/totvs 12/microsiga/protheus/projetovscode/03_CONEXÃONFE/MTA103MNU.PRW (0 ms)
( 181.773s) [languageServer  ]      message_handler.h:75    | < [textDocument/didClose] (finish)  (0 ms)
( 181.773s) [languageServer  ]       queue_manager.cc:195   | Run finishied message method 'textDocument/didClose'
( 181.774s) [languageServer  ]       queue_manager.cc:187   | Handler found for message method 'textDocument/didClose'
( 181.774s) [languageServer  ]      message_handler.h:70    | > [textDocument/didClose] (start) 
( 181.774s) [languageServer  ]     workspace_file.cpp:302   | > [WorkspaceFile] (start) 08_GRPLUS/testegr/GROA015.PRW (Not Open/Not Temp)
( 181.774s) [languageServer  ]     workspace_file.cpp:428   | < [WorkspaceFile] (finish) d:/totvs 12/microsiga/protheus/projetovscode/08_GRPLUS/testegr/GROA015.PRW (0 ms)
( 181.774s) [languageServer  ]      message_handler.h:75    | < [textDocument/didClose] (finish)  (0 ms)
( 181.774s) [languageServer  ]       queue_manager.cc:195   | Run finishied message method 'textDocument/didClose'
( 181.775s) [languageServer  ]       queue_manager.cc:187   | Handler found for message method 'textDocument/didClose'
( 181.775s) [languageServer  ]      message_handler.h:70    | > [textDocument/didClose] (start) 
( 181.775s) [languageServer  ]     workspace_file.cpp:302   | > [WorkspaceFile] (start) 03_CONEXÃONFE/MTCOLSE2.PRW (Not Open/Not Temp)
( 181.776s) [languageServer  ]     workspace_file.cpp:428   | < [WorkspaceFile] (finish) d:/totvs 12/microsiga/protheus/projetovscode/03_CONEXÃONFE/MTCOLSE2.PRW (0 ms)
( 181.776s) [languageServer  ]      message_handler.h:75    | < [textDocument/didClose] (finish)  (0 ms)
( 181.776s) [languageServer  ]       queue_manager.cc:195   | Run finishied message method 'textDocument/didClose'
( 181.777s) [languageServer  ]       queue_manager.cc:187   | Handler found for message method 'textDocument/didClose'
( 181.777s) [languageServer  ]      message_handler.h:70    | > [textDocument/didClose] (start) 
( 181.777s) [languageServer  ]     workspace_file.cpp:302   | > [WorkspaceFile] (start) 08_GRPLUS/testegr/AJNUMSEQ.PRW (Not Open/Not Temp)
( 181.777s) [languageServer  ]     workspace_file.cpp:428   | < [WorkspaceFile] (finish) d:/totvs 12/microsiga/protheus/projetovscode/08_GRPLUS/testegr/AJNUMSEQ.PRW (0 ms)
( 181.777s) [languageServer  ]      message_handler.h:75    | < [textDocument/didClose] (finish)  (0 ms)
( 181.777s) [languageServer  ]       queue_manager.cc:195   | Run finishied message method 'textDocument/didClose'
( 181.778s) [languageServer  ]       queue_manager.cc:187   | Handler found for message method 'textDocument/didClose'
( 181.778s) [languageServer  ]      message_handler.h:70    | > [textDocument/didClose] (start) 
( 181.778s) [languageServer  ]     workspace_file.cpp:302   | > [WorkspaceFile] (start) 03_CONEXÃONFE/MT140SAI.prw (Not Open/Not Temp)
( 181.778s) [languageServer  ]     workspace_file.cpp:428   | < [WorkspaceFile] (finish) d:/totvs 12/microsiga/protheus/projetovscode/03_CONEXÃONFE/MT140SAI.prw (0 ms)
( 181.778s) [languageServer  ]      message_handler.h:75    | < [textDocument/didClose] (finish)  (0 ms)
( 181.778s) [languageServer  ]       queue_manager.cc:195   | Run finishied message method 'textDocument/didClose'
( 181.778s) [languageServer  ]       queue_manager.cc:187   | Handler found for message method 'textDocument/didClose'
( 181.778s) [languageServer  ]      message_handler.h:70    | > [textDocument/didClose] (start) 
( 181.778s) [languageServer  ]     workspace_file.cpp:302   | > [WorkspaceFile] (start) 03_CONEXÃONFE/MT140CAB.PRW (Not Open/Not Temp)
( 181.778s) [languageServer  ]     workspace_file.cpp:428   | < [WorkspaceFile] (finish) d:/totvs 12/microsiga/protheus/projetovscode/03_CONEXÃONFE/MT140CAB.PRW (0 ms)
( 181.778s) [languageServer  ]      message_handler.h:75    | < [textDocument/didClose] (finish)  (0 ms)
( 181.778s) [languageServer  ]       queue_manager.cc:195   | Run finishied message method 'textDocument/didClose'
( 181.779s) [languageServer  ]       queue_manager.cc:187   | Handler found for message method 'textDocument/didClose'
( 181.779s) [languageServer  ]      message_handler.h:70    | > [textDocument/didClose] (start) 
( 181.779s) [languageServer  ]     workspace_file.cpp:302   | > [WorkspaceFile] (start) 03_CONEXÃONFE/M145ARDEL.prw (Not Open/Not Temp)
( 181.779s) [languageServer  ]     workspace_file.cpp:428   | < [WorkspaceFile] (finish) d:/totvs 12/microsiga/protheus/projetovscode/03_CONEXÃONFE/M145ARDEL.prw (0 ms)
( 181.779s) [languageServer  ]      message_handler.h:75    | < [textDocument/didClose] (finish)  (0 ms)
( 181.779s) [languageServer  ]       queue_manager.cc:195   | Run finishied message method 'textDocument/didClose'
( 181.781s) [languageServer  ]       queue_manager.cc:187   | Handler found for message method 'textDocument/didClose'
( 181.781s) [languageServer  ]      message_handler.h:70    | > [textDocument/didClose] (start) 
( 181.781s) [languageServer  ]     workspace_file.cpp:302   | > [WorkspaceFile] (start) 08_GRPLUS/MPROPCP.PRW (Not Open/Not Temp)
( 181.781s) [languageServer  ]     workspace_file.cpp:428   | < [WorkspaceFile] (finish) d:/totvs 12/microsiga/protheus/projetovscode/08_GRPLUS/MPROPCP.PRW (0 ms)
( 181.781s) [languageServer  ]      message_handler.h:75    | < [textDocument/didClose] (finish)  (0 ms)
( 181.781s) [languageServer  ]       queue_manager.cc:195   | Run finishied message method 'textDocument/didClose'
( 181.783s) [languageServer  ]       queue_manager.cc:187   | Handler found for message method 'textDocument/didClose'
( 181.783s) [languageServer  ]      message_handler.h:70    | > [textDocument/didClose] (start) 
( 181.783s) [languageServer  ]     workspace_file.cpp:302   | > [WorkspaceFile] (start) 08_GRPLUS/MGROA044.PRW (Not Open/Not Temp)
( 181.783s) [languageServer  ]     workspace_file.cpp:428   | < [WorkspaceFile] (finish) d:/totvs 12/microsiga/protheus/projetovscode/08_GRPLUS/MGROA044.PRW (0 ms)
( 181.783s) [languageServer  ]      message_handler.h:75    | < [textDocument/didClose] (finish)  (0 ms)
( 181.783s) [languageServer  ]       queue_manager.cc:195   | Run finishied message method 'textDocument/didClose'
( 181.791s) [languageServer  ]       queue_manager.cc:187   | Handler found for message method 'textDocument/didClose'
( 181.791s) [languageServer  ]      message_handler.h:70    | > [textDocument/didClose] (start) 
( 181.791s) [languageServer  ]     workspace_file.cpp:302   | > [WorkspaceFile] (start) 08_GRPLUS/MCONTROFIO.PRW (Not Open/Not Temp)
( 181.791s) [languageServer  ]     workspace_file.cpp:428   | < [WorkspaceFile] (finish) d:/totvs 12/microsiga/protheus/projetovscode/08_GRPLUS/MCONTROFIO.PRW (0 ms)
( 181.791s) [languageServer  ]      message_handler.h:75    | < [textDocument/didClose] (finish)  (0 ms)
( 181.791s) [languageServer  ]       queue_manager.cc:195   | Run finishied message method 'textDocument/didClose'
( 181.795s) [languageServer  ]       queue_manager.cc:187   | Handler found for message method 'textDocument/didClose'
( 181.795s) [languageServer  ]      message_handler.h:70    | > [textDocument/didClose] (start) 
( 181.795s) [languageServer  ]     workspace_file.cpp:302   | > [WorkspaceFile] (start) 08_GRPLUS/MCONLANMED.PRW (Not Open/Not Temp)
( 181.795s) [languageServer  ]     workspace_file.cpp:428   | < [WorkspaceFile] (finish) d:/totvs 12/microsiga/protheus/projetovscode/08_GRPLUS/MCONLANMED.PRW (0 ms)
( 181.795s) [languageServer  ]      message_handler.h:75    | < [textDocument/didClose] (finish)  (0 ms)
( 181.795s) [languageServer  ]       queue_manager.cc:195   | Run finishied message method 'textDocument/didClose'
( 181.796s) [languageServer  ]       queue_manager.cc:187   | Handler found for message method 'textDocument/didClose'
( 181.796s) [languageServer  ]      message_handler.h:70    | > [textDocument/didClose] (start) 
( 181.796s) [languageServer  ]     workspace_file.cpp:302   | > [WorkspaceFile] (start) 08_GRPLUS/MAUTPESO.PRW (Not Open/Not Temp)
( 181.796s) [languageServer  ]     workspace_file.cpp:428   | < [WorkspaceFile] (finish) d:/totvs 12/microsiga/protheus/projetovscode/08_GRPLUS/MAUTPESO.PRW (0 ms)
( 181.797s) [languageServer  ]      message_handler.h:75    | < [textDocument/didClose] (finish)  (0 ms)
( 181.797s) [languageServer  ]       queue_manager.cc:195   | Run finishied message method 'textDocument/didClose'
( 181.800s) [languageServer  ]       queue_manager.cc:187   | Handler found for message method 'textDocument/didClose'
( 181.800s) [languageServer  ]      message_handler.h:70    | > [textDocument/didClose] (start) 
( 181.800s) [languageServer  ]     workspace_file.cpp:302   | > [WorkspaceFile] (start) 03_CONEXÃONFE/GMT103FIM.PRW (Not Open/Not Temp)
( 181.801s) [languageServer  ]     workspace_file.cpp:428   | < [WorkspaceFile] (finish) d:/totvs 12/microsiga/protheus/projetovscode/03_CONEXÃONFE/GMT103FIM.PRW (0 ms)
( 181.801s) [languageServer  ]      message_handler.h:75    | < [textDocument/didClose] (finish)  (0 ms)
( 181.801s) [languageServer  ]       queue_manager.cc:195   | Run finishied message method 'textDocument/didClose'
( 239.206s) [languageServer  ]       queue_manager.cc:187   | Handler found for message method 'textDocument/hover'
( 239.206s) [languageServer  ]      message_handler.h:70    | > [textDocument/hover] (start) 
( 239.206s) [languageServer  ]      message_handler.h:75    | < [textDocument/hover] (finish)  (0 ms)
( 239.206s) [languageServer  ]       queue_manager.cc:195   | Run finishied message method 'textDocument/hover'
( 254.384s) [languageServer  ]       queue_manager.cc:187   | Handler found for message method 'textDocument/didClose'
( 254.384s) [languageServer  ]      message_handler.h:70    | > [textDocument/didClose] (start) 
( 254.384s) [languageServer  ]     workspace_file.cpp:302   | > [WorkspaceFile] (start) 02_compras/mxdtval.prw (Not Open/Not Temp)
( 254.384s) [languageServer  ]     workspace_file.cpp:428   | < [WorkspaceFile] (finish) d:/totvs 12/microsiga/protheus/projetovscode/02_compras/mxdtval.prw (0 ms)
( 254.385s) [languageServer  ]      message_handler.h:75    | < [textDocument/didClose] (finish)  (0 ms)
( 254.385s) [languageServer  ]       queue_manager.cc:195   | Run finishied message method 'textDocument/didClose'
( 273.246s) [languageServer  ]       queue_manager.cc:187   | Handler found for message method '$/setTrace'
( 273.246s) [languageServer  ]   msg_lsp_set_trace.cc:25    | SetTrace notification received for off
( 273.246s) [languageServer  ]       queue_manager.cc:195   | Run finishied message method '$/setTrace'
( 311.468s) [languageServer  ]       queue_manager.cc:187   | Handler found for message method '$/setTrace'
( 311.468s) [languageServer  ]   msg_lsp_set_trace.cc:25    | SetTrace notification received for off
( 311.468s) [languageServer  ]       queue_manager.cc:195   | Run finishied message method '$/setTrace'
( 321.518s) [languageServer  ]       queue_manager.cc:187   | Handler found for message method '$totvsserver/reconnect'
( 321.518s) [languageServer  ]      message_handler.h:70    | > [$totvsserver/reconnect] (start) 
( 321.518s) [languageServer  ]msg_totvsserver_reconne:55    | Reconnecting server with connectionToken: djM6NjFxOWMxbzU3ZGFsNG1uYTZramNldjRqdHE3ZGdwOjE6MTkyLjE2OC4xLjEwMzoxMjM2OjA6Ny4wMC4yMTAzMjRQOjM=:djE6Q09NUElMQV9ROkFkbWluOmVpT0tOSHJKa09PemVJQWcvU2JsUDlQUjlzbkxFNWcxMTBObTlaZk5GWUk9|djI6MTcyNTU2NDUwOTowOjE6MQ==.Mh1YEsXwhHN8HgCmFIU0LlwpwHYvB33Y+6fWV+v6+k/cs3vig0pFNVSNpDP70owCXcA+NsKMhXqsZyo5z1+Et18ZKb2F9HPyou9t6G2p66Kl/5fiHWZ7RWqof6cV40oOvvpzypX42iZAspTplY9jo3B1CHv/4nIxsO2J2v/NMi0PKsS0yEWpbhAwW4cr1NNCA1GOgAVG9t660IMTYtGFpDLY0rv1eBCVgd10bqR/yFfti68gFoS9+2wFxzVLDjDSFlta5EpqD+XKwSBJcyNOuWSJHRWHbPW6D2Pnr9L55Xe9IcUb0aoL7XzB8EfcEeK8hZiP6O9OuhP5zmQIrQdp3g==
( 321.518s) [languageServer  ]  connection_manager.cc:516   | Starting reconnection to the server 'DEV_COMPILA'
( 321.518s) [languageServer  ]  connection_manager.cc:517   | djM6NjFxOWMxbzU3ZGFsNG1uYTZramNldjRqdHE3ZGdwOjE6MTkyLjE2OC4xLjEwMzoxMjM2OjA6Ny4wMC4yMTAzMjRQOjM=:djE6Q09NUElMQV9ROkFkbWluOmVpT0tOSHJKa09PemVJQWcvU2JsUDlQUjlzbkxFNWcxMTBObTlaZk5GWUk9|djI6MTcyNTU2NDUwOTowOjE6MQ==.Mh1YEsXwhHN8HgCmFIU0LlwpwHYvB33Y+6fWV+v6+k/cs3vig0pFNVSNpDP70owCXcA+NsKMhXqsZyo5z1+Et18ZKb2F9HPyou9t6G2p66Kl/5fiHWZ7RWqof6cV40oOvvpzypX42iZAspTplY9jo3B1CHv/4nIxsO2J2v/NMi0PKsS0yEWpbhAwW4cr1NNCA1GOgAVG9t660IMTYtGFpDLY0rv1eBCVgd10bqR/yFfti68gFoS9+2wFxzVLDjDSFlta5EpqD+XKwSBJcyNOuWSJHRWHbPW6D2Pnr9L55Xe9IcUb0aoL7XzB8EfcEeK8hZiP6O9OuhP5zmQIrQdp3g==
( 321.518s) [languageServer  ]    security_manager.cc:326   | authentic TRUE
( 321.518s) [languageServer  ]    security_manager.cc:509   | done eiOKNHrJkOOzeIAg/SblP9PR9snLE5g110Nm9ZfNFYI=
( 321.518s) [languageServer  ]    security_manager.cc:519   | done password symmDecrypt (12)
( 321.518s) [languageServer  ]  connection_manager.cc:4793  | ConnectionManager::newConnection: 192.168.1.103:1236 (20210324103317) [1] {3}
( 321.519s) [languageServer  ]  connection_manager.cc:4797  | connected status: 0
( 321.630s) [languageServer  ]  connection_manager.cc:4800  | connected status: 2
( 321.631s) [languageServer  ]  connection_manager.cc:4809  | MS_GETSERVERVERSION OK
( 321.631s) [languageServer  ]  connection_manager.cc:4826  | Build Version: 20.3.2.12
( 321.631s) [languageServer  ]  connection_manager.cc:4833  | MS_DBGGETBUILD OK
( 321.631s) [languageServer  ]  connection_manager.cc:4844  | build: 7.00.210324P
( 321.631s) [languageServer  ]  connection_manager.cc:4853  | creating secureContext
( 321.631s) [languageServer  ]  connection_manager.cc:4855  | secureContext initialize
( 321.631s) [languageServer  ]  connection_manager.cc:4858  | asymmetric generateKeys
( 321.631s) [languageServer  ]  connection_manager.cc:4860  | secureContext initialized
( 323.735s) [languageServer  ]  connection_manager.cc:5182  | MS_DBGPSWADM_SEC OK
( 323.735s) [languageServer  ]  connection_manager.cc:5034  | checkAuthenticationError userCode: 0
( 323.735s) [languageServer  ]  connection_manager.cc:5186  | User authenticated successfully.
( 323.744s) [languageServer  ]               timer.cc:42    | [perf] ConnectionManager dbgGetServerType exec took 0.536 ms
( 323.744s) [languageServer  ]  connection_manager.cc:5276  | MS_DBGGETSERVERTYPE OK => TOTVSTEC
( 323.744s) [languageServer  ]    security_manager.cc:530   | encodedExtraInfo: djI6MTcyNjU5NjY2ODowOjE6MQ==
( 323.750s) [languageServer  ]    security_manager.cc:278   | signature Gmr/S6oMfol8USrKLkNkFOs9FMc+U/m1qLeivTcrrK451ntlYEyHk1jr4fr6tZxr5l+kIhXthqZpKZSFsCHTzTXuNcutPwyhJ7JCevnrKkxb7pZt2RrMmvpJ81ZFXwkDrKzVOy12yvy9yWmBuxJgzJKFbyYNJuzFcSb9BxDecvDqswrQIJjMqB3ageBysn3T+t6hju5Rs66INcqU3pxw7dtUDbfr1QXqou3oEv4HAgQbRxeCpYHQv2xO9+XwzUYrISS6JVMuwSbCsGsekZBY7QZpcd66SGpzBrySADGG111M6tuYuEZkz1C3DKwCxQjjSx3Ml7BwQ//Ax6tHT5L+Jg==
( 323.750s) [languageServer  ]  connection_manager.cc:588   | Reconnection to the server 'DEV_COMPILA' finished.
( 323.750s) [languageServer  ]  connection_manager.cc:589   | djM6NjFxOWMxbzU3ZGFsNG1uYTZramNldjRqdHE3ZGdwOjE6MTkyLjE2OC4xLjEwMzoxMjM2OjA6Ny4wMC4yMTAzMjRQOjM=:djE6Q09NUElMQV9ROkFkbWluOmVpT0tOSHJKa09PemVJQWcvU2JsUDlQUjlzbkxFNWcxMTBObTlaZk5GWUk9|djI6MTcyNjU5NjY2ODowOjE6MQ==.Gmr/S6oMfol8USrKLkNkFOs9FMc+U/m1qLeivTcrrK451ntlYEyHk1jr4fr6tZxr5l+kIhXthqZpKZSFsCHTzTXuNcutPwyhJ7JCevnrKkxb7pZt2RrMmvpJ81ZFXwkDrKzVOy12yvy9yWmBuxJgzJKFbyYNJuzFcSb9BxDecvDqswrQIJjMqB3ageBysn3T+t6hju5Rs66INcqU3pxw7dtUDbfr1QXqou3oEv4HAgQbRxeCpYHQv2xO9+XwzUYrISS6JVMuwSbCsGsekZBY7QZpcd66SGpzBrySADGG111M6tuYuEZkz1C3DKwCxQjjSx3Ml7BwQ//Ax6tHT5L+Jg==
( 323.750s) [languageServer  ]               timer.cc:42    | [perf] ConnectionManager Reconnect server for connectionToken: djM6NjFxOWMxbzU3ZGFsNG1uYTZramNldjRqdHE3ZGdwOjE6MTkyLjE2OC4xLjEwMzoxMjM2OjA6Ny4wMC4yMTAzMjRQOjM=:djE6Q09NUElMQV9ROkFkbWluOmVpT0tOSHJKa09PemVJQWcvU2JsUDlQUjlzbkxFNWcxMTBObTlaZk5GWUk9|djI6MTcyNjU5NjY2ODowOjE6MQ==.Gmr/S6oMfol8USrKLkNkFOs9FMc+U/m1qLeivTcrrK451ntlYEyHk1jr4fr6tZxr5l+kIhXthqZpKZSFsCHTzTXuNcutPwyhJ7JCevnrKkxb7pZt2RrMmvpJ81ZFXwkDrKzVOy12yvy9yWmBuxJgzJKFbyYNJuzFcSb9BxDecvDqswrQIJjMqB3ageBysn3T+t6hju5Rs66INcqU3pxw7dtUDbfr1QXqou3oEv4HAgQbRxeCpYHQv2xO9+XwzUYrISS6JVMuwSbCsGsekZBY7QZpcd66SGpzBrySADGG111M6tuYuEZkz1C3DKwCxQjjSx3Ml7BwQ//Ax6tHT5L+Jg== took 2232.2230001 ms
( 323.750s) [languageServer  ]      message_handler.h:75    | < [$totvsserver/reconnect] (finish)  (223 ms)
( 323.750s) [languageServer  ]       queue_manager.cc:195   | Run finishied message method '$totvsserver/reconnect'
( 323.787s) [languageServer  ]       queue_manager.cc:187   | Handler found for message method '$totvsserver/serverInformations'
( 323.787s) [languageServer  ]      message_handler.h:70    | > [$totvsserver/serverInformations] (start) 
( 323.787s) [languageServer  ]msg_totvsserver_server_:48    | Get server informations of: djM6NjFxOWMxbzU3ZGFsNG1uYTZramNldjRqdHE3ZGdwOjE6MTkyLjE2OC4xLjEwMzoxMjM2OjA6Ny4wMC4yMTAzMjRQOjM=:djE6Q09NUElMQV9ROkFkbWluOmVpT0tOSHJKa09PemVJQWcvU2JsUDlQUjlzbkxFNWcxMTBObTlaZk5GWUk9|djI6MTcyNjU5NjY2ODowOjE6MQ==.Gmr/S6oMfol8USrKLkNkFOs9FMc+U/m1qLeivTcrrK451ntlYEyHk1jr4fr6tZxr5l+kIhXthqZpKZSFsCHTzTXuNcutPwyhJ7JCevnrKkxb7pZt2RrMmvpJ81ZFXwkDrKzVOy12yvy9yWmBuxJgzJKFbyYNJuzFcSb9BxDecvDqswrQIJjMqB3ageBysn3T+t6hju5Rs66INcqU3pxw7dtUDbfr1QXqou3oEv4HAgQbRxeCpYHQv2xO9+XwzUYrISS6JVMuwSbCsGsekZBY7QZpcd66SGpzBrySADGG111M6tuYuEZkz1C3DKwCxQjjSx3Ml7BwQ//Ax6tHT5L+Jg==
( 323.787s) [languageServer  ]  connection_manager.cc:5296  | Searching for connection token: djM6NjFxOWMxbzU3ZGFsNG1uYTZramNldjRqdHE3ZGdwOjE6MTkyLjE2OC4xLjEwMzoxMjM2OjA6Ny4wMC4yMTAzMjRQOjM=:djE6Q09NUElMQV9ROkFkbWluOmVpT0tOSHJKa09PemVJQWcvU2JsUDlQUjlzbkxFNWcxMTBObTlaZk5GWUk9|djI6MTcyNjU5NjY2ODowOjE6MQ==.Gmr/S6oMfol8USrKLkNkFOs9FMc+U/m1qLeivTcrrK451ntlYEyHk1jr4fr6tZxr5l+kIhXthqZpKZSFsCHTzTXuNcutPwyhJ7JCevnrKkxb7pZt2RrMmvpJ81ZFXwkDrKzVOy12yvy9yWmBuxJgzJKFbyYNJuzFcSb9BxDecvDqswrQIJjMqB3ageBysn3T+t6hju5Rs66INcqU3pxw7dtUDbfr1QXqou3oEv4HAgQbRxeCpYHQv2xO9+XwzUYrISS6JVMuwSbCsGsekZBY7QZpcd66SGpzBrySADGG111M6tuYuEZkz1C3DKwCxQjjSx3Ml7BwQ//Ax6tHT5L+Jg==
( 323.787s) [languageServer  ]  connection_manager.cc:5301  | Connections thread size: 2
( 323.787s) [languageServer  ]  connection_manager.cc:5311  | connection pointer address 000001CF4E4BA010
( 323.787s) [languageServer  ]  connection_manager.cc:7427  | retrievedConnectionThread status 2
( 323.787s) [languageServer  ]               timer.cc:42    | [perf] ConnectionManager GetServerInformations => serverInformations.size: [] took 0.113 ms
( 323.787s) [languageServer  ]      message_handler.h:75    | < [$totvsserver/serverInformations] (finish)  (0 ms)
( 323.787s) [languageServer  ]       queue_manager.cc:195   | Run finishied message method '$totvsserver/serverInformations'
