Content-Length: 108

{"jsonrpc":"2.0","method":"window/logMessage","params":{"type":3,"message":"Initializing Language Server."}}

Content-Length: 6250

{"jsonrpc":"2.0","id":0,"result":{"capabilities":{"textDocumentSync":{"openClose":true,"change":1},"hoverProvider":true,"signatureHelpProvider":{"workDoneProgress":false,"triggerCharacters":["("],"retriggerCharacters":[","]},"definitionProvider":{"workDoneProgress":false},"referencesProvider":true,"documentSymbolProvider":{"workDoneProgress":false},"workspaceSymbolProvider":{"workDoneProgress":false,"resolveProvider":true},"codeLensProvider":{"workDoneProgress":false,"resolveProvider":true},"documentLinkProvider":{"workDoneProgress":false,"resolveProvider":true},"workspace":{"workspaceFolders":{"supported":true,"changeNotifications":"{38551ff3-add5-4219-ad6b-f07c29beabc3}"},"fileOperations":{"didCreate":{"filters":[{"scheme":"file","pattern":{"glob":"**/*.prw","matches":"file","options":{"ignoreCase":true}}},{"scheme":"file","pattern":{"glob":"**/*.prg","matches":"file","options":{"ignoreCase":true}}},{"scheme":"file","pattern":{"glob":"**/*.prx","matches":"file","options":{"ignoreCase":true}}},{"scheme":"file","pattern":{"glob":"**/*.ppx","matches":"file","options":{"ignoreCase":true}}},{"scheme":"file","pattern":{"glob":"**/*.ppp","matches":"file","options":{"ignoreCase":true}}},{"scheme":"file","pattern":{"glob":"**/*.tlpp","matches":"file","options":{"ignoreCase":true}}},{"scheme":"file","pattern":{"glob":"**/*.aph","matches":"file","options":{"ignoreCase":true}}},{"scheme":"file","pattern":{"glob":"**/*.ahu","matches":"file","options":{"ignoreCase":true}}},{"scheme":"file","pattern":{"glob":"**/*.apl","matches":"file","options":{"ignoreCase":true}}},{"scheme":"file","pattern":{"glob":"**/*.apw","matches":"file","options":{"ignoreCase":true}}},{"scheme":"file","pattern":{"glob":"**/*.per","matches":"file","options":{"ignoreCase":true}}},{"scheme":"file","pattern":{"glob":"**/*.4gl","matches":"file","options":{"ignoreCase":true}}},{"scheme":"file","pattern":{"glob":"**","matches":"folder","options":{"ignoreCase":true}}}]},"didRename":{"filters":[{"scheme":"file","pattern":{"glob":"**/*.prw","matches":"file","options":{"ignoreCase":true}}},{"scheme":"file","pattern":{"glob":"**/*.prg","matches":"file","options":{"ignoreCase":true}}},{"scheme":"file","pattern":{"glob":"**/*.prx","matches":"file","options":{"ignoreCase":true}}},{"scheme":"file","pattern":{"glob":"**/*.ppx","matches":"file","options":{"ignoreCase":true}}},{"scheme":"file","pattern":{"glob":"**/*.ppp","matches":"file","options":{"ignoreCase":true}}},{"scheme":"file","pattern":{"glob":"**/*.tlpp","matches":"file","options":{"ignoreCase":true}}},{"scheme":"file","pattern":{"glob":"**/*.aph","matches":"file","options":{"ignoreCase":true}}},{"scheme":"file","pattern":{"glob":"**/*.ahu","matches":"file","options":{"ignoreCase":true}}},{"scheme":"file","pattern":{"glob":"**/*.apl","matches":"file","options":{"ignoreCase":true}}},{"scheme":"file","pattern":{"glob":"**/*.apw","matches":"file","options":{"ignoreCase":true}}},{"scheme":"file","pattern":{"glob":"**/*.per","matches":"file","options":{"ignoreCase":true}}},{"scheme":"file","pattern":{"glob":"**/*.4gl","matches":"file","options":{"ignoreCase":true}}},{"scheme":"file","pattern":{"glob":"**","matches":"folder","options":{"ignoreCase":true}}}]},"willRename":{"filters":[{"scheme":"file","pattern":{"glob":"**/*.prw","matches":"file","options":{"ignoreCase":true}}},{"scheme":"file","pattern":{"glob":"**/*.prg","matches":"file","options":{"ignoreCase":true}}},{"scheme":"file","pattern":{"glob":"**/*.prx","matches":"file","options":{"ignoreCase":true}}},{"scheme":"file","pattern":{"glob":"**/*.ppx","matches":"file","options":{"ignoreCase":true}}},{"scheme":"file","pattern":{"glob":"**/*.ppp","matches":"file","options":{"ignoreCase":true}}},{"scheme":"file","pattern":{"glob":"**/*.tlpp","matches":"file","options":{"ignoreCase":true}}},{"scheme":"file","pattern":{"glob":"**/*.aph","matches":"file","options":{"ignoreCase":true}}},{"scheme":"file","pattern":{"glob":"**/*.ahu","matches":"file","options":{"ignoreCase":true}}},{"scheme":"file","pattern":{"glob":"**/*.apl","matches":"file","options":{"ignoreCase":true}}},{"scheme":"file","pattern":{"glob":"**/*.apw","matches":"file","options":{"ignoreCase":true}}},{"scheme":"file","pattern":{"glob":"**/*.per","matches":"file","options":{"ignoreCase":true}}},{"scheme":"file","pattern":{"glob":"**/*.4gl","matches":"file","options":{"ignoreCase":true}}},{"scheme":"file","pattern":{"glob":"**","matches":"folder","options":{"ignoreCase":true}}}]},"willDelete":{"filters":[{"scheme":"file","pattern":{"glob":"**/*.prw","matches":"file","options":{"ignoreCase":true}}},{"scheme":"file","pattern":{"glob":"**/*.prg","matches":"file","options":{"ignoreCase":true}}},{"scheme":"file","pattern":{"glob":"**/*.prx","matches":"file","options":{"ignoreCase":true}}},{"scheme":"file","pattern":{"glob":"**/*.ppx","matches":"file","options":{"ignoreCase":true}}},{"scheme":"file","pattern":{"glob":"**/*.ppp","matches":"file","options":{"ignoreCase":true}}},{"scheme":"file","pattern":{"glob":"**/*.tlpp","matches":"file","options":{"ignoreCase":true}}},{"scheme":"file","pattern":{"glob":"**/*.aph","matches":"file","options":{"ignoreCase":true}}},{"scheme":"file","pattern":{"glob":"**/*.ahu","matches":"file","options":{"ignoreCase":true}}},{"scheme":"file","pattern":{"glob":"**/*.apl","matches":"file","options":{"ignoreCase":true}}},{"scheme":"file","pattern":{"glob":"**/*.apw","matches":"file","options":{"ignoreCase":true}}},{"scheme":"file","pattern":{"glob":"**/*.per","matches":"file","options":{"ignoreCase":true}}},{"scheme":"file","pattern":{"glob":"**/*.4gl","matches":"file","options":{"ignoreCase":true}}},{"scheme":"file","pattern":{"glob":"**","matches":"folder","options":{"ignoreCase":true}}}]}}},"semanticTokensProvider":{"legend":{"tokenTypes":["invalid","file","module","namespace","package","class","method","property","field","constructor","enum","interface","function","variable","constant","string","number","boolean","array","object","keyword","null","enumMember","struct","event","operator","typeParameter"],"tokenModifiers":["declaration","implementarion","documentation","reference","static","deprecated"]},"range":false,"full":true}},"serverInfo":{"name":"totvsls","version":"2.0 (Rev.: ~18,-1)"}}}

Content-Length: 107

{"jsonrpc":"2.0","method":"window/logMessage","params":{"type":3,"message":"Language Server initialized."}}

Content-Length: 119

{"jsonrpc":"2.0","method":"window/logMessage","params":{"type":3,"message":"Developer Support Subsystem initialized."}}

Content-Length: 126

{"jsonrpc":"2.0","method":"window/workDoneProgress/create","id":1,"params":{"token":"{2dbe2f15-5ff5-4ce2-ac32-856eebaae1a9}"}}

Content-Length: 173

{"jsonrpc":"2.0","method":"textDocument/publishDiagnostics","params":{"uri":"file:///d%3A/totvs%2012/microsiga/protheus/projetovscode/10_lib/relinweb.prw","diagnostics":[]}}

Content-Length: 128

{"jsonrpc":"2.0","method":"window/logMessage","params":{"type":3,"message":"Starting reconnection to the server 'DEV_COMPILA'"}}

Content-Length: 103

{"jsonrpc":"2.0","method":"window/logMessage","params":{"type":3,"message":"Secure authenticating..."}}

Content-Length: 186

{"jsonrpc":"2.0","method":"textDocument/publishDiagnostics","params":{"uri":"file:///d%3A/totvs%2012/microsiga/protheus/projetovscode/.vscode/.advpl/_binary_class.prw","diagnostics":[]}}

Content-Length: 190

{"jsonrpc":"2.0","method":"textDocument/publishDiagnostics","params":{"uri":"file:///d%3A/totvs%2012/microsiga/protheus/projetovscode/.vscode/.advpl/_binary_functions.prw","diagnostics":[]}}

Content-Length: 148

{"jsonrpc":"2.0","method":"$totvsserver/notification","params":{"code":"dss:finish:index","message":"d:/totvs 12/microsiga/protheus/projetovscode"}}

Content-Length: 111

{"jsonrpc":"2.0","method":"window/logMessage","params":{"type":3,"message":"User authenticated successfully."}}

Content-Length: 129

{"jsonrpc":"2.0","method":"window/logMessage","params":{"type":3,"message":"Reconnection to the server 'DEV_COMPILA' finished."}}

Content-Length: 652

{"jsonrpc":"2.0","id":1,"result":{"connectionToken":"djM6NjFxOWMxbzU3ZGFsNG1uYTZramNldjRqdHE3ZGdwOjE6MTkyLjE2OC4xLjEwMzoxMjM2OjA6Ny4wMC4yMTAzMjRQOjM=:djE6Q09NUElMQV9ROkFkbWluOmVpT0tOSHJKa09PemVJQWcvU2JsUDlQUjlzbkxFNWcxMTBObTlaZk5GWUk9|djI6MTczMjA0NDY0NTowOjE6MQ==.Qu2RnLDVY7PQ+13gAlzchqY1yU/6VmkH7PIunVq7LgbacaY5UccIPrjN4vpro0U6zj+SNLpmNvFZZHPjjq2s6yOZv+NoFK1cZ46xZ3Cevao8bur1hxQP25Ej0Q2cPDuVJz++DDNYlv58hjdomoC1nVbo9MLmwmGGeQHd3Ii7BnikdVbRmXJqhbc6MvoljzF683h9lhspMknrlFALRYaYxEItM1L+XZyI7SqQcJY/T2hwtY3m9qPuFwBu/wJcfgFu6i2X2vguoGtWdxypJZx22p85f29Sd8OWAWZxfcLGeTP4sTw9zVz3FNQuwuzSjkDnBf3OGDbScn0ZRWHEq8SGWg==","environment":"COMPILA_Q","user":"Admin"}}

Content-Length: 189

{"jsonrpc":"2.0","method":"textDocument/publishDiagnostics","params":{"uri":"file:///d%3A/totvs%2012/microsiga/protheus/projetovscode/13_GESTAO_DE_PROJETOS/CTA100MNU.PRW","diagnostics":[]}}

Content-Length: 179

{"jsonrpc":"2.0","method":"textDocument/publishDiagnostics","params":{"uri":"file:///d%3A/totvs%2012/microsiga/protheus/projetovscode/00_REMOVER/GR_MA330D2.prw","diagnostics":[]}}

Content-Length: 179

{"jsonrpc":"2.0","method":"textDocument/publishDiagnostics","params":{"uri":"file:///d%3A/totvs%2012/microsiga/protheus/projetovscode/00_REMOVER/GR_MA330D3.prw","diagnostics":[]}}

Content-Length: 179

{"jsonrpc":"2.0","method":"textDocument/publishDiagnostics","params":{"uri":"file:///d%3A/totvs%2012/microsiga/protheus/projetovscode/00_REMOVER/GR_MA330C3.prw","diagnostics":[]}}

Content-Length: 179

{"jsonrpc":"2.0","method":"textDocument/publishDiagnostics","params":{"uri":"file:///d%3A/totvs%2012/microsiga/protheus/projetovscode/00_REMOVER/GR_MA330D1.prw","diagnostics":[]}}

Content-Length: 180

{"jsonrpc":"2.0","method":"textDocument/publishDiagnostics","params":{"uri":"file:///d%3A/totvs%2012/microsiga/protheus/projetovscode/00_REMOVER/GR_MA2802FI.prw","diagnostics":[]}}

Content-Length: 180

{"jsonrpc":"2.0","method":"textDocument/publishDiagnostics","params":{"uri":"file:///d%3A/totvs%2012/microsiga/protheus/projetovscode/00_REMOVER/GR_MA330TRB.prw","diagnostics":[]}}

Content-Length: 403

{"jsonrpc":"2.0","method":"textDocument/publishDiagnostics","params":{"uri":"file:///d%3A/totvs%2012/microsiga/protheus/projetovscode/00_REMOVER/_TOTVSES.PRW","diagnostics":[{"range":{"start":{"line":3,"character":0},"end":{"line":4,"character":0}},"code":0,"severity":2,"source":"Linter","message":"W0019 Statement unbalanced function in U_TOTVSES. This warning will be an error in future version."}]}}

Content-Length: 185

{"jsonrpc":"2.0","method":"textDocument/publishDiagnostics","params":{"uri":"file:///d%3A/totvs%2012/microsiga/protheus/projetovscode/03_CONEX%C3%83ONFE/MT140TOK.prw","diagnostics":[]}}

Content-Length: 185

{"jsonrpc":"2.0","method":"textDocument/publishDiagnostics","params":{"uri":"file:///d%3A/totvs%2012/microsiga/protheus/projetovscode/03_CONEX%C3%83ONFE/MT140LOK.prw","diagnostics":[]}}

Content-Length: 185

{"jsonrpc":"2.0","method":"textDocument/publishDiagnostics","params":{"uri":"file:///d%3A/totvs%2012/microsiga/protheus/projetovscode/03_CONEX%C3%83ONFE/MT116GRV.PRW","diagnostics":[]}}

Content-Length: 185

{"jsonrpc":"2.0","method":"textDocument/publishDiagnostics","params":{"uri":"file:///d%3A/totvs%2012/microsiga/protheus/projetovscode/03_CONEX%C3%83ONFE/MT116AGR.prw","diagnostics":[]}}

Content-Length: 185

{"jsonrpc":"2.0","method":"textDocument/publishDiagnostics","params":{"uri":"file:///d%3A/totvs%2012/microsiga/protheus/projetovscode/03_CONEX%C3%83ONFE/MT103IP2.prw","diagnostics":[]}}

Content-Length: 185

{"jsonrpc":"2.0","method":"textDocument/publishDiagnostics","params":{"uri":"file:///d%3A/totvs%2012/microsiga/protheus/projetovscode/03_CONEX%C3%83ONFE/MT103CPS.PRW","diagnostics":[]}}

Content-Length: 196

{"jsonrpc":"2.0","method":"textDocument/publishDiagnostics","params":{"uri":"file:///d%3A/totvs%2012/microsiga/protheus/projetovscode/06_FATURAMENTO_NOVO_COMERCIAL/MA410Leg.prw","diagnostics":[]}}

Content-Length: 183

{"jsonrpc":"2.0","method":"textDocument/publishDiagnostics","params":{"uri":"file:///d%3A/totvs%2012/microsiga/protheus/projetovscode/08_GRPLUS/proformaInvoice.prx","diagnostics":[]}}

Content-Length: 176

{"jsonrpc":"2.0","method":"textDocument/publishDiagnostics","params":{"uri":"file:///d%3A/totvs%2012/microsiga/protheus/projetovscode/08_GRPLUS/MDIAUTIL.PRW","diagnostics":[]}}

Content-Length: 181

{"jsonrpc":"2.0","method":"textDocument/publishDiagnostics","params":{"uri":"file:///d%3A/totvs%2012/microsiga/protheus/projetovscode/07_FINANCEIRO/AXSEGURAR.PRW","diagnostics":[]}}

Content-Length: 181

{"jsonrpc":"2.0","method":"textDocument/publishDiagnostics","params":{"uri":"file:///d%3A/totvs%2012/microsiga/protheus/projetovscode/07_FINANCEIRO/AXLIMITGR.PRW","diagnostics":[]}}

Content-Length: 182

{"jsonrpc":"2.0","method":"textDocument/publishDiagnostics","params":{"uri":"file:///d%3A/totvs%2012/microsiga/protheus/projetovscode/07_FINANCEIRO/AXCLILIMIT.PRW","diagnostics":[]}}

Content-Length: 180

{"jsonrpc":"2.0","method":"textDocument/publishDiagnostics","params":{"uri":"file:///d%3A/totvs%2012/microsiga/protheus/projetovscode/07_FINANCEIRO/AxCadZGR.prw","diagnostics":[]}}

Content-Length: 176

{"jsonrpc":"2.0","method":"textDocument/publishDiagnostics","params":{"uri":"file:///d%3A/totvs%2012/microsiga/protheus/projetovscode/08_GRPLUS/GR058SQL.PRW","diagnostics":[]}}

Content-Length: 180

{"jsonrpc":"2.0","method":"textDocument/publishDiagnostics","params":{"uri":"file:///d%3A/totvs%2012/microsiga/protheus/projetovscode/07_FINANCEIRO/AxCadZGN.PRW","diagnostics":[]}}

Content-Length: 176

{"jsonrpc":"2.0","method":"textDocument/publishDiagnostics","params":{"uri":"file:///d%3A/totvs%2012/microsiga/protheus/projetovscode/08_GRPLUS/GMOVPOSP.prw","diagnostics":[]}}

Content-Length: 180

{"jsonrpc":"2.0","method":"textDocument/publishDiagnostics","params":{"uri":"file:///d%3A/totvs%2012/microsiga/protheus/projetovscode/06_FATURAMENTO/CADPAIS.PRW","diagnostics":[]}}

Content-Length: 184

{"jsonrpc":"2.0","method":"textDocument/publishDiagnostics","params":{"uri":"file:///d%3A/totvs%2012/microsiga/protheus/projetovscode/01_SOMENTE_ITINGA/MT140LOK.prw","diagnostics":[]}}

Content-Length: 175

{"jsonrpc":"2.0","method":"textDocument/publishDiagnostics","params":{"uri":"file:///d%3A/totvs%2012/microsiga/protheus/projetovscode/02_COMPRAS/NFORZ2.prw","diagnostics":[]}}

Content-Length: 175

{"jsonrpc":"2.0","method":"textDocument/publishDiagnostics","params":{"uri":"file:///d%3A/totvs%2012/microsiga/protheus/projetovscode/02_COMPRAS/NFORE2.prw","diagnostics":[]}}

Content-Length: 175

{"jsonrpc":"2.0","method":"textDocument/publishDiagnostics","params":{"uri":"file:///d%3A/totvs%2012/microsiga/protheus/projetovscode/02_COMPRAS/NFORC7.prw","diagnostics":[]}}

Content-Length: 180

{"jsonrpc":"2.0","method":"textDocument/publishDiagnostics","params":{"uri":"file:///d%3A/totvs%2012/microsiga/protheus/projetovscode/02_COMPRAS/MT094CPC%20.prw","diagnostics":[]}}

Content-Length: 173

{"jsonrpc":"2.0","method":"textDocument/publishDiagnostics","params":{"uri":"file:///d%3A/totvs%2012/microsiga/protheus/projetovscode/11_MNT/MNTA4206.prw","diagnostics":[]}}

Content-Length: 171

{"jsonrpc":"2.0","method":"textDocument/publishDiagnostics","params":{"uri":"file:///d%3A/totvs%2012/microsiga/protheus/projetovscode/11_MNT/PLANTA.PRW","diagnostics":[]}}

Content-Length: 1034

{"jsonrpc":"2.0","method":"textDocument/publishDiagnostics","params":{"uri":"file:///d%3A/totvs%2012/microsiga/protheus/projetovscode/11_MNT/xMNTR676.prw","diagnostics":[{"range":{"start":{"line":75,"character":0},"end":{"line":76,"character":0}},"code":0,"severity":2,"source":"Linter","message":"W0003 Local variable CSTRING never used"},{"range":{"start":{"line":959,"character":0},"end":{"line":960,"character":0}},"code":0,"severity":2,"source":"Linter","message":"W0003 Local variable CDIREXETH never used"},{"range":{"start":{"line":960,"character":0},"end":{"line":961,"character":0}},"code":0,"severity":2,"source":"Linter","message":"W0003 Local variable CLOCDESC never used"},{"range":{"start":{"line":1217,"character":0},"end":{"line":1218,"character":0}},"code":0,"severity":2,"source":"Linter","message":"W0003 Local variable CSTRING never used"},{"range":{"start":{"line":1280,"character":0},"end":{"line":1281,"character":0}},"code":0,"severity":2,"source":"Linter","message":"W0003 Local variable CTRB never used"}]}}

Content-Length: 173

{"jsonrpc":"2.0","method":"textDocument/publishDiagnostics","params":{"uri":"file:///d%3A/totvs%2012/microsiga/protheus/projetovscode/11_MNT/MNTNGAPP.PRW","diagnostics":[]}}

Content-Length: 173

{"jsonrpc":"2.0","method":"textDocument/publishDiagnostics","params":{"uri":"file:///d%3A/totvs%2012/microsiga/protheus/projetovscode/11_MNT/MNTA990A.PRW","diagnostics":[]}}

Content-Length: 173

{"jsonrpc":"2.0","method":"textDocument/publishDiagnostics","params":{"uri":"file:///d%3A/totvs%2012/microsiga/protheus/projetovscode/11_MNT/MNTA420P.PRW","diagnostics":[]}}

Content-Length: 1019

{"jsonrpc":"2.0","method":"textDocument/publishDiagnostics","params":{"uri":"file:///d%3A/totvs%2012/microsiga/protheus/projetovscode/10_LIB/LIBWHATSAPP.PRW","diagnostics":[{"range":{"start":{"line":35,"character":0},"end":{"line":36,"character":0}},"code":0,"severity":2,"source":"Linter","message":"W0003 Local variable ALOGAUTO never used"},{"range":{"start":{"line":38,"character":0},"end":{"line":39,"character":0}},"code":0,"severity":2,"source":"Linter","message":"W0003 Local variable CERR never used"},{"range":{"start":{"line":42,"character":0},"end":{"line":43,"character":0}},"code":0,"severity":2,"source":"Linter","message":"W0003 Local variable CMESSAGE never used"},{"range":{"start":{"line":44,"character":0},"end":{"line":45,"character":0}},"code":0,"severity":2,"source":"Linter","message":"W0003 Local variable NAUX never used"},{"range":{"start":{"line":37,"character":0},"end":{"line":38,"character":0}},"code":0,"severity":2,"source":"Linter","message":"W0003 Local variable OJSON never used"}]}}

Content-Length: 174

{"jsonrpc":"2.0","method":"textDocument/publishDiagnostics","params":{"uri":"file:///d%3A/totvs%2012/microsiga/protheus/projetovscode/10_LIB/MArqExpoB.prw","diagnostics":[]}}

Content-Length: 180

{"jsonrpc":"2.0","method":"textDocument/publishDiagnostics","params":{"uri":"file:///d%3A/totvs%2012/microsiga/protheus/projetovscode/12_WEBSERVICE/WSCadPrd.prw","diagnostics":[]}}

Content-Length: 185

{"jsonrpc":"2.0","method":"textDocument/publishDiagnostics","params":{"uri":"file:///d%3A/totvs%2012/microsiga/protheus/projetovscode/09_LIVROS_FISCAIS/SPDFIS001.PRW","diagnostics":[]}}

Content-Length: 350

{"jsonrpc":"2.0","method":"textDocument/publishDiagnostics","params":{"uri":"file:///d%3A/totvs%2012/microsiga/protheus/projetovscode/09_LIVROS_FISCAIS/matr930a.prw","diagnostics":[{"range":{"start":{"line":16,"character":0},"end":{"line":17,"character":0}},"code":0,"severity":2,"source":"Linter","message":"W0003 Local variable CRET never used"}]}}

Content-Length: 184

{"jsonrpc":"2.0","method":"textDocument/publishDiagnostics","params":{"uri":"file:///d%3A/totvs%2012/microsiga/protheus/projetovscode/09_LIVROS_FISCAIS/MA900MNU.prw","diagnostics":[]}}

Content-Length: 524

{"jsonrpc":"2.0","method":"textDocument/publishDiagnostics","params":{"uri":"file:///d%3A/totvs%2012/microsiga/protheus/projetovscode/09_LIVROS_FISCAIS/ATUALCDL.PRW","diagnostics":[{"range":{"start":{"line":18,"character":0},"end":{"line":19,"character":0}},"code":0,"severity":2,"source":"Linter","message":"W0003 Local variable CCODEMB never used"},{"range":{"start":{"line":21,"character":0},"end":{"line":22,"character":0}},"code":0,"severity":2,"source":"Linter","message":"W0003 Local variable LCANCELA never used"}]}}

Content-Length: 178

{"jsonrpc":"2.0","method":"textDocument/publishDiagnostics","params":{"uri":"file:///d%3A/totvs%2012/microsiga/protheus/projetovscode/00_REMOVER/PARATESTE.PRW","diagnostics":[]}}

Content-Length: 171

{"jsonrpc":"2.0","method":"textDocument/publishDiagnostics","params":{"uri":"file:///d%3A/totvs%2012/microsiga/protheus/projetovscode/10_LIB/zIsMVC.prw","diagnostics":[]}}

Content-Length: 2026

{"jsonrpc":"2.0","method":"textDocument/publishDiagnostics","params":{"uri":"file:///d%3A/totvs%2012/microsiga/protheus/projetovscode/10_LIB/WSCadCli.prw","diagnostics":[{"range":{"start":{"line":49,"character":0},"end":{"line":50,"character":0}},"code":0,"severity":2,"source":"Linter","message":"W0011 Variable LRET redefined"},{"range":{"start":{"line":51,"character":0},"end":{"line":52,"character":0}},"code":0,"severity":2,"source":"Linter","message":"W0011 Variable CNUMCLI redefined"},{"range":{"start":{"line":59,"character":0},"end":{"line":60,"character":0}},"code":0,"severity":2,"source":"Linter","message":"W0003 Local variable CCIENTIFICO never used"},{"range":{"start":{"line":58,"character":0},"end":{"line":59,"character":0}},"code":0,"severity":2,"source":"Linter","message":"W0003 Local variable CDESCERRO never used"},{"range":{"start":{"line":59,"character":0},"end":{"line":60,"character":0}},"code":0,"severity":2,"source":"Linter","message":"W0003 Local variable CDESCRICAO never used"},{"range":{"start":{"line":59,"character":0},"end":{"line":60,"character":0}},"code":0,"severity":2,"source":"Linter","message":"W0003 Local variable CGRUPO never used"},{"range":{"start":{"line":59,"character":0},"end":{"line":60,"character":0}},"code":0,"severity":2,"source":"Linter","message":"W0003 Local variable CNCM never used"},{"range":{"start":{"line":59,"character":0},"end":{"line":60,"character":0}},"code":0,"severity":2,"source":"Linter","message":"W0003 Local variable COBS never used"},{"range":{"start":{"line":59,"character":0},"end":{"line":60,"character":0}},"code":0,"severity":2,"source":"Linter","message":"W0003 Local variable CORIGEM never used"},{"range":{"start":{"line":59,"character":0},"end":{"line":60,"character":0}},"code":0,"severity":2,"source":"Linter","message":"W0003 Local variable CTIPO never used"},{"range":{"start":{"line":59,"character":0},"end":{"line":60,"character":0}},"code":0,"severity":2,"source":"Linter","message":"W0003 Local variable CUNIDADE never used"}]}}

Content-Length: 174

{"jsonrpc":"2.0","method":"textDocument/publishDiagnostics","params":{"uri":"file:///d%3A/totvs%2012/microsiga/protheus/projetovscode/10_LIB/WFMobGran.prw","diagnostics":[]}}

Content-Length: 324

{"jsonrpc":"2.0","method":"textDocument/publishDiagnostics","params":{"uri":"file:///d%3A/totvs%2012/microsiga/protheus/projetovscode/10_LIB/Testasx1.prw","diagnostics":[{"range":{"start":{"line":61,"character":0},"end":{"line":62,"character":0}},"code":0,"severity":1,"source":"Linter","message":"variable is not Local"}]}}

Content-Length: 514

{"jsonrpc":"2.0","method":"textDocument/publishDiagnostics","params":{"uri":"file:///d%3A/totvs%2012/microsiga/protheus/projetovscode/10_LIB/testepdf.prw","diagnostics":[{"range":{"start":{"line":11,"character":0},"end":{"line":12,"character":0}},"code":0,"severity":2,"source":"Linter","message":"W0003 Local variable CCODEAN never used"},{"range":{"start":{"line":10,"character":0},"end":{"line":11,"character":0}},"code":0,"severity":2,"source":"Linter","message":"W0003 Local variable CCODINT25 never used"}]}}

Content-Length: 172

{"jsonrpc":"2.0","method":"textDocument/publishDiagnostics","params":{"uri":"file:///d%3A/totvs%2012/microsiga/protheus/projetovscode/10_LIB/SWWINWP.PRW","diagnostics":[]}}

Content-Length: 174

{"jsonrpc":"2.0","method":"textDocument/publishDiagnostics","params":{"uri":"file:///d%3A/totvs%2012/microsiga/protheus/projetovscode/10_LIB/SWCLASSWP.PRW","diagnostics":[]}}

Content-Length: 510

{"jsonrpc":"2.0","method":"textDocument/publishDiagnostics","params":{"uri":"file:///d%3A/totvs%2012/microsiga/protheus/projetovscode/10_LIB/RelVenSCli.prw","diagnostics":[{"range":{"start":{"line":10,"character":0},"end":{"line":11,"character":0}},"code":0,"severity":2,"source":"Linter","message":"W0003 Local variable CPERG never used"},{"range":{"start":{"line":9,"character":0},"end":{"line":10,"character":0}},"code":0,"severity":2,"source":"Linter","message":"W0003 Local variable CQUERY never used"}]}}

Content-Length: 172

{"jsonrpc":"2.0","method":"textDocument/publishDiagnostics","params":{"uri":"file:///d%3A/totvs%2012/microsiga/protheus/projetovscode/10_LIB/MXMLNFE.PRW","diagnostics":[]}}

Content-Length: 176

{"jsonrpc":"2.0","method":"textDocument/publishDiagnostics","params":{"uri":"file:///d%3A/totvs%2012/microsiga/protheus/projetovscode/10_LIB/MWHASTSSEND.PRW","diagnostics":[]}}

Content-Length: 173

{"jsonrpc":"2.0","method":"textDocument/publishDiagnostics","params":{"uri":"file:///d%3A/totvs%2012/microsiga/protheus/projetovscode/10_LIB/MSupPesq.prw","diagnostics":[]}}

Content-Length: 175

{"jsonrpc":"2.0","method":"textDocument/publishDiagnostics","params":{"uri":"file:///d%3A/totvs%2012/microsiga/protheus/projetovscode/10_LIB/MLIMPAMASK.PRW","diagnostics":[]}}

Content-Length: 1150

{"jsonrpc":"2.0","id":2,"result":[{"range":{"start":{"line":0,"character":10},"end":{"line":0,"character":21}},"target":"file:///d%3A\\totvs%2012\\microsiga\\protheus\\include\\PROTHEUS.CH","tooltip":"d:\\totvs 12\\microsiga\\protheus\\include\\PROTHEUS.CH"},{"range":{"start":{"line":1,"character":10},"end":{"line":1,"character":20}},"target":"file:///d%3A\\totvs%2012\\microsiga\\protheus\\include\\RESTFUL.CH","tooltip":"d:\\totvs 12\\microsiga\\protheus\\include\\RESTFUL.CH"},{"range":{"start":{"line":2,"character":10},"end":{"line":2,"character":19}},"target":"file:///d%3A\\totvs%2012\\microsiga\\protheus\\include\\rwmake.ch","tooltip":"d:\\totvs 12\\microsiga\\protheus\\include\\rwmake.ch"},{"range":{"start":{"line":3,"character":10},"end":{"line":3,"character":20}},"target":"file:///d%3A\\totvs%2012\\microsiga\\protheus\\include\\tbiconn.ch","tooltip":"d:\\totvs 12\\microsiga\\protheus\\include\\tbiconn.ch"},{"range":{"start":{"line":4,"character":10},"end":{"line":4,"character":20}},"target":"file:///d%3A\\totvs%2012\\microsiga\\protheus\\include\\TOPCONN.CH","tooltip":"d:\\totvs 12\\microsiga\\protheus\\include\\TOPCONN.CH"}]}

Content-Length: 173

{"jsonrpc":"2.0","method":"textDocument/publishDiagnostics","params":{"uri":"file:///d%3A/totvs%2012/microsiga/protheus/projetovscode/10_LIB/MGETTELA.prw","diagnostics":[]}}

Content-Length: 173

{"jsonrpc":"2.0","method":"textDocument/publishDiagnostics","params":{"uri":"file:///d%3A/totvs%2012/microsiga/protheus/projetovscode/10_LIB/MCONTNUM.PRW","diagnostics":[]}}

Content-Length: 344

{"jsonrpc":"2.0","method":"textDocument/publishDiagnostics","params":{"uri":"file:///d%3A/totvs%2012/microsiga/protheus/projetovscode/10_LIB/MArqForSrv.prw","diagnostics":[{"range":{"start":{"line":19,"character":0},"end":{"line":20,"character":0}},"code":0,"severity":2,"source":"Linter","message":"W0003 Local variable _ADADOS never used"}]}}

Content-Length: 183

{"jsonrpc":"2.0","method":"textDocument/publishDiagnostics","params":{"uri":"file:///d%3A/totvs%2012/microsiga/protheus/projetovscode/12_WEBSERVICE/webbaixaest.prw","diagnostics":[]}}

Content-Length: 189

{"jsonrpc":"2.0","method":"textDocument/publishDiagnostics","params":{"uri":"file:///d%3A/totvs%2012/microsiga/protheus/projetovscode/13_gestao_de_projetos/cta100mnu.prw","diagnostics":[]}}

Content-Length: 179

{"jsonrpc":"2.0","method":"textDocument/publishDiagnostics","params":{"uri":"file:///d%3A/totvs%2012/microsiga/protheus/projetovscode/00_remover/gr_ma330d2.prw","diagnostics":[]}}

Content-Length: 179

{"jsonrpc":"2.0","method":"textDocument/publishDiagnostics","params":{"uri":"file:///d%3A/totvs%2012/microsiga/protheus/projetovscode/00_remover/gr_ma330d3.prw","diagnostics":[]}}

Content-Length: 179

{"jsonrpc":"2.0","method":"textDocument/publishDiagnostics","params":{"uri":"file:///d%3A/totvs%2012/microsiga/protheus/projetovscode/00_remover/gr_ma330c3.prw","diagnostics":[]}}

Content-Length: 179

{"jsonrpc":"2.0","method":"textDocument/publishDiagnostics","params":{"uri":"file:///d%3A/totvs%2012/microsiga/protheus/projetovscode/00_remover/gr_ma330d1.prw","diagnostics":[]}}

Content-Length: 180

{"jsonrpc":"2.0","method":"textDocument/publishDiagnostics","params":{"uri":"file:///d%3A/totvs%2012/microsiga/protheus/projetovscode/00_remover/gr_ma2802fi.prw","diagnostics":[]}}

Content-Length: 180

{"jsonrpc":"2.0","method":"textDocument/publishDiagnostics","params":{"uri":"file:///d%3A/totvs%2012/microsiga/protheus/projetovscode/00_remover/gr_ma330trb.prw","diagnostics":[]}}

Content-Length: 177

{"jsonrpc":"2.0","method":"textDocument/publishDiagnostics","params":{"uri":"file:///d%3A/totvs%2012/microsiga/protheus/projetovscode/00_remover/_totvses.prw","diagnostics":[]}}

Content-Length: 185

{"jsonrpc":"2.0","method":"textDocument/publishDiagnostics","params":{"uri":"file:///d%3A/totvs%2012/microsiga/protheus/projetovscode/03_conex%C3%83onfe/mt140tok.prw","diagnostics":[]}}

Content-Length: 185

{"jsonrpc":"2.0","method":"textDocument/publishDiagnostics","params":{"uri":"file:///d%3A/totvs%2012/microsiga/protheus/projetovscode/03_conex%C3%83onfe/mt140lok.prw","diagnostics":[]}}

Content-Length: 350

{"jsonrpc":"2.0","method":"textDocument/publishDiagnostics","params":{"uri":"file:///d%3A/totvs%2012/microsiga/protheus/projetovscode/12_WEBSERVICE/Rest06.prw","diagnostics":[{"range":{"start":{"line":41,"character":0},"end":{"line":42,"character":0}},"code":0,"severity":2,"source":"Linter","message":"W0003 Local variable CSEARCHKEY never used"}]}}

Content-Length: 182

{"jsonrpc":"2.0","method":"textDocument/publishDiagnostics","params":{"uri":"file:///d%3A/totvs%2012/microsiga/protheus/projetovscode/12_WEBSERVICE/PrdAdapter.prw","diagnostics":[]}}

Content-Length: 170

{"jsonrpc":"2.0","method":"textDocument/publishDiagnostics","params":{"uri":"file:///d%3A/totvs%2012/microsiga/protheus/projetovscode/10_LIB/dolar.prw","diagnostics":[]}}

Content-Length: 174

{"jsonrpc":"2.0","method":"textDocument/publishDiagnostics","params":{"uri":"file:///d%3A/totvs%2012/microsiga/protheus/projetovscode/10_LIB/ContAlert.prw","diagnostics":[]}}

Content-Length: 172

{"jsonrpc":"2.0","method":"textDocument/publishDiagnostics","params":{"uri":"file:///d%3A/totvs%2012/microsiga/protheus/projetovscode/10_LIB/biinweb.prw","diagnostics":[]}}

Content-Length: 180

{"jsonrpc":"2.0","method":"textDocument/publishDiagnostics","params":{"uri":"file:///d%3A/totvs%2012/microsiga/protheus/projetovscode/12_WEBSERVICE/MOBPEDIV.PRW","diagnostics":[]}}

Content-Length: 173

{"jsonrpc":"2.0","method":"textDocument/publishDiagnostics","params":{"uri":"file:///d%3A/totvs%2012/microsiga/protheus/projetovscode/10_LIB/AjNumSD1.prw","diagnostics":[]}}

Content-Length: 679

{"jsonrpc":"2.0","method":"textDocument/publishDiagnostics","params":{"uri":"file:///d%3A/totvs%2012/microsiga/protheus/projetovscode/10_LIB/AfterLogin.prw","diagnostics":[{"range":{"start":{"line":14,"character":0},"end":{"line":15,"character":0}},"code":0,"severity":2,"source":"Linter","message":"W0003 Local variable CID never used"},{"range":{"start":{"line":15,"character":0},"end":{"line":16,"character":0}},"code":0,"severity":2,"source":"Linter","message":"W0003 Local variable CNOME never used"},{"range":{"start":{"line":23,"character":0},"end":{"line":24,"character":0}},"code":0,"severity":2,"source":"Linter","message":"W0003 Local variable _APARIXB never used"}]}}

Content-Length: 348

{"jsonrpc":"2.0","method":"textDocument/publishDiagnostics","params":{"uri":"file:///d%3A/totvs%2012/microsiga/protheus/projetovscode/12_WEBSERVICE/MOBALTARR.prw","diagnostics":[{"range":{"start":{"line":24,"character":0},"end":{"line":25,"character":0}},"code":0,"severity":2,"source":"Linter","message":"W0003 Local variable NOPCX never used"}]}}

Content-Length: 185

{"jsonrpc":"2.0","method":"textDocument/publishDiagnostics","params":{"uri":"file:///d%3A/totvs%2012/microsiga/protheus/projetovscode/03_CONEX%C3%83ONFE/MTCOLSE2.PRW","diagnostics":[]}}

Content-Length: 185

{"jsonrpc":"2.0","method":"textDocument/publishDiagnostics","params":{"uri":"file:///d%3A/totvs%2012/microsiga/protheus/projetovscode/03_conex%C3%83onfe/mt116grv.prw","diagnostics":[]}}

Content-Length: 185

{"jsonrpc":"2.0","method":"textDocument/publishDiagnostics","params":{"uri":"file:///d%3A/totvs%2012/microsiga/protheus/projetovscode/03_conex%C3%83onfe/mt116agr.prw","diagnostics":[]}}

Content-Length: 185

{"jsonrpc":"2.0","method":"textDocument/publishDiagnostics","params":{"uri":"file:///d%3A/totvs%2012/microsiga/protheus/projetovscode/03_conex%C3%83onfe/mt103ip2.prw","diagnostics":[]}}

Content-Length: 185

{"jsonrpc":"2.0","method":"textDocument/publishDiagnostics","params":{"uri":"file:///d%3A/totvs%2012/microsiga/protheus/projetovscode/03_conex%C3%83onfe/mt103cps.prw","diagnostics":[]}}

Content-Length: 196

{"jsonrpc":"2.0","method":"textDocument/publishDiagnostics","params":{"uri":"file:///d%3A/totvs%2012/microsiga/protheus/projetovscode/06_faturamento_novo_comercial/ma410leg.prw","diagnostics":[]}}

Content-Length: 183

{"jsonrpc":"2.0","method":"textDocument/publishDiagnostics","params":{"uri":"file:///d%3A/totvs%2012/microsiga/protheus/projetovscode/08_grplus/proformainvoice.prx","diagnostics":[]}}

Content-Length: 176

{"jsonrpc":"2.0","method":"textDocument/publishDiagnostics","params":{"uri":"file:///d%3A/totvs%2012/microsiga/protheus/projetovscode/08_grplus/mdiautil.prw","diagnostics":[]}}

Content-Length: 181

{"jsonrpc":"2.0","method":"textDocument/publishDiagnostics","params":{"uri":"file:///d%3A/totvs%2012/microsiga/protheus/projetovscode/07_financeiro/axsegurar.prw","diagnostics":[]}}

Content-Length: 181

{"jsonrpc":"2.0","method":"textDocument/publishDiagnostics","params":{"uri":"file:///d%3A/totvs%2012/microsiga/protheus/projetovscode/07_financeiro/axlimitgr.prw","diagnostics":[]}}

Content-Length: 182

{"jsonrpc":"2.0","method":"textDocument/publishDiagnostics","params":{"uri":"file:///d%3A/totvs%2012/microsiga/protheus/projetovscode/07_financeiro/axclilimit.prw","diagnostics":[]}}

Content-Length: 186

{"jsonrpc":"2.0","method":"textDocument/publishDiagnostics","params":{"uri":"file:///d%3A/totvs%2012/microsiga/protheus/projetovscode/03_CONEX%C3%83ONFE/MTA103MNU.PRW","diagnostics":[]}}

Content-Length: 185

{"jsonrpc":"2.0","method":"textDocument/publishDiagnostics","params":{"uri":"file:///d%3A/totvs%2012/microsiga/protheus/projetovscode/03_CONEX%C3%83ONFE/MT140SAI.prw","diagnostics":[]}}

Content-Length: 185

{"jsonrpc":"2.0","method":"textDocument/publishDiagnostics","params":{"uri":"file:///d%3A/totvs%2012/microsiga/protheus/projetovscode/03_CONEX%C3%83ONFE/MT140CAB.PRW","diagnostics":[]}}

Content-Length: 185

{"jsonrpc":"2.0","method":"textDocument/publishDiagnostics","params":{"uri":"file:///d%3A/totvs%2012/microsiga/protheus/projetovscode/03_CONEX%C3%83ONFE/MT103CWH.PRW","diagnostics":[]}}

Content-Length: 186

{"jsonrpc":"2.0","method":"textDocument/publishDiagnostics","params":{"uri":"file:///d%3A/totvs%2012/microsiga/protheus/projetovscode/03_CONEX%C3%83ONFE/M145ARDEL.prw","diagnostics":[]}}

Content-Length: 530

{"jsonrpc":"2.0","method":"textDocument/publishDiagnostics","params":{"uri":"file:///d%3A/totvs%2012/microsiga/protheus/projetovscode/03_CONEX%C3%83ONFE/GMT103FIM.PRW","diagnostics":[{"range":{"start":{"line":321,"character":0},"end":{"line":322,"character":0}},"code":0,"severity":2,"source":"Linter","message":"W0003 Local variable CCODTITU never used"},{"range":{"start":{"line":320,"character":0},"end":{"line":321,"character":0}},"code":0,"severity":2,"source":"Linter","message":"W0003 Local variable LGRAVOU never used"}]}}

Content-Length: 354

{"jsonrpc":"2.0","method":"textDocument/publishDiagnostics","params":{"uri":"file:///d%3A/totvs%2012/microsiga/protheus/projetovscode/03_CONEX%C3%83ONFE/FISMNTNFE.PRW","diagnostics":[{"range":{"start":{"line":13,"character":0},"end":{"line":14,"character":0}},"code":0,"severity":2,"source":"Linter","message":"W0003 Local variable CIDNFE never used"}]}}

Content-Length: 184

{"jsonrpc":"2.0","method":"textDocument/publishDiagnostics","params":{"uri":"file:///d%3A/totvs%2012/microsiga/protheus/projetovscode/03_CONEX%C3%83ONFE/A140EXC.PRW","diagnostics":[]}}

Content-Length: 185

{"jsonrpc":"2.0","method":"textDocument/publishDiagnostics","params":{"uri":"file:///d%3A/totvs%2012/microsiga/protheus/projetovscode/03_CONEX%C3%83ONFE/A103CND2.prw","diagnostics":[]}}

Content-Length: 367

{"jsonrpc":"2.0","method":"textDocument/publishDiagnostics","params":{"uri":"file:///d%3A/totvs%2012/microsiga/protheus/projetovscode/06_FATURAMENTO_NOVO_COMERCIAL/MT410TOK.prw","diagnostics":[{"range":{"start":{"line":458,"character":0},"end":{"line":459,"character":0}},"code":0,"severity":2,"source":"Linter","message":"W0003 Local variable AMSGPRC never used"}]}}

Content-Length: 180

{"jsonrpc":"2.0","method":"textDocument/publishDiagnostics","params":{"uri":"file:///d%3A/totvs%2012/microsiga/protheus/projetovscode/07_financeiro/axcadzgr.prw","diagnostics":[]}}

Content-Length: 176

{"jsonrpc":"2.0","method":"textDocument/publishDiagnostics","params":{"uri":"file:///d%3A/totvs%2012/microsiga/protheus/projetovscode/08_grplus/gr058sql.prw","diagnostics":[]}}

Content-Length: 180

{"jsonrpc":"2.0","method":"textDocument/publishDiagnostics","params":{"uri":"file:///d%3A/totvs%2012/microsiga/protheus/projetovscode/07_financeiro/axcadzgn.prw","diagnostics":[]}}

Content-Length: 176

{"jsonrpc":"2.0","method":"textDocument/publishDiagnostics","params":{"uri":"file:///d%3A/totvs%2012/microsiga/protheus/projetovscode/08_grplus/gmovposp.prw","diagnostics":[]}}

Content-Length: 180

{"jsonrpc":"2.0","method":"textDocument/publishDiagnostics","params":{"uri":"file:///d%3A/totvs%2012/microsiga/protheus/projetovscode/06_faturamento/cadpais.prw","diagnostics":[]}}

Content-Length: 184

{"jsonrpc":"2.0","method":"textDocument/publishDiagnostics","params":{"uri":"file:///d%3A/totvs%2012/microsiga/protheus/projetovscode/01_somente_itinga/mt140lok.prw","diagnostics":[]}}

Content-Length: 175

{"jsonrpc":"2.0","method":"textDocument/publishDiagnostics","params":{"uri":"file:///d%3A/totvs%2012/microsiga/protheus/projetovscode/02_compras/nforz2.prw","diagnostics":[]}}

Content-Length: 175

{"jsonrpc":"2.0","method":"textDocument/publishDiagnostics","params":{"uri":"file:///d%3A/totvs%2012/microsiga/protheus/projetovscode/02_compras/nfore2.prw","diagnostics":[]}}

Content-Length: 175

{"jsonrpc":"2.0","method":"textDocument/publishDiagnostics","params":{"uri":"file:///d%3A/totvs%2012/microsiga/protheus/projetovscode/02_compras/nforc7.prw","diagnostics":[]}}

Content-Length: 180

{"jsonrpc":"2.0","method":"textDocument/publishDiagnostics","params":{"uri":"file:///d%3A/totvs%2012/microsiga/protheus/projetovscode/02_compras/mt094cpc%20.prw","diagnostics":[]}}

Content-Length: 350

{"jsonrpc":"2.0","method":"textDocument/publishDiagnostics","params":{"uri":"file:///d%3A/totvs%2012/microsiga/protheus/projetovscode/06_FATURAMENTO_NOVO_COMERCIAL/ListMULTPag.prw","diagnostics":[{"range":{"start":{"line":94,"character":0},"end":{"line":95,"character":0}},"code":0,"severity":1,"source":"Linter","message":"variable is not Local"}]}}

Content-Length: 2248

{"jsonrpc":"2.0","method":"textDocument/publishDiagnostics","params":{"uri":"file:///d%3A/totvs%2012/microsiga/protheus/projetovscode/10_LIB/FONTE_GR/GROA056.PRW","diagnostics":[{"range":{"start":{"line":138,"character":0},"end":{"line":139,"character":0}},"code":0,"severity":2,"source":"Linter","message":"W0003 Local variable AEDITPED never used"},{"range":{"start":{"line":139,"character":0},"end":{"line":140,"character":0}},"code":0,"severity":2,"source":"Linter","message":"W0003 Local variable NX never used"},{"range":{"start":{"line":189,"character":0},"end":{"line":190,"character":0}},"code":0,"severity":2,"source":"Linter","message":"W0003 Local variable CFILINTER never used"},{"range":{"start":{"line":400,"character":0},"end":{"line":401,"character":0}},"code":0,"severity":2,"source":"Linter","message":"W0003 Local variable NPESOBRU never used"},{"range":{"start":{"line":399,"character":0},"end":{"line":400,"character":0}},"code":0,"severity":2,"source":"Linter","message":"W0003 Local variable NPESOLIQ never used"},{"range":{"start":{"line":391,"character":0},"end":{"line":392,"character":0}},"code":0,"severity":2,"source":"Linter","message":"W0003 Local variable NPOSRES never used"},{"range":{"start":{"line":684,"character":0},"end":{"line":685,"character":0}},"code":0,"severity":2,"source":"Linter","message":"W0003 Local variable OSTMASTER never used"},{"range":{"start":{"line":689,"character":0},"end":{"line":690,"character":0}},"code":0,"severity":2,"source":"Linter","message":"W0003 Local variable QQUERY never used"},{"range":{"start":{"line":807,"character":0},"end":{"line":808,"character":0}},"code":0,"severity":2,"source":"Linter","message":"W0003 Local variable QQUERY never used"},{"range":{"start":{"line":1187,"character":0},"end":{"line":1188,"character":0}},"code":0,"severity":2,"source":"Linter","message":"W0003 Local variable OVIEW never used"},{"range":{"start":{"line":1252,"character":0},"end":{"line":1253,"character":0}},"code":0,"severity":2,"source":"Linter","message":"W0003 Local variable QSQUERY never used"},{"range":{"start":{"line":1317,"character":0},"end":{"line":1318,"character":0}},"code":0,"severity":2,"source":"Linter","message":"W0003 Local variable QQUEEST never used"}]}}

Content-Length: 1031

{"jsonrpc":"2.0","method":"textDocument/publishDiagnostics","params":{"uri":"file:///d%3A/totvs%2012/microsiga/protheus/projetovscode/07_FINANCEIRO/IMPORT.PRW","diagnostics":[{"range":{"start":{"line":35,"character":0},"end":{"line":36,"character":0}},"code":0,"severity":2,"source":"Linter","message":"W0003 Local variable CCABEC never used"},{"range":{"start":{"line":34,"character":0},"end":{"line":35,"character":0}},"code":0,"severity":2,"source":"Linter","message":"W0003 Local variable NLINCABEC never used"},{"range":{"start":{"line":25,"character":0},"end":{"line":26,"character":0}},"code":0,"severity":2,"source":"Linter","message":"W0003 Local variable NMETPARC never used"},{"range":{"start":{"line":36,"character":0},"end":{"line":37,"character":0}},"code":0,"severity":2,"source":"Linter","message":"W0003 Local variable NQTDCAB never used"},{"range":{"start":{"line":597,"character":0},"end":{"line":598,"character":0}},"code":0,"severity":2,"source":"Linter","message":"W0003 Local variable CFILSA1 never used"}]}}

Content-Length: 182

{"jsonrpc":"2.0","method":"textDocument/publishDiagnostics","params":{"uri":"file:///d%3A/totvs%2012/microsiga/protheus/projetovscode/07_FINANCEIRO/ITMMFIN010.prw","diagnostics":[]}}

Content-Length: 179

{"jsonrpc":"2.0","method":"textDocument/publishDiagnostics","params":{"uri":"file:///d%3A/totvs%2012/microsiga/protheus/projetovscode/07_FINANCEIRO/FA60FIL.PRW","diagnostics":[]}}

Content-Length: 180

{"jsonrpc":"2.0","method":"textDocument/publishDiagnostics","params":{"uri":"file:///d%3A/totvs%2012/microsiga/protheus/projetovscode/07_FINANCEIRO/SE5FI070.PRW","diagnostics":[]}}

Content-Length: 844

{"jsonrpc":"2.0","method":"textDocument/publishDiagnostics","params":{"uri":"file:///d%3A/totvs%2012/microsiga/protheus/projetovscode/07_FINANCEIRO/Rel0036.PRW","diagnostics":[{"range":{"start":{"line":48,"character":0},"end":{"line":49,"character":0}},"code":0,"severity":2,"source":"Linter","message":"W0011 Variable CBTXT redefined"},{"range":{"start":{"line":38,"character":0},"end":{"line":39,"character":0}},"code":0,"severity":2,"source":"Linter","message":"W0003 Local variable AORD never used"},{"range":{"start":{"line":31,"character":0},"end":{"line":32,"character":0}},"code":0,"severity":2,"source":"Linter","message":"W0003 Local variable CPICT never used"},{"range":{"start":{"line":37,"character":0},"end":{"line":38,"character":0}},"code":0,"severity":2,"source":"Linter","message":"W0003 Local variable IMPRIME never used"}]}}

Content-Length: 182

{"jsonrpc":"2.0","method":"textDocument/publishDiagnostics","params":{"uri":"file:///d%3A/totvs%2012/microsiga/protheus/projetovscode/07_FINANCEIRO/MVALIDMOED.PRW","diagnostics":[]}}

Content-Length: 352

{"jsonrpc":"2.0","method":"textDocument/publishDiagnostics","params":{"uri":"file:///d%3A/totvs%2012/microsiga/protheus/projetovscode/07_FINANCEIRO/MANUTSEGUROS.PRW","diagnostics":[{"range":{"start":{"line":93,"character":0},"end":{"line":94,"character":0}},"code":0,"severity":2,"source":"Linter","message":"W0003 Local variable LEMPTY never used"}]}}

Content-Length: 183

{"jsonrpc":"2.0","method":"textDocument/publishDiagnostics","params":{"uri":"file:///d%3A/totvs%2012/microsiga/protheus/projetovscode/07_FINANCEIRO/ITM_MFIN020.prw","diagnostics":[]}}

Content-Length: 173

{"jsonrpc":"2.0","method":"textDocument/publishDiagnostics","params":{"uri":"file:///d%3A/totvs%2012/microsiga/protheus/projetovscode/11_mnt/mnta4206.prw","diagnostics":[]}}

Content-Length: 171

{"jsonrpc":"2.0","method":"textDocument/publishDiagnostics","params":{"uri":"file:///d%3A/totvs%2012/microsiga/protheus/projetovscode/11_mnt/planta.prw","diagnostics":[]}}

Content-Length: 173

{"jsonrpc":"2.0","method":"textDocument/publishDiagnostics","params":{"uri":"file:///d%3A/totvs%2012/microsiga/protheus/projetovscode/11_mnt/xmntr676.prw","diagnostics":[]}}

Content-Length: 173

{"jsonrpc":"2.0","method":"textDocument/publishDiagnostics","params":{"uri":"file:///d%3A/totvs%2012/microsiga/protheus/projetovscode/11_mnt/mntngapp.prw","diagnostics":[]}}

Content-Length: 173

{"jsonrpc":"2.0","method":"textDocument/publishDiagnostics","params":{"uri":"file:///d%3A/totvs%2012/microsiga/protheus/projetovscode/11_mnt/mnta990a.prw","diagnostics":[]}}

Content-Length: 173

{"jsonrpc":"2.0","method":"textDocument/publishDiagnostics","params":{"uri":"file:///d%3A/totvs%2012/microsiga/protheus/projetovscode/11_mnt/mnta420p.prw","diagnostics":[]}}

Content-Length: 176

{"jsonrpc":"2.0","method":"textDocument/publishDiagnostics","params":{"uri":"file:///d%3A/totvs%2012/microsiga/protheus/projetovscode/10_lib/libwhatsapp.prw","diagnostics":[]}}

Content-Length: 174

{"jsonrpc":"2.0","method":"textDocument/publishDiagnostics","params":{"uri":"file:///d%3A/totvs%2012/microsiga/protheus/projetovscode/10_lib/marqexpob.prw","diagnostics":[]}}

Content-Length: 180

{"jsonrpc":"2.0","method":"textDocument/publishDiagnostics","params":{"uri":"file:///d%3A/totvs%2012/microsiga/protheus/projetovscode/12_webservice/wscadprd.prw","diagnostics":[]}}

Content-Length: 185

{"jsonrpc":"2.0","method":"textDocument/publishDiagnostics","params":{"uri":"file:///d%3A/totvs%2012/microsiga/protheus/projetovscode/09_livros_fiscais/spdfis001.prw","diagnostics":[]}}

Content-Length: 180

{"jsonrpc":"2.0","method":"textDocument/publishDiagnostics","params":{"uri":"file:///d%3A/totvs%2012/microsiga/protheus/projetovscode/07_FINANCEIRO/LstMoeda.prw","diagnostics":[]}}

Content-Length: 3816

{"jsonrpc":"2.0","method":"textDocument/publishDiagnostics","params":{"uri":"file:///d%3A/totvs%2012/microsiga/protheus/projetovscode/07_FINANCEIRO/ITMRFIN010.prw","diagnostics":[{"range":{"start":{"line":20,"character":0},"end":{"line":21,"character":0}},"code":0,"severity":2,"source":"Linter","message":"W0003 Local variable OREPORT never used"},{"range":{"start":{"line":66,"character":0},"end":{"line":67,"character":0}},"code":0,"severity":2,"source":"Linter","message":"W0003 Local variable CDESCVEND never used"},{"range":{"start":{"line":61,"character":0},"end":{"line":62,"character":0}},"code":0,"severity":2,"source":"Linter","message":"W0003 Local variable LIMITE never used"},{"range":{"start":{"line":132,"character":0},"end":{"line":133,"character":0}},"code":0,"severity":2,"source":"Linter","message":"W0019 Statement unbalanced function in C540IMP. This warning will be an error in future version."},{"range":{"start":{"line":148,"character":0},"end":{"line":149,"character":0}},"code":0,"severity":2,"source":"Linter","message":"W0003 Local variable ACAMPOS never used"},{"range":{"start":{"line":150,"character":0},"end":{"line":151,"character":0}},"code":0,"severity":2,"source":"Linter","message":"W0003 Local variable CBASE never used"},{"range":{"start":{"line":143,"character":0},"end":{"line":144,"character":0}},"code":0,"severity":2,"source":"Linter","message":"W0003 Local variable CCODANT never used"},{"range":{"start":{"line":147,"character":0},"end":{"line":148,"character":0}},"code":0,"severity":2,"source":"Linter","message":"W0003 Local variable CNFISCAL never used"},{"range":{"start":{"line":141,"character":0},"end":{"line":142,"character":0}},"code":0,"severity":2,"source":"Linter","message":"W0003 Local variable CPICT never used"},{"range":{"start":{"line":145,"character":0},"end":{"line":146,"character":0}},"code":0,"severity":2,"source":"Linter","message":"W0003 Local variable CSAV20 never used"},{"range":{"start":{"line":145,"character":0},"end":{"line":146,"character":0}},"code":0,"severity":2,"source":"Linter","message":"W0003 Local variable CSAV7 never used"},{"range":{"start":{"line":142,"character":0},"end":{"line":143,"character":0}},"code":0,"severity":2,"source":"Linter","message":"W0003 Local variable CTEXTO never used"},{"range":{"start":{"line":142,"character":0},"end":{"line":143,"character":0}},"code":0,"severity":2,"source":"Linter","message":"W0003 Local variable J never used"},{"range":{"start":{"line":138,"character":0},"end":{"line":139,"character":0}},"code":0,"severity":2,"source":"Linter","message":"W0003 Local variable LIMITE never used"},{"range":{"start":{"line":149,"character":0},"end":{"line":150,"character":0}},"code":0,"severity":2,"source":"Linter","message":"W0003 Local variable LIMPDEV never used"},{"range":{"start":{"line":145,"character":0},"end":{"line":146,"character":0}},"code":0,"severity":2,"source":"Linter","message":"W0003 Local variable NANT never used"},{"range":{"start":{"line":145,"character":0},"end":{"line":146,"character":0}},"code":0,"severity":2,"source":"Linter","message":"W0003 Local variable NATU never used"},{"range":{"start":{"line":145,"character":0},"end":{"line":146,"character":0}},"code":0,"severity":2,"source":"Linter","message":"W0003 Local variable NCNT never used"},{"range":{"start":{"line":143,"character":0},"end":{"line":144,"character":0}},"code":0,"severity":2,"source":"Linter","message":"W0003 Local variable NCOL never used"},{"range":{"start":{"line":145,"character":0},"end":{"line":146,"character":0}},"code":0,"severity":2,"source":"Linter","message":"W0003 Local variable NMULT never used"},{"range":{"start":{"line":145,"character":0},"end":{"line":146,"character":0}},"code":0,"severity":2,"source":"Linter","message":"W0003 Local variable NTREGS never used"}]}}

Content-Length: 180

{"jsonrpc":"2.0","method":"textDocument/publishDiagnostics","params":{"uri":"file:///d%3A/totvs%2012/microsiga/protheus/projetovscode/07_FINANCEIRO/FA040INC.PRW","diagnostics":[]}}

Content-Length: 180

{"jsonrpc":"2.0","method":"textDocument/publishDiagnostics","params":{"uri":"file:///d%3A/totvs%2012/microsiga/protheus/projetovscode/07_FINANCEIRO/FA040DEL.PRW","diagnostics":[]}}

Content-Length: 180

{"jsonrpc":"2.0","method":"textDocument/publishDiagnostics","params":{"uri":"file:///d%3A/totvs%2012/microsiga/protheus/projetovscode/07_FINANCEIRO/F580CHAV.PRW","diagnostics":[]}}

Content-Length: 180

{"jsonrpc":"2.0","method":"textDocument/publishDiagnostics","params":{"uri":"file:///d%3A/totvs%2012/microsiga/protheus/projetovscode/07_FINANCEIRO/F380CPOS.PRW","diagnostics":[]}}

Content-Length: 180

{"jsonrpc":"2.0","method":"textDocument/publishDiagnostics","params":{"uri":"file:///d%3A/totvs%2012/microsiga/protheus/projetovscode/07_FINANCEIRO/F380RECO.prw","diagnostics":[]}}

Content-Length: 1209

{"jsonrpc":"2.0","method":"textDocument/publishDiagnostics","params":{"uri":"file:///d%3A/totvs%2012/microsiga/protheus/projetovscode/07_FINANCEIRO/F070BTOK.prw","diagnostics":[{"range":{"start":{"line":316,"character":0},"end":{"line":317,"character":0}},"code":0,"severity":2,"source":"Linter","message":"W0003 Local variable CQUERY never used"},{"range":{"start":{"line":634,"character":0},"end":{"line":635,"character":0}},"code":0,"severity":2,"source":"Linter","message":"W0003 Local variable LNDELE never used"},{"range":{"start":{"line":627,"character":0},"end":{"line":628,"character":0}},"code":0,"severity":2,"source":"Linter","message":"W0003 Local variable NEDIT31 never used"},{"range":{"start":{"line":630,"character":0},"end":{"line":631,"character":0}},"code":0,"severity":2,"source":"Linter","message":"W0003 Local variable NEDIT41 never used"},{"range":{"start":{"line":628,"character":0},"end":{"line":629,"character":0}},"code":0,"severity":2,"source":"Linter","message":"W0003 Local variable OEDIT31 never used"},{"range":{"start":{"line":631,"character":0},"end":{"line":632,"character":0}},"code":0,"severity":2,"source":"Linter","message":"W0003 Local variable OEDIT41 never used"}]}}

Content-Length: 175

{"jsonrpc":"2.0","method":"textDocument/publishDiagnostics","params":{"uri":"file:///d%3A/totvs%2012/microsiga/protheus/projetovscode/08_GRPLUS/MPROPCP.PRW","diagnostics":[]}}

Content-Length: 331

{"jsonrpc":"2.0","method":"textDocument/publishDiagnostics","params":{"uri":"file:///d%3A/totvs%2012/microsiga/protheus/projetovscode/07_FINANCEIRO/F070BROW.prw","diagnostics":[{"range":{"start":{"line":18,"character":0},"end":{"line":19,"character":0}},"code":0,"severity":1,"source":"Linter","message":"variable is not Local"}]}}

Content-Length: 184

{"jsonrpc":"2.0","method":"textDocument/publishDiagnostics","params":{"uri":"file:///d%3A/totvs%2012/microsiga/protheus/projetovscode/09_livros_fiscais/matr930a.prw","diagnostics":[]}}

Content-Length: 184

{"jsonrpc":"2.0","method":"textDocument/publishDiagnostics","params":{"uri":"file:///d%3A/totvs%2012/microsiga/protheus/projetovscode/09_livros_fiscais/ma900mnu.prw","diagnostics":[]}}

Content-Length: 184

{"jsonrpc":"2.0","method":"textDocument/publishDiagnostics","params":{"uri":"file:///d%3A/totvs%2012/microsiga/protheus/projetovscode/09_livros_fiscais/atualcdl.prw","diagnostics":[]}}

Content-Length: 178

{"jsonrpc":"2.0","method":"textDocument/publishDiagnostics","params":{"uri":"file:///d%3A/totvs%2012/microsiga/protheus/projetovscode/00_remover/parateste.prw","diagnostics":[]}}

Content-Length: 171

{"jsonrpc":"2.0","method":"textDocument/publishDiagnostics","params":{"uri":"file:///d%3A/totvs%2012/microsiga/protheus/projetovscode/10_lib/zismvc.prw","diagnostics":[]}}

Content-Length: 173

{"jsonrpc":"2.0","method":"textDocument/publishDiagnostics","params":{"uri":"file:///d%3A/totvs%2012/microsiga/protheus/projetovscode/10_lib/wscadcli.prw","diagnostics":[]}}

Content-Length: 174

{"jsonrpc":"2.0","method":"textDocument/publishDiagnostics","params":{"uri":"file:///d%3A/totvs%2012/microsiga/protheus/projetovscode/10_lib/wfmobgran.prw","diagnostics":[]}}

Content-Length: 173

{"jsonrpc":"2.0","method":"textDocument/publishDiagnostics","params":{"uri":"file:///d%3A/totvs%2012/microsiga/protheus/projetovscode/10_lib/testasx1.prw","diagnostics":[]}}

Content-Length: 173

{"jsonrpc":"2.0","method":"textDocument/publishDiagnostics","params":{"uri":"file:///d%3A/totvs%2012/microsiga/protheus/projetovscode/10_lib/testepdf.prw","diagnostics":[]}}

Content-Length: 172

{"jsonrpc":"2.0","method":"textDocument/publishDiagnostics","params":{"uri":"file:///d%3A/totvs%2012/microsiga/protheus/projetovscode/10_lib/swwinwp.prw","diagnostics":[]}}

Content-Length: 176

{"jsonrpc":"2.0","method":"textDocument/publishDiagnostics","params":{"uri":"file:///d%3A/totvs%2012/microsiga/protheus/projetovscode/08_GRPLUS/MGROA044.PRW","diagnostics":[]}}

Content-Length: 350

{"jsonrpc":"2.0","method":"textDocument/publishDiagnostics","params":{"uri":"file:///d%3A/totvs%2012/microsiga/protheus/projetovscode/07_FINANCEIRO/F050MDVC.prw","diagnostics":[{"range":{"start":{"line":17,"character":0},"end":{"line":18,"character":0}},"code":0,"severity":2,"source":"Linter","message":"W0003 Local variable DEMISSAO never used"}]}}

Content-Length: 693

{"jsonrpc":"2.0","method":"textDocument/publishDiagnostics","params":{"uri":"file:///d%3A/totvs%2012/microsiga/protheus/projetovscode/07_FINANCEIRO/F060ACT.PRW","diagnostics":[{"range":{"start":{"line":296,"character":0},"end":{"line":297,"character":0}},"code":0,"severity":2,"source":"Linter","message":"W0003 Local variable LNDELE never used"},{"range":{"start":{"line":292,"character":0},"end":{"line":293,"character":0}},"code":0,"severity":2,"source":"Linter","message":"W0003 Local variable NEDIT41 never used"},{"range":{"start":{"line":293,"character":0},"end":{"line":294,"character":0}},"code":0,"severity":2,"source":"Linter","message":"W0003 Local variable OEDIT41 never used"}]}}

Content-Length: 180

{"jsonrpc":"2.0","method":"textDocument/publishDiagnostics","params":{"uri":"file:///d%3A/totvs%2012/microsiga/protheus/projetovscode/07_FINANCEIRO/F050BROW.prw","diagnostics":[]}}

Content-Length: 340

{"jsonrpc":"2.0","method":"textDocument/publishDiagnostics","params":{"uri":"file:///d%3A/totvs%2012/microsiga/protheus/projetovscode/08_GRPLUS/MCONTROFIO.PRW","diagnostics":[{"range":{"start":{"line":35,"character":0},"end":{"line":36,"character":0}},"code":0,"severity":2,"source":"Linter","message":"W0011 Variable AROTINA redefined"}]}}

Content-Length: 179

{"jsonrpc":"2.0","method":"textDocument/publishDiagnostics","params":{"uri":"file:///d%3A/totvs%2012/microsiga/protheus/projetovscode/07_FINANCEIRO/F040PCO.PRW","diagnostics":[]}}

Content-Length: 178

{"jsonrpc":"2.0","method":"textDocument/publishDiagnostics","params":{"uri":"file:///d%3A/totvs%2012/microsiga/protheus/projetovscode/08_GRPLUS/MCONLANMED.PRW","diagnostics":[]}}

Content-Length: 179

{"jsonrpc":"2.0","method":"textDocument/publishDiagnostics","params":{"uri":"file:///d%3A/totvs%2012/microsiga/protheus/projetovscode/07_FINANCEIRO/BLQFINA.PRW","diagnostics":[]}}

Content-Length: 178

{"jsonrpc":"2.0","method":"textDocument/publishDiagnostics","params":{"uri":"file:///d%3A/totvs%2012/microsiga/protheus/projetovscode/08_GRPLUS/MarkCalend.prw","diagnostics":[]}}

Content-Length: 1895

{"jsonrpc":"2.0","method":"textDocument/publishDiagnostics","params":{"uri":"file:///d%3A/totvs%2012/microsiga/protheus/projetovscode/08_GRPLUS/GROR015.PRW","diagnostics":[{"range":{"start":{"line":118,"character":0},"end":{"line":119,"character":0}},"code":0,"severity":2,"source":"Linter","message":"W0003 Local variable CDESCPRO never used"},{"range":{"start":{"line":124,"character":0},"end":{"line":125,"character":0}},"code":0,"severity":2,"source":"Linter","message":"W0003 Local variable CLOGO never used"},{"range":{"start":{"line":123,"character":0},"end":{"line":124,"character":0}},"code":0,"severity":2,"source":"Linter","message":"W0003 Local variable CMODBARR never used"},{"range":{"start":{"line":121,"character":0},"end":{"line":122,"character":0}},"code":0,"severity":2,"source":"Linter","message":"W0003 Local variable NQUANT never used"},{"range":{"start":{"line":127,"character":0},"end":{"line":128,"character":0}},"code":0,"severity":2,"source":"Linter","message":"W0003 Local variable OFONT06 never used"},{"range":{"start":{"line":128,"character":0},"end":{"line":129,"character":0}},"code":0,"severity":2,"source":"Linter","message":"W0003 Local variable OFONT06N never used"},{"range":{"start":{"line":129,"character":0},"end":{"line":130,"character":0}},"code":0,"severity":2,"source":"Linter","message":"W0003 Local variable OFONT08 never used"},{"range":{"start":{"line":131,"character":0},"end":{"line":132,"character":0}},"code":0,"severity":2,"source":"Linter","message":"W0003 Local variable OFONT10 never used"},{"range":{"start":{"line":133,"character":0},"end":{"line":134,"character":0}},"code":0,"severity":2,"source":"Linter","message":"W0003 Local variable OFONT12 never used"},{"range":{"start":{"line":134,"character":0},"end":{"line":135,"character":0}},"code":0,"severity":2,"source":"Linter","message":"W0003 Local variable OFONT12N never used"}]}}

Content-Length: 174

{"jsonrpc":"2.0","method":"textDocument/publishDiagnostics","params":{"uri":"file:///d%3A/totvs%2012/microsiga/protheus/projetovscode/10_lib/swclasswp.prw","diagnostics":[]}}

Content-Length: 175

{"jsonrpc":"2.0","method":"textDocument/publishDiagnostics","params":{"uri":"file:///d%3A/totvs%2012/microsiga/protheus/projetovscode/10_lib/relvenscli.prw","diagnostics":[]}}

Content-Length: 172

{"jsonrpc":"2.0","method":"textDocument/publishDiagnostics","params":{"uri":"file:///d%3A/totvs%2012/microsiga/protheus/projetovscode/10_lib/mxmlnfe.prw","diagnostics":[]}}

Content-Length: 176

{"jsonrpc":"2.0","method":"textDocument/publishDiagnostics","params":{"uri":"file:///d%3A/totvs%2012/microsiga/protheus/projetovscode/10_lib/mwhastssend.prw","diagnostics":[]}}

Content-Length: 173

{"jsonrpc":"2.0","method":"textDocument/publishDiagnostics","params":{"uri":"file:///d%3A/totvs%2012/microsiga/protheus/projetovscode/10_lib/msuppesq.prw","diagnostics":[]}}

Content-Length: 175

{"jsonrpc":"2.0","method":"textDocument/publishDiagnostics","params":{"uri":"file:///d%3A/totvs%2012/microsiga/protheus/projetovscode/10_lib/mlimpamask.prw","diagnostics":[]}}

Content-Length: 173

{"jsonrpc":"2.0","method":"textDocument/publishDiagnostics","params":{"uri":"file:///d%3A/totvs%2012/microsiga/protheus/projetovscode/10_lib/mgettela.prw","diagnostics":[]}}

Content-Length: 173

{"jsonrpc":"2.0","method":"textDocument/publishDiagnostics","params":{"uri":"file:///d%3A/totvs%2012/microsiga/protheus/projetovscode/10_lib/mcontnum.prw","diagnostics":[]}}

Content-Length: 175

{"jsonrpc":"2.0","method":"textDocument/publishDiagnostics","params":{"uri":"file:///d%3A/totvs%2012/microsiga/protheus/projetovscode/10_lib/marqforsrv.prw","diagnostics":[]}}

Content-Length: 183

{"jsonrpc":"2.0","method":"textDocument/publishDiagnostics","params":{"uri":"file:///d%3A/totvs%2012/microsiga/protheus/projetovscode/12_webservice/webbaixaest.prw","diagnostics":[]}}

Content-Length: 176

{"jsonrpc":"2.0","method":"textDocument/publishDiagnostics","params":{"uri":"file:///d%3A/totvs%2012/microsiga/protheus/projetovscode/08_GRPLUS/MAUTPESO.PRW","diagnostics":[]}}

Content-Length: 343

{"jsonrpc":"2.0","method":"textDocument/publishDiagnostics","params":{"uri":"file:///d%3A/totvs%2012/microsiga/protheus/projetovscode/08_GRPLUS/GROR002.PRW","diagnostics":[{"range":{"start":{"line":72,"character":0},"end":{"line":73,"character":0}},"code":0,"severity":2,"source":"Linter","message":"W0003 Local variable QQUERY never used"}]}}

Content-Length: 176

{"jsonrpc":"2.0","method":"textDocument/publishDiagnostics","params":{"uri":"file:///d%3A/totvs%2012/microsiga/protheus/projetovscode/08_GRPLUS/GROA56IN.prw","diagnostics":[]}}

Content-Length: 176

{"jsonrpc":"2.0","method":"textDocument/publishDiagnostics","params":{"uri":"file:///d%3A/totvs%2012/microsiga/protheus/projetovscode/08_GRPLUS/GROA0311.PRW","diagnostics":[]}}

Content-Length: 176

{"jsonrpc":"2.0","method":"textDocument/publishDiagnostics","params":{"uri":"file:///d%3A/totvs%2012/microsiga/protheus/projetovscode/08_GRPLUS/GR37ACPO.PRW","diagnostics":[]}}

Content-Length: 176

{"jsonrpc":"2.0","method":"textDocument/publishDiagnostics","params":{"uri":"file:///d%3A/totvs%2012/microsiga/protheus/projetovscode/08_GRPLUS/GR056SQL.PRW","diagnostics":[]}}

Content-Length: 332

{"jsonrpc":"2.0","method":"textDocument/publishDiagnostics","params":{"uri":"file:///d%3A/totvs%2012/microsiga/protheus/projetovscode/07_FINANCEIRO/AutPagR.prw","diagnostics":[{"range":{"start":{"line":166,"character":0},"end":{"line":167,"character":0}},"code":0,"severity":1,"source":"Linter","message":"variable is not Local"}]}}

Content-Length: 176

{"jsonrpc":"2.0","method":"textDocument/publishDiagnostics","params":{"uri":"file:///d%3A/totvs%2012/microsiga/protheus/projetovscode/08_GRPLUS/GR056MEN.prw","diagnostics":[]}}

Content-Length: 878

{"jsonrpc":"2.0","method":"textDocument/publishDiagnostics","params":{"uri":"file:///d%3A/totvs%2012/microsiga/protheus/projetovscode/07_FINANCEIRO/AutPag.prw","diagnostics":[{"range":{"start":{"line":136,"character":0},"end":{"line":137,"character":0}},"code":0,"severity":2,"source":"Linter","message":"W0008 Too few parameters calling MsgInfo"},{"range":{"start":{"line":206,"character":0},"end":{"line":207,"character":0}},"code":0,"severity":2,"source":"Linter","message":"W0007 Too many parameters calling dbclosearea"},{"range":{"start":{"line":276,"character":0},"end":{"line":277,"character":0}},"code":0,"severity":2,"source":"Linter","message":"W0007 Too many parameters calling dbclosearea"},{"range":{"start":{"line":294,"character":0},"end":{"line":295,"character":0}},"code":0,"severity":2,"source":"Linter","message":"W0003 Local variable ACAMPOS never used"}]}}

Content-Length: 176

{"jsonrpc":"2.0","method":"textDocument/publishDiagnostics","params":{"uri":"file:///d%3A/totvs%2012/microsiga/protheus/projetovscode/08_GRPLUS/GR002SQL.PRW","diagnostics":[]}}

Content-Length: 178

{"jsonrpc":"2.0","method":"textDocument/publishDiagnostics","params":{"uri":"file:///d%3A/totvs%2012/microsiga/protheus/projetovscode/12_webservice/rest06.prw","diagnostics":[]}}

Content-Length: 182

{"jsonrpc":"2.0","method":"textDocument/publishDiagnostics","params":{"uri":"file:///d%3A/totvs%2012/microsiga/protheus/projetovscode/12_webservice/prdadapter.prw","diagnostics":[]}}

Content-Length: 170

{"jsonrpc":"2.0","method":"textDocument/publishDiagnostics","params":{"uri":"file:///d%3A/totvs%2012/microsiga/protheus/projetovscode/10_lib/dolar.prw","diagnostics":[]}}

Content-Length: 174

{"jsonrpc":"2.0","method":"textDocument/publishDiagnostics","params":{"uri":"file:///d%3A/totvs%2012/microsiga/protheus/projetovscode/10_lib/contalert.prw","diagnostics":[]}}

Content-Length: 172

{"jsonrpc":"2.0","method":"textDocument/publishDiagnostics","params":{"uri":"file:///d%3A/totvs%2012/microsiga/protheus/projetovscode/10_lib/biinweb.prw","diagnostics":[]}}

Content-Length: 180

{"jsonrpc":"2.0","method":"textDocument/publishDiagnostics","params":{"uri":"file:///d%3A/totvs%2012/microsiga/protheus/projetovscode/12_webservice/mobpediv.prw","diagnostics":[]}}

Content-Length: 173

{"jsonrpc":"2.0","method":"textDocument/publishDiagnostics","params":{"uri":"file:///d%3A/totvs%2012/microsiga/protheus/projetovscode/10_lib/ajnumsd1.prw","diagnostics":[]}}

Content-Length: 175

{"jsonrpc":"2.0","method":"textDocument/publishDiagnostics","params":{"uri":"file:///d%3A/totvs%2012/microsiga/protheus/projetovscode/10_lib/afterlogin.prw","diagnostics":[]}}

Content-Length: 181

{"jsonrpc":"2.0","method":"textDocument/publishDiagnostics","params":{"uri":"file:///d%3A/totvs%2012/microsiga/protheus/projetovscode/12_webservice/mobaltarr.prw","diagnostics":[]}}

Content-Length: 185

{"jsonrpc":"2.0","method":"textDocument/publishDiagnostics","params":{"uri":"file:///d%3A/totvs%2012/microsiga/protheus/projetovscode/03_conex%C3%83onfe/mtcolse2.prw","diagnostics":[]}}

Content-Length: 346

{"jsonrpc":"2.0","method":"textDocument/publishDiagnostics","params":{"uri":"file:///d%3A/totvs%2012/microsiga/protheus/projetovscode/08_GRPLUS/GR002COL.PRW","diagnostics":[{"range":{"start":{"line":28,"character":0},"end":{"line":29,"character":0}},"code":0,"severity":2,"source":"Linter","message":"W0003 Local variable NPOSSUBL never used"}]}}

Content-Length: 2500

{"jsonrpc":"2.0","method":"textDocument/publishDiagnostics","params":{"uri":"file:///d%3A/totvs%2012/microsiga/protheus/projetovscode/08_GRPLUS/execmob.prw","diagnostics":[{"range":{"start":{"line":15,"character":0},"end":{"line":16,"character":0}},"code":0,"severity":2,"source":"Linter","message":"W0011 Variable ACABEC redefined"},{"range":{"start":{"line":16,"character":0},"end":{"line":17,"character":0}},"code":0,"severity":2,"source":"Linter","message":"W0011 Variable AITENS redefined"},{"range":{"start":{"line":17,"character":0},"end":{"line":18,"character":0}},"code":0,"severity":2,"source":"Linter","message":"W0011 Variable ALINHA redefined"},{"range":{"start":{"line":6,"character":0},"end":{"line":7,"character":0}},"code":0,"severity":2,"source":"Linter","message":"W0003 Local variable ASC5 never used"},{"range":{"start":{"line":7,"character":0},"end":{"line":8,"character":0}},"code":0,"severity":2,"source":"Linter","message":"W0003 Local variable ASC6 never used"},{"range":{"start":{"line":21,"character":0},"end":{"line":22,"character":0}},"code":0,"severity":2,"source":"Linter","message":"W0003 Local variable CJSONRET never used"},{"range":{"start":{"line":13,"character":0},"end":{"line":14,"character":0}},"code":0,"severity":2,"source":"Linter","message":"W0003 Local variable CLOGERRO never used"},{"range":{"start":{"line":18,"character":0},"end":{"line":19,"character":0}},"code":0,"severity":2,"source":"Linter","message":"W0003 Local variable LOK never used"},{"range":{"start":{"line":14,"character":0},"end":{"line":15,"character":0}},"code":0,"severity":2,"source":"Linter","message":"W0003 Local variable NCOUNT never used"},{"range":{"start":{"line":22,"character":0},"end":{"line":23,"character":0}},"code":0,"severity":2,"source":"Linter","message":"W0003 Local variable NLEN never used"},{"range":{"start":{"line":23,"character":0},"end":{"line":24,"character":0}},"code":0,"severity":2,"source":"Linter","message":"W0003 Local variable NPOSITEM never used"},{"range":{"start":{"line":11,"character":0},"end":{"line":12,"character":0}},"code":0,"severity":2,"source":"Linter","message":"W0003 Local variable NX never used"},{"range":{"start":{"line":12,"character":0},"end":{"line":13,"character":0}},"code":0,"severity":2,"source":"Linter","message":"W0003 Local variable NY never used"},{"range":{"start":{"line":24,"character":0},"end":{"line":25,"character":0}},"code":0,"severity":2,"source":"Linter","message":"W0003 Local variable ZX never used"}]}}

Content-Length: 1209

{"jsonrpc":"2.0","method":"textDocument/publishDiagnostics","params":{"uri":"file:///d%3A/totvs%2012/microsiga/protheus/projetovscode/08_GRPLUS/testegr/AJNUMSEQ.PRW","diagnostics":[{"range":{"start":{"line":30,"character":0},"end":{"line":31,"character":0}},"code":0,"severity":2,"source":"Linter","message":"W0003 Local variable CTIPO never used"},{"range":{"start":{"line":34,"character":0},"end":{"line":35,"character":0}},"code":0,"severity":2,"source":"Linter","message":"W0003 Local variable LVALIDA never used"},{"range":{"start":{"line":31,"character":0},"end":{"line":32,"character":0}},"code":0,"severity":2,"source":"Linter","message":"W0003 Local variable QCAVALETES never used"},{"range":{"start":{"line":32,"character":0},"end":{"line":33,"character":0}},"code":0,"severity":2,"source":"Linter","message":"W0003 Local variable QCHAPAS never used"},{"range":{"start":{"line":33,"character":0},"end":{"line":34,"character":0}},"code":0,"severity":2,"source":"Linter","message":"W0003 Local variable QVALIDA never used"},{"range":{"start":{"line":130,"character":0},"end":{"line":131,"character":0}},"code":0,"severity":2,"source":"Linter","message":"W0003 Local variable QCAVALETES never used"}]}}

Content-Length: 2056

{"jsonrpc":"2.0","method":"textDocument/publishDiagnostics","params":{"uri":"file:///d%3A/totvs%2012/microsiga/protheus/projetovscode/08_GRPLUS/testegr/GROA015.PRW","diagnostics":[{"range":{"start":{"line":152,"character":0},"end":{"line":153,"character":0}},"code":0,"severity":2,"source":"Linter","message":"W0003 Local variable NQTDE1 never used"},{"range":{"start":{"line":153,"character":0},"end":{"line":154,"character":0}},"code":0,"severity":2,"source":"Linter","message":"W0003 Local variable NQTDE2 never used"},{"range":{"start":{"line":159,"character":0},"end":{"line":160,"character":0}},"code":0,"severity":2,"source":"Linter","message":"W0003 Local variable QQUERY never used"},{"range":{"start":{"line":368,"character":0},"end":{"line":369,"character":0}},"code":0,"severity":2,"source":"Linter","message":"W0003 Local variable ACOLS never used"},{"range":{"start":{"line":367,"character":0},"end":{"line":368,"character":0}},"code":0,"severity":2,"source":"Linter","message":"W0003 Local variable ALINHA never used"},{"range":{"start":{"line":369,"character":0},"end":{"line":370,"character":0}},"code":0,"severity":2,"source":"Linter","message":"W0003 Local variable NX never used"},{"range":{"start":{"line":366,"character":0},"end":{"line":367,"character":0}},"code":0,"severity":2,"source":"Linter","message":"W0003 Local variable QQUERY never used"},{"range":{"start":{"line":421,"character":0},"end":{"line":422,"character":0}},"code":0,"severity":2,"source":"Linter","message":"W0003 Local variable QQUERY never used"},{"range":{"start":{"line":647,"character":0},"end":{"line":648,"character":0}},"code":0,"severity":2,"source":"Linter","message":"W0003 Local variable CCHAVE never used"},{"range":{"start":{"line":646,"character":0},"end":{"line":647,"character":0}},"code":0,"severity":2,"source":"Linter","message":"W0003 Local variable QQUERY never used"},{"range":{"start":{"line":766,"character":0},"end":{"line":767,"character":0}},"code":0,"severity":2,"source":"Linter","message":"W0003 Local variable CCOR never used"}]}}

Content-Length: 177

{"jsonrpc":"2.0","method":"textDocument/publishDiagnostics","params":{"uri":"file:///d%3A/totvs%2012/microsiga/protheus/projetovscode/05_ESTOQUE/BUSCAQTD.prw","diagnostics":[]}}

Content-Length: 179

{"jsonrpc":"2.0","method":"textDocument/publishDiagnostics","params":{"uri":"file:///d%3A/totvs%2012/microsiga/protheus/projetovscode/05_ESTOQUE/CCUSTO_MVC.prw","diagnostics":[]}}

Content-Length: 178

{"jsonrpc":"2.0","method":"textDocument/publishDiagnostics","params":{"uri":"file:///d%3A/totvs%2012/microsiga/protheus/projetovscode/05_ESTOQUE/BUSCALOTE.prw","diagnostics":[]}}

Content-Length: 180

{"jsonrpc":"2.0","method":"textDocument/publishDiagnostics","params":{"uri":"file:///d%3A/totvs%2012/microsiga/protheus/projetovscode/06_FATURAMENTO/SF2460I.prw","diagnostics":[]}}

Content-Length: 183

{"jsonrpc":"2.0","method":"textDocument/publishDiagnostics","params":{"uri":"file:///d%3A/totvs%2012/microsiga/protheus/projetovscode/06_FATURAMENTO/RETPESOFAT.PRW","diagnostics":[]}}

Content-Length: 518

{"jsonrpc":"2.0","method":"textDocument/publishDiagnostics","params":{"uri":"file:///d%3A/totvs%2012/microsiga/protheus/projetovscode/06_FATURAMENTO/RelVenSCli.prw","diagnostics":[{"range":{"start":{"line":10,"character":0},"end":{"line":11,"character":0}},"code":0,"severity":2,"source":"Linter","message":"W0003 Local variable CPERG never used"},{"range":{"start":{"line":9,"character":0},"end":{"line":10,"character":0}},"code":0,"severity":2,"source":"Linter","message":"W0003 Local variable CQUERY never used"}]}}

Content-Length: 186

{"jsonrpc":"2.0","method":"textDocument/publishDiagnostics","params":{"uri":"file:///d%3A/totvs%2012/microsiga/protheus/projetovscode/03_conex%C3%83onfe/mta103mnu.prw","diagnostics":[]}}

Content-Length: 185

{"jsonrpc":"2.0","method":"textDocument/publishDiagnostics","params":{"uri":"file:///d%3A/totvs%2012/microsiga/protheus/projetovscode/03_conex%C3%83onfe/mt140sai.prw","diagnostics":[]}}

Content-Length: 185

{"jsonrpc":"2.0","method":"textDocument/publishDiagnostics","params":{"uri":"file:///d%3A/totvs%2012/microsiga/protheus/projetovscode/03_conex%C3%83onfe/mt140cab.prw","diagnostics":[]}}

Content-Length: 185

{"jsonrpc":"2.0","method":"textDocument/publishDiagnostics","params":{"uri":"file:///d%3A/totvs%2012/microsiga/protheus/projetovscode/03_conex%C3%83onfe/mt103cwh.prw","diagnostics":[]}}

Content-Length: 186

{"jsonrpc":"2.0","method":"textDocument/publishDiagnostics","params":{"uri":"file:///d%3A/totvs%2012/microsiga/protheus/projetovscode/03_conex%C3%83onfe/m145ardel.prw","diagnostics":[]}}

Content-Length: 186

{"jsonrpc":"2.0","method":"textDocument/publishDiagnostics","params":{"uri":"file:///d%3A/totvs%2012/microsiga/protheus/projetovscode/03_conex%C3%83onfe/gmt103fim.prw","diagnostics":[]}}

Content-Length: 186

{"jsonrpc":"2.0","method":"textDocument/publishDiagnostics","params":{"uri":"file:///d%3A/totvs%2012/microsiga/protheus/projetovscode/03_conex%C3%83onfe/fismntnfe.prw","diagnostics":[]}}

Content-Length: 184

{"jsonrpc":"2.0","method":"textDocument/publishDiagnostics","params":{"uri":"file:///d%3A/totvs%2012/microsiga/protheus/projetovscode/03_conex%C3%83onfe/a140exc.prw","diagnostics":[]}}

Content-Length: 185

{"jsonrpc":"2.0","method":"textDocument/publishDiagnostics","params":{"uri":"file:///d%3A/totvs%2012/microsiga/protheus/projetovscode/03_conex%C3%83onfe/a103cnd2.prw","diagnostics":[]}}

Content-Length: 196

{"jsonrpc":"2.0","method":"textDocument/publishDiagnostics","params":{"uri":"file:///d%3A/totvs%2012/microsiga/protheus/projetovscode/06_faturamento_novo_comercial/mt410tok.prw","diagnostics":[]}}

Content-Length: 177

{"jsonrpc":"2.0","method":"textDocument/publishDiagnostics","params":{"uri":"file:///d%3A/totvs%2012/microsiga/protheus/projetovscode/05_ESTOQUE/A330DECC.prw","diagnostics":[]}}

Content-Length: 516

{"jsonrpc":"2.0","method":"textDocument/publishDiagnostics","params":{"uri":"file:///d%3A/totvs%2012/microsiga/protheus/projetovscode/06_FATURAMENTO/RelVend.prw","diagnostics":[{"range":{"start":{"line":16,"character":0},"end":{"line":17,"character":0}},"code":0,"severity":2,"source":"Linter","message":"W0003 Local variable CPERG never used"},{"range":{"start":{"line":15,"character":0},"end":{"line":16,"character":0}},"code":0,"severity":2,"source":"Linter","message":"W0003 Local variable CQUERY never used"}]}}

Content-Length: 517

{"jsonrpc":"2.0","method":"textDocument/publishDiagnostics","params":{"uri":"file:///d%3A/totvs%2012/microsiga/protheus/projetovscode/06_FATURAMENTO/RelVenBE.prw","diagnostics":[{"range":{"start":{"line":11,"character":0},"end":{"line":12,"character":0}},"code":0,"severity":2,"source":"Linter","message":"W0003 Local variable CPERG never used"},{"range":{"start":{"line":10,"character":0},"end":{"line":11,"character":0}},"code":0,"severity":2,"source":"Linter","message":"W0003 Local variable CQUERY never used"}]}}

Content-Length: 515

{"jsonrpc":"2.0","method":"textDocument/publishDiagnostics","params":{"uri":"file:///d%3A/totvs%2012/microsiga/protheus/projetovscode/06_FATURAMENTO/RelPrd.prw","diagnostics":[{"range":{"start":{"line":11,"character":0},"end":{"line":12,"character":0}},"code":0,"severity":2,"source":"Linter","message":"W0003 Local variable CPERG never used"},{"range":{"start":{"line":10,"character":0},"end":{"line":11,"character":0}},"code":0,"severity":2,"source":"Linter","message":"W0003 Local variable CQUERY never used"}]}}

Content-Length: 407

{"jsonrpc":"2.0","method":"textDocument/publishDiagnostics","params":{"uri":"file:///d%3A/totvs%2012/microsiga/protheus/projetovscode/06_FATURAMENTO/nfesefaz.prw","diagnostics":[{"range":{"start":{"line":11283,"character":0},"end":{"line":11284,"character":0}},"code":0,"severity":2,"source":"Linter","message":"W0018 Unsupported assign to function call. This warning may be an error in future version."}]}}

Content-Length: 515

{"jsonrpc":"2.0","method":"textDocument/publishDiagnostics","params":{"uri":"file:///d%3A/totvs%2012/microsiga/protheus/projetovscode/06_FATURAMENTO/RelPdv.PRW","diagnostics":[{"range":{"start":{"line":11,"character":0},"end":{"line":12,"character":0}},"code":0,"severity":2,"source":"Linter","message":"W0003 Local variable CPERG never used"},{"range":{"start":{"line":10,"character":0},"end":{"line":11,"character":0}},"code":0,"severity":2,"source":"Linter","message":"W0003 Local variable CQUERY never used"}]}}

Content-Length: 181

{"jsonrpc":"2.0","method":"textDocument/publishDiagnostics","params":{"uri":"file:///d%3A/totvs%2012/microsiga/protheus/projetovscode/06_FATURAMENTO/MUDAVEND.PRW","diagnostics":[]}}

Content-Length: 180

{"jsonrpc":"2.0","method":"textDocument/publishDiagnostics","params":{"uri":"file:///d%3A/totvs%2012/microsiga/protheus/projetovscode/06_FATURAMENTO/MT440GR.PRW","diagnostics":[]}}

Content-Length: 181

{"jsonrpc":"2.0","method":"textDocument/publishDiagnostics","params":{"uri":"file:///d%3A/totvs%2012/microsiga/protheus/projetovscode/06_FATURAMENTO/MPREVEND.PRW","diagnostics":[]}}

Content-Length: 352

{"jsonrpc":"2.0","method":"textDocument/publishDiagnostics","params":{"uri":"file:///d%3A/totvs%2012/microsiga/protheus/projetovscode/06_FATURAMENTO/MDFESEFAZ.prw","diagnostics":[{"range":{"start":{"line":344,"character":0},"end":{"line":345,"character":0}},"code":0,"severity":2,"source":"Linter","message":"W0003 Local variable ANFREF never used"}]}}

Content-Length: 199

{"jsonrpc":"2.0","method":"textDocument/publishDiagnostics","params":{"uri":"file:///d%3A/totvs%2012/microsiga/protheus/projetovscode/06_faturamento_novo_comercial/listmultpag.prw","diagnostics":[]}}

Content-Length: 181

{"jsonrpc":"2.0","method":"textDocument/publishDiagnostics","params":{"uri":"file:///d%3A/totvs%2012/microsiga/protheus/projetovscode/10_lib/fonte_gr/groa056.prw","diagnostics":[]}}

Content-Length: 178

{"jsonrpc":"2.0","method":"textDocument/publishDiagnostics","params":{"uri":"file:///d%3A/totvs%2012/microsiga/protheus/projetovscode/07_financeiro/import.prw","diagnostics":[]}}

Content-Length: 182

{"jsonrpc":"2.0","method":"textDocument/publishDiagnostics","params":{"uri":"file:///d%3A/totvs%2012/microsiga/protheus/projetovscode/07_financeiro/itmmfin010.prw","diagnostics":[]}}

Content-Length: 179

{"jsonrpc":"2.0","method":"textDocument/publishDiagnostics","params":{"uri":"file:///d%3A/totvs%2012/microsiga/protheus/projetovscode/07_financeiro/fa60fil.prw","diagnostics":[]}}

Content-Length: 180

{"jsonrpc":"2.0","method":"textDocument/publishDiagnostics","params":{"uri":"file:///d%3A/totvs%2012/microsiga/protheus/projetovscode/07_financeiro/se5fi070.prw","diagnostics":[]}}

Content-Length: 179

{"jsonrpc":"2.0","method":"textDocument/publishDiagnostics","params":{"uri":"file:///d%3A/totvs%2012/microsiga/protheus/projetovscode/07_financeiro/rel0036.prw","diagnostics":[]}}

Content-Length: 182

{"jsonrpc":"2.0","method":"textDocument/publishDiagnostics","params":{"uri":"file:///d%3A/totvs%2012/microsiga/protheus/projetovscode/07_financeiro/mvalidmoed.prw","diagnostics":[]}}

Content-Length: 184

{"jsonrpc":"2.0","method":"textDocument/publishDiagnostics","params":{"uri":"file:///d%3A/totvs%2012/microsiga/protheus/projetovscode/07_financeiro/manutseguros.prw","diagnostics":[]}}

Content-Length: 183

{"jsonrpc":"2.0","method":"textDocument/publishDiagnostics","params":{"uri":"file:///d%3A/totvs%2012/microsiga/protheus/projetovscode/07_financeiro/itm_mfin020.prw","diagnostics":[]}}

Content-Length: 182

{"jsonrpc":"2.0","method":"textDocument/publishDiagnostics","params":{"uri":"file:///d%3A/totvs%2012/microsiga/protheus/projetovscode/06_FATURAMENTO/MCLASSIFI.PRW","diagnostics":[]}}

Content-Length: 1551

{"jsonrpc":"2.0","method":"textDocument/publishDiagnostics","params":{"uri":"file:///d%3A/totvs%2012/microsiga/protheus/projetovscode/06_FATURAMENTO/MATR730Q.prw","diagnostics":[{"range":{"start":{"line":16,"character":0},"end":{"line":17,"character":0}},"code":0,"severity":2,"source":"Linter","message":"W0003 Local variable OREPORT never used"},{"range":{"start":{"line":246,"character":0},"end":{"line":247,"character":0}},"code":0,"severity":2,"source":"Linter","message":"W0003 Local variable CKEY never used"},{"range":{"start":{"line":833,"character":0},"end":{"line":834,"character":0}},"code":0,"severity":2,"source":"Linter","message":"W0003 Local variable NDECS never used"},{"range":{"start":{"line":1077,"character":0},"end":{"line":1078,"character":0}},"code":0,"severity":2,"source":"Linter","message":"W0003 Local variable CBCONT never used"},{"range":{"start":{"line":1078,"character":0},"end":{"line":1079,"character":0}},"code":0,"severity":2,"source":"Linter","message":"W0003 Local variable CBTEXT never used"},{"range":{"start":{"line":1080,"character":0},"end":{"line":1081,"character":0}},"code":0,"severity":2,"source":"Linter","message":"W0003 Local variable CFILTER never used"},{"range":{"start":{"line":1079,"character":0},"end":{"line":1080,"character":0}},"code":0,"severity":2,"source":"Linter","message":"W0003 Local variable CKEY never used"},{"range":{"start":{"line":1075,"character":0},"end":{"line":1076,"character":0}},"code":0,"severity":2,"source":"Linter","message":"W0003 Local variable LIMP never used"}]}}

Content-Length: 181

{"jsonrpc":"2.0","method":"textDocument/publishDiagnostics","params":{"uri":"file:///d%3A/totvs%2012/microsiga/protheus/projetovscode/06_FATURAMENTO/MA030TOK.prw","diagnostics":[]}}

Content-Length: 1028

{"jsonrpc":"2.0","method":"textDocument/publishDiagnostics","params":{"uri":"file:///d%3A/totvs%2012/microsiga/protheus/projetovscode/06_FATURAMENTO/GM460FIM.PRW","diagnostics":[{"range":{"start":{"line":17,"character":0},"end":{"line":18,"character":0}},"code":0,"severity":2,"source":"Linter","message":"W0003 Local variable APESO never used"},{"range":{"start":{"line":19,"character":0},"end":{"line":20,"character":0}},"code":0,"severity":2,"source":"Linter","message":"W0003 Local variable CBOLETO never used"},{"range":{"start":{"line":20,"character":0},"end":{"line":21,"character":0}},"code":0,"severity":2,"source":"Linter","message":"W0003 Local variable CMSGNOTA never used"},{"range":{"start":{"line":21,"character":0},"end":{"line":22,"character":0}},"code":0,"severity":2,"source":"Linter","message":"W0003 Local variable CNOTAS never used"},{"range":{"start":{"line":18,"character":0},"end":{"line":19,"character":0}},"code":0,"severity":2,"source":"Linter","message":"W0003 Local variable NRESULT never used"}]}}

Content-Length: 335

{"jsonrpc":"2.0","method":"textDocument/publishDiagnostics","params":{"uri":"file:///d%3A/totvs%2012/microsiga/protheus/projetovscode/06_FATURAMENTO/LstMULTAB.prw","diagnostics":[{"range":{"start":{"line":122,"character":0},"end":{"line":123,"character":0}},"code":0,"severity":1,"source":"Linter","message":"variable is not Local"}]}}

Content-Length: 180

{"jsonrpc":"2.0","method":"textDocument/publishDiagnostics","params":{"uri":"file:///d%3A/totvs%2012/microsiga/protheus/projetovscode/06_FATURAMENTO/DESCPDV.prw","diagnostics":[]}}

Content-Length: 5556

{"jsonrpc":"2.0","method":"textDocument/publishDiagnostics","params":{"uri":"file:///d%3A/totvs%2012/microsiga/protheus/projetovscode/06_FATURAMENTO/danfeii.prw","diagnostics":[{"range":{"start":{"line":1009,"character":0},"end":{"line":1010,"character":0}},"code":0,"severity":2,"source":"Linter","message":"W0003 Local variable ALOTE never used"},{"range":{"start":{"line":989,"character":0},"end":{"line":990,"character":0}},"code":0,"severity":2,"source":"Linter","message":"W0003 Local variable ATAMANHO never used"},{"range":{"start":{"line":1088,"character":0},"end":{"line":1089,"character":0}},"code":0,"severity":2,"source":"Linter","message":"W0003 Local variable LCOMPLEECF never used"},{"range":{"start":{"line":1083,"character":0},"end":{"line":1084,"character":0}},"code":0,"severity":2,"source":"Linter","message":"W0003 Local variable LPAGPAR never used"},{"range":{"start":{"line":1019,"character":0},"end":{"line":1020,"character":0}},"code":0,"severity":2,"source":"Linter","message":"W0003 Local variable NAUXV never used"},{"range":{"start":{"line":1056,"character":0},"end":{"line":1057,"character":0}},"code":0,"severity":2,"source":"Linter","message":"W0003 Local variable NITENSRES never used"},{"range":{"start":{"line":1027,"character":0},"end":{"line":1028,"character":0}},"code":0,"severity":2,"source":"Linter","message":"W0003 Local variable NJ never used"},{"range":{"start":{"line":1050,"character":0},"end":{"line":1051,"character":0}},"code":0,"severity":2,"source":"Linter","message":"W0003 Local variable NLEN never used"},{"range":{"start":{"line":1044,"character":0},"end":{"line":1045,"character":0}},"code":0,"severity":2,"source":"Linter","message":"W0003 Local variable NLENFATURA never used"},{"range":{"start":{"line":1052,"character":0},"end":{"line":1053,"character":0}},"code":0,"severity":2,"source":"Linter","message":"W0003 Local variable NLINSUM never used"},{"range":{"start":{"line":1055,"character":0},"end":{"line":1056,"character":0}},"code":0,"severity":2,"source":"Linter","message":"W0003 Local variable NPAG never used"},{"range":{"start":{"line":1015,"character":0},"end":{"line":1016,"character":0}},"code":0,"severity":2,"source":"Linter","message":"W0003 Local variable NPOSH never used"},{"range":{"start":{"line":1016,"character":0},"end":{"line":1017,"character":0}},"code":0,"severity":2,"source":"Linter","message":"W0003 Local variable NPOSHOLD never used"},{"range":{"start":{"line":1013,"character":0},"end":{"line":1014,"character":0}},"code":0,"severity":2,"source":"Linter","message":"W0003 Local variable NPOSV never used"},{"range":{"start":{"line":1014,"character":0},"end":{"line":1015,"character":0}},"code":0,"severity":2,"source":"Linter","message":"W0003 Local variable NPOSVOLD never used"},{"range":{"start":{"line":1057,"character":0},"end":{"line":1058,"character":0}},"code":0,"severity":2,"source":"Linter","message":"W0003 Local variable NSOMA never used"},{"range":{"start":{"line":1029,"character":0},"end":{"line":1030,"character":0}},"code":0,"severity":2,"source":"Linter","message":"W0003 Local variable NTAMANHO never used"},{"range":{"start":{"line":1028,"character":0},"end":{"line":1029,"character":0}},"code":0,"severity":2,"source":"Linter","message":"W0003 Local variable NW never used"},{"range":{"start":{"line":4355,"character":0},"end":{"line":4356,"character":0}},"code":0,"severity":2,"source":"Linter","message":"W0003 Local variable AEXECUTE never used"},{"range":{"start":{"line":4356,"character":0},"end":{"line":4357,"character":0}},"code":0,"severity":2,"source":"Linter","message":"W0003 Local variable AFALTA never used"},{"range":{"start":{"line":4357,"character":0},"end":{"line":4358,"character":0}},"code":0,"severity":2,"source":"Linter","message":"W0003 Local variable ARESPOSTA never used"},{"range":{"start":{"line":4375,"character":0},"end":{"line":4376,"character":0}},"code":0,"severity":2,"source":"Linter","message":"W0003 Local variable CMODEL never used"},{"range":{"start":{"line":4379,"character":0},"end":{"line":4380,"character":0}},"code":0,"severity":2,"source":"Linter","message":"W0003 Local variable LFLAG never used"},{"range":{"start":{"line":4386,"character":0},"end":{"line":4387,"character":0}},"code":0,"severity":2,"source":"Linter","message":"W0003 Local variable NCOUNT never used"},{"range":{"start":{"line":4382,"character":0},"end":{"line":4383,"character":0}},"code":0,"severity":2,"source":"Linter","message":"W0003 Local variable NL never used"},{"range":{"start":{"line":4387,"character":0},"end":{"line":4388,"character":0}},"code":0,"severity":2,"source":"Linter","message":"W0003 Local variable NLENNFE never used"},{"range":{"start":{"line":4388,"character":0},"end":{"line":4389,"character":0}},"code":0,"severity":2,"source":"Linter","message":"W0003 Local variable NLENWS never used"},{"range":{"start":{"line":4612,"character":0},"end":{"line":4613,"character":0}},"code":0,"severity":2,"source":"Linter","message":"W0003 Local variable AMENSAGEM never used"},{"range":{"start":{"line":4621,"character":0},"end":{"line":4622,"character":0}},"code":0,"severity":2,"source":"Linter","message":"W0003 Local variable LIMPANFAV never used"},{"range":{"start":{"line":4622,"character":0},"end":{"line":4623,"character":0}},"code":0,"severity":2,"source":"Linter","message":"W0003 Local variable LIMPINFAD never used"},{"range":{"start":{"line":4607,"character":0},"end":{"line":4608,"character":0}},"code":0,"severity":2,"source":"Linter","message":"W0003 Local variable NFIMLULT never used"}]}}

Content-Length: 349

{"jsonrpc":"2.0","method":"textDocument/publishDiagnostics","params":{"uri":"file:///d%3A/totvs%2012/microsiga/protheus/projetovscode/06_FATURAMENTO/DAMDFE.prw","diagnostics":[{"range":{"start":{"line":870,"character":0},"end":{"line":871,"character":0}},"code":0,"severity":2,"source":"Linter","message":"W0003 Local variable NCOUNT never used"}]}}

Content-Length: 860

{"jsonrpc":"2.0","method":"textDocument/publishDiagnostics","params":{"uri":"file:///d%3A/totvs%2012/microsiga/protheus/projetovscode/06_FATURAMENTO/CRMA980_pe.prw","diagnostics":[{"range":{"start":{"line":25,"character":0},"end":{"line":26,"character":0}},"code":0,"severity":2,"source":"Linter","message":"W0003 Local variable CMSG never used"},{"range":{"start":{"line":26,"character":0},"end":{"line":27,"character":0}},"code":0,"severity":2,"source":"Linter","message":"W0003 Local variable CQUERY never used"},{"range":{"start":{"line":23,"character":0},"end":{"line":24,"character":0}},"code":0,"severity":2,"source":"Linter","message":"W0003 Local variable NLINHA never used"},{"range":{"start":{"line":24,"character":0},"end":{"line":25,"character":0}},"code":0,"severity":2,"source":"Linter","message":"W0003 Local variable NQTDLINHAS never used"}]}}

Content-Length: 179

{"jsonrpc":"2.0","method":"textDocument/publishDiagnostics","params":{"uri":"file:///d%3A/totvs%2012/microsiga/protheus/projetovscode/06_FATURAMENTO/ChkSc6.prw","diagnostics":[]}}

Content-Length: 180

{"jsonrpc":"2.0","method":"textDocument/publishDiagnostics","params":{"uri":"file:///d%3A/totvs%2012/microsiga/protheus/projetovscode/07_financeiro/lstmoeda.prw","diagnostics":[]}}

Content-Length: 182

{"jsonrpc":"2.0","method":"textDocument/publishDiagnostics","params":{"uri":"file:///d%3A/totvs%2012/microsiga/protheus/projetovscode/07_financeiro/itmrfin010.prw","diagnostics":[]}}

Content-Length: 180

{"jsonrpc":"2.0","method":"textDocument/publishDiagnostics","params":{"uri":"file:///d%3A/totvs%2012/microsiga/protheus/projetovscode/07_financeiro/fa040inc.prw","diagnostics":[]}}

Content-Length: 180

{"jsonrpc":"2.0","method":"textDocument/publishDiagnostics","params":{"uri":"file:///d%3A/totvs%2012/microsiga/protheus/projetovscode/07_financeiro/fa040del.prw","diagnostics":[]}}

Content-Length: 180

{"jsonrpc":"2.0","method":"textDocument/publishDiagnostics","params":{"uri":"file:///d%3A/totvs%2012/microsiga/protheus/projetovscode/07_financeiro/f580chav.prw","diagnostics":[]}}

Content-Length: 180

{"jsonrpc":"2.0","method":"textDocument/publishDiagnostics","params":{"uri":"file:///d%3A/totvs%2012/microsiga/protheus/projetovscode/07_financeiro/f380cpos.prw","diagnostics":[]}}

Content-Length: 180

{"jsonrpc":"2.0","method":"textDocument/publishDiagnostics","params":{"uri":"file:///d%3A/totvs%2012/microsiga/protheus/projetovscode/07_financeiro/f380reco.prw","diagnostics":[]}}

Content-Length: 180

{"jsonrpc":"2.0","method":"textDocument/publishDiagnostics","params":{"uri":"file:///d%3A/totvs%2012/microsiga/protheus/projetovscode/07_financeiro/f070btok.prw","diagnostics":[]}}

Content-Length: 175

{"jsonrpc":"2.0","method":"textDocument/publishDiagnostics","params":{"uri":"file:///d%3A/totvs%2012/microsiga/protheus/projetovscode/08_grplus/mpropcp.prw","diagnostics":[]}}

Content-Length: 180

{"jsonrpc":"2.0","method":"textDocument/publishDiagnostics","params":{"uri":"file:///d%3A/totvs%2012/microsiga/protheus/projetovscode/07_financeiro/f070brow.prw","diagnostics":[]}}

Content-Length: 179

{"jsonrpc":"2.0","method":"textDocument/publishDiagnostics","params":{"uri":"file:///d%3A/totvs%2012/microsiga/protheus/projetovscode/06_FATURAMENTO/ChkSc2.prw","diagnostics":[]}}

Content-Length: 329

{"jsonrpc":"2.0","method":"textDocument/publishDiagnostics","params":{"uri":"file:///d%3A/totvs%2012/microsiga/protheus/projetovscode/05_ESTOQUE/analise.prw","diagnostics":[{"range":{"start":{"line":642,"character":0},"end":{"line":643,"character":0}},"code":0,"severity":1,"source":"Linter","message":"variable is not Local"}]}}

Content-Length: 688

{"jsonrpc":"2.0","method":"textDocument/publishDiagnostics","params":{"uri":"file:///d%3A/totvs%2012/microsiga/protheus/projetovscode/05_ESTOQUE/cmatr285.prx","diagnostics":[{"range":{"start":{"line":17,"character":0},"end":{"line":18,"character":0}},"code":0,"severity":2,"source":"Linter","message":"W0003 Local variable OREPORT never used"},{"range":{"start":{"line":169,"character":0},"end":{"line":170,"character":0}},"code":0,"severity":2,"source":"Linter","message":"W0003 Local variable CNOMARQ never used"},{"range":{"start":{"line":570,"character":0},"end":{"line":571,"character":0}},"code":0,"severity":2,"source":"Linter","message":"W0003 Local variable NTIPO never used"}]}}

Content-Length: 177

{"jsonrpc":"2.0","method":"textDocument/publishDiagnostics","params":{"uri":"file:///d%3A/totvs%2012/microsiga/protheus/projetovscode/05_ESTOQUE/MT241SD3.prw","diagnostics":[]}}

Content-Length: 345

{"jsonrpc":"2.0","method":"textDocument/publishDiagnostics","params":{"uri":"file:///d%3A/totvs%2012/microsiga/protheus/projetovscode/05_ESTOQUE/MTA105OK.PRW","diagnostics":[{"range":{"start":{"line":66,"character":0},"end":{"line":67,"character":0}},"code":0,"severity":2,"source":"Linter","message":"W0003 Local variable NOPCAP never used"}]}}

Content-Length: 176

{"jsonrpc":"2.0","method":"textDocument/publishDiagnostics","params":{"uri":"file:///d%3A/totvs%2012/microsiga/protheus/projetovscode/05_ESTOQUE/MREVEST.prw","diagnostics":[]}}

Content-Length: 348

{"jsonrpc":"2.0","method":"textDocument/publishDiagnostics","params":{"uri":"file:///d%3A/totvs%2012/microsiga/protheus/projetovscode/05_ESTOQUE/MT110TOK.prw","diagnostics":[{"range":{"start":{"line":22,"character":0},"end":{"line":23,"character":0}},"code":0,"severity":2,"source":"Linter","message":"W0003 Local variable NPOSOBSER never used"}]}}

Content-Length: 176

{"jsonrpc":"2.0","method":"textDocument/publishDiagnostics","params":{"uri":"file:///d%3A/totvs%2012/microsiga/protheus/projetovscode/05_ESTOQUE/MREAVCM.PRW","diagnostics":[]}}

Content-Length: 175

{"jsonrpc":"2.0","method":"textDocument/publishDiagnostics","params":{"uri":"file:///d%3A/totvs%2012/microsiga/protheus/projetovscode/05_ESTOQUE/MPFEST.prw","diagnostics":[]}}

Content-Length: 178

{"jsonrpc":"2.0","method":"textDocument/publishDiagnostics","params":{"uri":"file:///d%3A/totvs%2012/microsiga/protheus/projetovscode/05_ESTOQUE/MTA261DOC.prw","diagnostics":[]}}

Content-Length: 176

{"jsonrpc":"2.0","method":"textDocument/publishDiagnostics","params":{"uri":"file:///d%3A/totvs%2012/microsiga/protheus/projetovscode/08_grplus/mgroa044.prw","diagnostics":[]}}

Content-Length: 180

{"jsonrpc":"2.0","method":"textDocument/publishDiagnostics","params":{"uri":"file:///d%3A/totvs%2012/microsiga/protheus/projetovscode/07_financeiro/f050mdvc.prw","diagnostics":[]}}

Content-Length: 179

{"jsonrpc":"2.0","method":"textDocument/publishDiagnostics","params":{"uri":"file:///d%3A/totvs%2012/microsiga/protheus/projetovscode/07_financeiro/f060act.prw","diagnostics":[]}}

Content-Length: 180

{"jsonrpc":"2.0","method":"textDocument/publishDiagnostics","params":{"uri":"file:///d%3A/totvs%2012/microsiga/protheus/projetovscode/07_financeiro/f050brow.prw","diagnostics":[]}}

Content-Length: 178

{"jsonrpc":"2.0","method":"textDocument/publishDiagnostics","params":{"uri":"file:///d%3A/totvs%2012/microsiga/protheus/projetovscode/08_grplus/mcontrofio.prw","diagnostics":[]}}

Content-Length: 179

{"jsonrpc":"2.0","method":"textDocument/publishDiagnostics","params":{"uri":"file:///d%3A/totvs%2012/microsiga/protheus/projetovscode/07_financeiro/f040pco.prw","diagnostics":[]}}

Content-Length: 178

{"jsonrpc":"2.0","method":"textDocument/publishDiagnostics","params":{"uri":"file:///d%3A/totvs%2012/microsiga/protheus/projetovscode/08_grplus/mconlanmed.prw","diagnostics":[]}}

Content-Length: 179

{"jsonrpc":"2.0","method":"textDocument/publishDiagnostics","params":{"uri":"file:///d%3A/totvs%2012/microsiga/protheus/projetovscode/07_financeiro/blqfina.prw","diagnostics":[]}}

Content-Length: 178

{"jsonrpc":"2.0","method":"textDocument/publishDiagnostics","params":{"uri":"file:///d%3A/totvs%2012/microsiga/protheus/projetovscode/08_grplus/markcalend.prw","diagnostics":[]}}

Content-Length: 175

{"jsonrpc":"2.0","method":"textDocument/publishDiagnostics","params":{"uri":"file:///d%3A/totvs%2012/microsiga/protheus/projetovscode/08_grplus/gror015.prw","diagnostics":[]}}

Content-Length: 178

{"jsonrpc":"2.0","method":"textDocument/publishDiagnostics","params":{"uri":"file:///d%3A/totvs%2012/microsiga/protheus/projetovscode/05_ESTOQUE/PR106AUTO.prw","diagnostics":[]}}

Content-Length: 179

{"jsonrpc":"2.0","method":"textDocument/publishDiagnostics","params":{"uri":"file:///d%3A/totvs%2012/microsiga/protheus/projetovscode/05_ESTOQUE/MMOVESTEND.PRW","diagnostics":[]}}

Content-Length: 1036

{"jsonrpc":"2.0","method":"textDocument/publishDiagnostics","params":{"uri":"file:///d%3A/totvs%2012/microsiga/protheus/projetovscode/05_ESTOQUE/MESTNOTA.PRW","diagnostics":[{"range":{"start":{"line":76,"character":0},"end":{"line":77,"character":0}},"code":0,"severity":2,"source":"Linter","message":"W0008 Too few parameters calling MsgInfo"},{"range":{"start":{"line":26,"character":0},"end":{"line":27,"character":0}},"code":0,"severity":2,"source":"Linter","message":"W0003 Local variable ACAMPDT never used"},{"range":{"start":{"line":216,"character":0},"end":{"line":217,"character":0}},"code":0,"severity":2,"source":"Linter","message":"W0003 Local variable AHELPENG never used"},{"range":{"start":{"line":215,"character":0},"end":{"line":216,"character":0}},"code":0,"severity":2,"source":"Linter","message":"W0003 Local variable AHELPPOR never used"},{"range":{"start":{"line":217,"character":0},"end":{"line":218,"character":0}},"code":0,"severity":2,"source":"Linter","message":"W0003 Local variable AHELPSPA never used"}]}}

Content-Length: 5316

{"jsonrpc":"2.0","method":"textDocument/publishDiagnostics","params":{"uri":"file:///d%3A/totvs%2012/microsiga/protheus/projetovscode/05_ESTOQUE/Matr910.prw","diagnostics":[{"range":{"start":{"line":16,"character":0},"end":{"line":17,"character":0}},"code":0,"severity":2,"source":"Linter","message":"W0003 Local variable OREPORT never used"},{"range":{"start":{"line":57,"character":0},"end":{"line":58,"character":0}},"code":0,"severity":2,"source":"Linter","message":"W0003 Local variable OCELL never used"},{"range":{"start":{"line":329,"character":0},"end":{"line":330,"character":0}},"code":0,"severity":2,"source":"Linter","message":"W0003 Local variable ARECTRF never used"},{"range":{"start":{"line":340,"character":0},"end":{"line":341,"character":0}},"code":0,"severity":2,"source":"Linter","message":"W0003 Local variable BBLOCO never used"},{"range":{"start":{"line":299,"character":0},"end":{"line":300,"character":0}},"code":0,"severity":2,"source":"Linter","message":"W0003 Local variable CALIAS never used"},{"range":{"start":{"line":324,"character":0},"end":{"line":325,"character":0}},"code":0,"severity":2,"source":"Linter","message":"W0003 Local variable CARQ1 never used"},{"range":{"start":{"line":303,"character":0},"end":{"line":304,"character":0}},"code":0,"severity":2,"source":"Linter","message":"W0003 Local variable CCAMPO1 never used"},{"range":{"start":{"line":303,"character":0},"end":{"line":304,"character":0}},"code":0,"severity":2,"source":"Linter","message":"W0003 Local variable CCAMPO2 never used"},{"range":{"start":{"line":303,"character":0},"end":{"line":304,"character":0}},"code":0,"severity":2,"source":"Linter","message":"W0003 Local variable CCAMPO3 never used"},{"range":{"start":{"line":303,"character":0},"end":{"line":304,"character":0}},"code":0,"severity":2,"source":"Linter","message":"W0003 Local variable CCAMPO4 never used"},{"range":{"start":{"line":298,"character":0},"end":{"line":299,"character":0}},"code":0,"severity":2,"source":"Linter","message":"W0003 Local variable CCOND1 never used"},{"range":{"start":{"line":298,"character":0},"end":{"line":299,"character":0}},"code":0,"severity":2,"source":"Linter","message":"W0003 Local variable CCOND2 never used"},{"range":{"start":{"line":298,"character":0},"end":{"line":299,"character":0}},"code":0,"severity":2,"source":"Linter","message":"W0003 Local variable CCUSTO never used"},{"range":{"start":{"line":303,"character":0},"end":{"line":304,"character":0}},"code":0,"severity":2,"source":"Linter","message":"W0003 Local variable CINDICE never used"},{"range":{"start":{"line":296,"character":0},"end":{"line":297,"character":0}},"code":0,"severity":2,"source":"Linter","message":"W0003 Local variable CPICB2QT never used"},{"range":{"start":{"line":305,"character":0},"end":{"line":306,"character":0}},"code":0,"severity":2,"source":"Linter","message":"W0003 Local variable CSEQINI never used"},{"range":{"start":{"line":301,"character":0},"end":{"line":302,"character":0}},"code":0,"severity":2,"source":"Linter","message":"W0003 Local variable CTRBSD2 never used"},{"range":{"start":{"line":302,"character":0},"end":{"line":303,"character":0}},"code":0,"severity":2,"source":"Linter","message":"W0003 Local variable CTRBSD3 never used"},{"range":{"start":{"line":292,"character":0},"end":{"line":293,"character":0}},"code":0,"severity":2,"source":"Linter","message":"W0003 Local variable DCNTDATA never used"},{"range":{"start":{"line":291,"character":0},"end":{"line":292,"character":0}},"code":0,"severity":2,"source":"Linter","message":"W0003 Local variable NGENTRADA never used"},{"range":{"start":{"line":291,"character":0},"end":{"line":292,"character":0}},"code":0,"severity":2,"source":"Linter","message":"W0003 Local variable NGSAIDA never used"},{"range":{"start":{"line":303,"character":0},"end":{"line":304,"character":0}},"code":0,"severity":2,"source":"Linter","message":"W0003 Local variable NIND never used"},{"range":{"start":{"line":325,"character":0},"end":{"line":326,"character":0}},"code":0,"severity":2,"source":"Linter","message":"W0003 Local variable NIND1 never used"},{"range":{"start":{"line":292,"character":0},"end":{"line":293,"character":0}},"code":0,"severity":2,"source":"Linter","message":"W0003 Local variable NREC1 never used"},{"range":{"start":{"line":292,"character":0},"end":{"line":293,"character":0}},"code":0,"severity":2,"source":"Linter","message":"W0003 Local variable NREC2 never used"},{"range":{"start":{"line":292,"character":0},"end":{"line":293,"character":0}},"code":0,"severity":2,"source":"Linter","message":"W0003 Local variable NREC3 never used"},{"range":{"start":{"line":327,"character":0},"end":{"line":328,"character":0}},"code":0,"severity":2,"source":"Linter","message":"W0003 Local variable NRECTRF1 never used"},{"range":{"start":{"line":328,"character":0},"end":{"line":329,"character":0}},"code":0,"severity":2,"source":"Linter","message":"W0003 Local variable NRECTRF2 never used"},{"range":{"start":{"line":304,"character":0},"end":{"line":305,"character":0}},"code":0,"severity":2,"source":"Linter","message":"W0003 Local variable NREGTR never used"},{"range":{"start":{"line":292,"character":0},"end":{"line":293,"character":0}},"code":0,"severity":2,"source":"Linter","message":"W0003 Local variable NSAVREC never used"}]}}

Content-Length: 744

{"jsonrpc":"2.0","method":"textDocument/publishDiagnostics","params":{"uri":"file:///d%3A/totvs%2012/microsiga/protheus/projetovscode/05_ESTOQUE/MATR300.PRW","diagnostics":[{"range":{"start":{"line":19,"character":0},"end":{"line":20,"character":0}},"code":0,"severity":2,"source":"Linter","message":"W0003 Local variable OREPORT never used"},{"range":{"start":{"line":557,"character":0},"end":{"line":558,"character":0}},"code":0,"severity":2,"source":"Linter","message":"W0003 Local variable NTIPO never used"},{"range":{"start":{"line":639,"character":0},"end":{"line":640,"character":0}},"code":0,"severity":2,"source":"Linter","message":"W0019 Statement unbalanced function in C300IMP. This warning will be an error in future version."}]}}

Content-Length: 176

{"jsonrpc":"2.0","method":"textDocument/publishDiagnostics","params":{"uri":"file:///d%3A/totvs%2012/microsiga/protheus/projetovscode/05_ESTOQUE/M185GRV.PRW","diagnostics":[]}}

Content-Length: 1715

{"jsonrpc":"2.0","method":"textDocument/publishDiagnostics","params":{"uri":"file:///d%3A/totvs%2012/microsiga/protheus/projetovscode/05_ESTOQUE/M105BUT.prw","diagnostics":[{"range":{"start":{"line":38,"character":0},"end":{"line":39,"character":0}},"code":0,"severity":2,"source":"Linter","message":"W0003 Local variable AAREASD4 never used"},{"range":{"start":{"line":39,"character":0},"end":{"line":40,"character":0}},"code":0,"severity":2,"source":"Linter","message":"W0003 Local variable AAREASDC never used"},{"range":{"start":{"line":40,"character":0},"end":{"line":41,"character":0}},"code":0,"severity":2,"source":"Linter","message":"W0003 Local variable AAREASG1 never used"},{"range":{"start":{"line":37,"character":0},"end":{"line":38,"character":0}},"code":0,"severity":2,"source":"Linter","message":"W0003 Local variable ACOLSPE never used"},{"range":{"start":{"line":36,"character":0},"end":{"line":37,"character":0}},"code":0,"severity":2,"source":"Linter","message":"W0003 Local variable AESTRUTURA never used"},{"range":{"start":{"line":49,"character":0},"end":{"line":50,"character":0}},"code":0,"severity":2,"source":"Linter","message":"W0003 Local variable CLOCPROC never used"},{"range":{"start":{"line":41,"character":0},"end":{"line":42,"character":0}},"code":0,"severity":2,"source":"Linter","message":"W0003 Local variable LSUGSEMSLD never used"},{"range":{"start":{"line":43,"character":0},"end":{"line":44,"character":0}},"code":0,"severity":2,"source":"Linter","message":"W0003 Local variable NPERCOP never used"},{"range":{"start":{"line":44,"character":0},"end":{"line":45,"character":0}},"code":0,"severity":2,"source":"Linter","message":"W0003 Local variable NPOSCOD never used"}]}}

Content-Length: 691

{"jsonrpc":"2.0","method":"textDocument/publishDiagnostics","params":{"uri":"file:///d%3A/totvs%2012/microsiga/protheus/projetovscode/05_ESTOQUE/ITM_MEST010.prw","diagnostics":[{"range":{"start":{"line":74,"character":0},"end":{"line":75,"character":0}},"code":0,"severity":2,"source":"Linter","message":"W0003 Local variable NBTLIDOS never used"},{"range":{"start":{"line":74,"character":0},"end":{"line":75,"character":0}},"code":0,"severity":2,"source":"Linter","message":"W0003 Local variable NTAMFILE never used"},{"range":{"start":{"line":74,"character":0},"end":{"line":75,"character":0}},"code":0,"severity":2,"source":"Linter","message":"W0003 Local variable NTAMLIN never used"}]}}

Content-Length: 175

{"jsonrpc":"2.0","method":"textDocument/publishDiagnostics","params":{"uri":"file:///d%3A/totvs%2012/microsiga/protheus/projetovscode/05_ESTOQUE/IPADCC.prw","diagnostics":[]}}

Content-Length: 355

{"jsonrpc":"2.0","method":"textDocument/publishDiagnostics","params":{"uri":"file:///d%3A/totvs%2012/microsiga/protheus/projetovscode/05_ESTOQUE/IMPINVSB9.PRW","diagnostics":[{"range":{"start":{"line":103,"character":0},"end":{"line":104,"character":0}},"code":0,"severity":2,"source":"Linter","message":"W0007 Too many parameters calling dbclosearea"}]}}

Content-Length: 176

{"jsonrpc":"2.0","method":"textDocument/publishDiagnostics","params":{"uri":"file:///d%3A/totvs%2012/microsiga/protheus/projetovscode/08_grplus/mautpeso.prw","diagnostics":[]}}

Content-Length: 175

{"jsonrpc":"2.0","method":"textDocument/publishDiagnostics","params":{"uri":"file:///d%3A/totvs%2012/microsiga/protheus/projetovscode/08_grplus/gror002.prw","diagnostics":[]}}

Content-Length: 176

{"jsonrpc":"2.0","method":"textDocument/publishDiagnostics","params":{"uri":"file:///d%3A/totvs%2012/microsiga/protheus/projetovscode/08_grplus/groa56in.prw","diagnostics":[]}}

Content-Length: 176

{"jsonrpc":"2.0","method":"textDocument/publishDiagnostics","params":{"uri":"file:///d%3A/totvs%2012/microsiga/protheus/projetovscode/08_grplus/groa0311.prw","diagnostics":[]}}

Content-Length: 176

{"jsonrpc":"2.0","method":"textDocument/publishDiagnostics","params":{"uri":"file:///d%3A/totvs%2012/microsiga/protheus/projetovscode/08_grplus/gr37acpo.prw","diagnostics":[]}}

Content-Length: 176

{"jsonrpc":"2.0","method":"textDocument/publishDiagnostics","params":{"uri":"file:///d%3A/totvs%2012/microsiga/protheus/projetovscode/08_grplus/gr056sql.prw","diagnostics":[]}}

Content-Length: 179

{"jsonrpc":"2.0","method":"textDocument/publishDiagnostics","params":{"uri":"file:///d%3A/totvs%2012/microsiga/protheus/projetovscode/07_financeiro/autpagr.prw","diagnostics":[]}}

Content-Length: 176

{"jsonrpc":"2.0","method":"textDocument/publishDiagnostics","params":{"uri":"file:///d%3A/totvs%2012/microsiga/protheus/projetovscode/08_grplus/gr056men.prw","diagnostics":[]}}

Content-Length: 178

{"jsonrpc":"2.0","method":"textDocument/publishDiagnostics","params":{"uri":"file:///d%3A/totvs%2012/microsiga/protheus/projetovscode/07_financeiro/autpag.prw","diagnostics":[]}}

Content-Length: 176

{"jsonrpc":"2.0","method":"textDocument/publishDiagnostics","params":{"uri":"file:///d%3A/totvs%2012/microsiga/protheus/projetovscode/08_grplus/gr002sql.prw","diagnostics":[]}}

Content-Length: 404

{"jsonrpc":"2.0","method":"textDocument/publishDiagnostics","params":{"uri":"file:///d%3A/totvs%2012/microsiga/protheus/projetovscode/05_ESTOQUE/CRIASB9.prw","diagnostics":[{"range":{"start":{"line":13,"character":0},"end":{"line":14,"character":0}},"code":0,"severity":2,"source":"Linter","message":"W0019 Statement unbalanced function in U_CRIASB9. This warning will be an error in future version."}]}}

Content-Length: 404

{"jsonrpc":"2.0","method":"textDocument/publishDiagnostics","params":{"uri":"file:///d%3A/totvs%2012/microsiga/protheus/projetovscode/05_ESTOQUE/CRIASB2.prw","diagnostics":[{"range":{"start":{"line":13,"character":0},"end":{"line":14,"character":0}},"code":0,"severity":2,"source":"Linter","message":"W0019 Statement unbalanced function in U_CRIASB2. This warning will be an error in future version."}]}}

Content-Length: 516

{"jsonrpc":"2.0","method":"textDocument/publishDiagnostics","params":{"uri":"file:///d%3A/totvs%2012/microsiga/protheus/projetovscode/05_ESTOQUE/GEREST.PRW","diagnostics":[{"range":{"start":{"line":38,"character":0},"end":{"line":39,"character":0}},"code":0,"severity":2,"source":"Linter","message":"W0003 Local variable OMARKED never used"},{"range":{"start":{"line":37,"character":0},"end":{"line":38,"character":0}},"code":0,"severity":2,"source":"Linter","message":"W0003 Local variable ONOMARKED never used"}]}}

Content-Length: 178

{"jsonrpc":"2.0","method":"textDocument/publishDiagnostics","params":{"uri":"file:///d%3A/totvs%2012/microsiga/protheus/projetovscode/05_ESTOQUE/MTA338MNU.prw","diagnostics":[]}}

Content-Length: 511

{"jsonrpc":"2.0","method":"textDocument/publishDiagnostics","params":{"uri":"file:///d%3A/totvs%2012/microsiga/protheus/projetovscode/05_ESTOQUE/RelMod.prw","diagnostics":[{"range":{"start":{"line":11,"character":0},"end":{"line":12,"character":0}},"code":0,"severity":2,"source":"Linter","message":"W0003 Local variable CPERG never used"},{"range":{"start":{"line":10,"character":0},"end":{"line":11,"character":0}},"code":0,"severity":2,"source":"Linter","message":"W0003 Local variable CQUERY never used"}]}}

Content-Length: 5504

{"jsonrpc":"2.0","method":"textDocument/publishDiagnostics","params":{"uri":"file:///d%3A/totvs%2012/microsiga/protheus/projetovscode/05_ESTOQUE/Relcusto.prw","diagnostics":[{"range":{"start":{"line":49,"character":0},"end":{"line":50,"character":0}},"code":0,"severity":2,"source":"Linter","message":"W0003 Local variable CABEC1 never used"},{"range":{"start":{"line":49,"character":0},"end":{"line":50,"character":0}},"code":0,"severity":2,"source":"Linter","message":"W0003 Local variable CABEC2 never used"},{"range":{"start":{"line":56,"character":0},"end":{"line":57,"character":0}},"code":0,"severity":2,"source":"Linter","message":"W0003 Local variable LIMITE never used"},{"range":{"start":{"line":57,"character":0},"end":{"line":58,"character":0}},"code":0,"severity":2,"source":"Linter","message":"W0003 Local variable LIMPRIME never used"},{"range":{"start":{"line":55,"character":0},"end":{"line":56,"character":0}},"code":0,"severity":2,"source":"Linter","message":"W0003 Local variable NTIPO never used"},{"range":{"start":{"line":140,"character":0},"end":{"line":141,"character":0}},"code":0,"severity":2,"source":"Linter","message":"W0003 Local variable AAREA never used"},{"range":{"start":{"line":153,"character":0},"end":{"line":154,"character":0}},"code":0,"severity":2,"source":"Linter","message":"W0003 Local variable ACODDEV never used"},{"range":{"start":{"line":152,"character":0},"end":{"line":153,"character":0}},"code":0,"severity":2,"source":"Linter","message":"W0003 Local variable AFATOR never used"},{"range":{"start":{"line":150,"character":0},"end":{"line":151,"character":0}},"code":0,"severity":2,"source":"Linter","message":"W0003 Local variable ANATCOD never used"},{"range":{"start":{"line":146,"character":0},"end":{"line":147,"character":0}},"code":0,"severity":2,"source":"Linter","message":"W0003 Local variable ANATCUSTO never used"},{"range":{"start":{"line":151,"character":0},"end":{"line":152,"character":0}},"code":0,"severity":2,"source":"Linter","message":"W0003 Local variable ANATVALOR never used"},{"range":{"start":{"line":145,"character":0},"end":{"line":146,"character":0}},"code":0,"severity":2,"source":"Linter","message":"W0003 Local variable APERCCUSTO never used"},{"range":{"start":{"line":144,"character":0},"end":{"line":145,"character":0}},"code":0,"severity":2,"source":"Linter","message":"W0003 Local variable APRDCUSTO never used"},{"range":{"start":{"line":154,"character":0},"end":{"line":155,"character":0}},"code":0,"severity":2,"source":"Linter","message":"W0003 Local variable APRDDEV never used"},{"range":{"start":{"line":155,"character":0},"end":{"line":156,"character":0}},"code":0,"severity":2,"source":"Linter","message":"W0003 Local variable APRDQTDV never used"},{"range":{"start":{"line":147,"character":0},"end":{"line":148,"character":0}},"code":0,"severity":2,"source":"Linter","message":"W0003 Local variable AQTDECUSTO never used"},{"range":{"start":{"line":141,"character":0},"end":{"line":142,"character":0}},"code":0,"severity":2,"source":"Linter","message":"W0003 Local variable ASELECDOCS never used"},{"range":{"start":{"line":148,"character":0},"end":{"line":149,"character":0}},"code":0,"severity":2,"source":"Linter","message":"W0003 Local variable ATOTALCUSTO never used"},{"range":{"start":{"line":149,"character":0},"end":{"line":150,"character":0}},"code":0,"severity":2,"source":"Linter","message":"W0003 Local variable ATOTALFAT never used"},{"range":{"start":{"line":133,"character":0},"end":{"line":134,"character":0}},"code":0,"severity":2,"source":"Linter","message":"W0003 Local variable CARQ never used"},{"range":{"start":{"line":134,"character":0},"end":{"line":135,"character":0}},"code":0,"severity":2,"source":"Linter","message":"W0003 Local variable CARQUIVO never used"},{"range":{"start":{"line":135,"character":0},"end":{"line":136,"character":0}},"code":0,"severity":2,"source":"Linter","message":"W0003 Local variable CFIL never used"},{"range":{"start":{"line":131,"character":0},"end":{"line":132,"character":0}},"code":0,"severity":2,"source":"Linter","message":"W0003 Local variable CQRYFP never used"},{"range":{"start":{"line":132,"character":0},"end":{"line":133,"character":0}},"code":0,"severity":2,"source":"Linter","message":"W0003 Local variable CQRYTF never used"},{"range":{"start":{"line":137,"character":0},"end":{"line":138,"character":0}},"code":0,"severity":2,"source":"Linter","message":"W0003 Local variable CTIPODOC never used"},{"range":{"start":{"line":138,"character":0},"end":{"line":139,"character":0}},"code":0,"severity":2,"source":"Linter","message":"W0003 Local variable CTIPOFILTRO never used"},{"range":{"start":{"line":139,"character":0},"end":{"line":140,"character":0}},"code":0,"severity":2,"source":"Linter","message":"W0003 Local variable DEMISSAO never used"},{"range":{"start":{"line":142,"character":0},"end":{"line":143,"character":0}},"code":0,"severity":2,"source":"Linter","message":"W0003 Local variable LFILTRO never used"},{"range":{"start":{"line":156,"character":0},"end":{"line":157,"character":0}},"code":0,"severity":2,"source":"Linter","message":"W0003 Local variable NI never used"},{"range":{"start":{"line":157,"character":0},"end":{"line":158,"character":0}},"code":0,"severity":2,"source":"Linter","message":"W0003 Local variable NJ never used"},{"range":{"start":{"line":143,"character":0},"end":{"line":144,"character":0}},"code":0,"severity":2,"source":"Linter","message":"W0003 Local variable NTOTALFAT never used"}]}}

Content-Length: 178

{"jsonrpc":"2.0","method":"textDocument/publishDiagnostics","params":{"uri":"file:///d%3A/totvs%2012/microsiga/protheus/projetovscode/05_ESTOQUE/PEGROA045.prw","diagnostics":[]}}

Content-Length: 175

{"jsonrpc":"2.0","method":"textDocument/publishDiagnostics","params":{"uri":"file:///d%3A/totvs%2012/microsiga/protheus/projetovscode/05_ESTOQUE/ZE1CAD.PRW","diagnostics":[]}}

Content-Length: 176

{"jsonrpc":"2.0","method":"textDocument/publishDiagnostics","params":{"uri":"file:///d%3A/totvs%2012/microsiga/protheus/projetovscode/05_ESTOQUE/SEQLOTE.prw","diagnostics":[]}}

Content-Length: 176

{"jsonrpc":"2.0","method":"textDocument/publishDiagnostics","params":{"uri":"file:///d%3A/totvs%2012/microsiga/protheus/projetovscode/02_COMPRAS/A100DEL.prw","diagnostics":[]}}

Content-Length: 176

{"jsonrpc":"2.0","method":"textDocument/publishDiagnostics","params":{"uri":"file:///d%3A/totvs%2012/microsiga/protheus/projetovscode/08_grplus/gr002col.prw","diagnostics":[]}}

Content-Length: 175

{"jsonrpc":"2.0","method":"textDocument/publishDiagnostics","params":{"uri":"file:///d%3A/totvs%2012/microsiga/protheus/projetovscode/08_grplus/execmob.prw","diagnostics":[]}}

Content-Length: 184

{"jsonrpc":"2.0","method":"textDocument/publishDiagnostics","params":{"uri":"file:///d%3A/totvs%2012/microsiga/protheus/projetovscode/08_grplus/testegr/ajnumseq.prw","diagnostics":[]}}

Content-Length: 183

{"jsonrpc":"2.0","method":"textDocument/publishDiagnostics","params":{"uri":"file:///d%3A/totvs%2012/microsiga/protheus/projetovscode/08_grplus/testegr/groa015.prw","diagnostics":[]}}

Content-Length: 177

{"jsonrpc":"2.0","method":"textDocument/publishDiagnostics","params":{"uri":"file:///d%3A/totvs%2012/microsiga/protheus/projetovscode/05_estoque/buscaqtd.prw","diagnostics":[]}}

Content-Length: 179

{"jsonrpc":"2.0","method":"textDocument/publishDiagnostics","params":{"uri":"file:///d%3A/totvs%2012/microsiga/protheus/projetovscode/05_estoque/ccusto_mvc.prw","diagnostics":[]}}

Content-Length: 178

{"jsonrpc":"2.0","method":"textDocument/publishDiagnostics","params":{"uri":"file:///d%3A/totvs%2012/microsiga/protheus/projetovscode/05_estoque/buscalote.prw","diagnostics":[]}}

Content-Length: 180

{"jsonrpc":"2.0","method":"textDocument/publishDiagnostics","params":{"uri":"file:///d%3A/totvs%2012/microsiga/protheus/projetovscode/06_faturamento/sf2460i.prw","diagnostics":[]}}

Content-Length: 183

{"jsonrpc":"2.0","method":"textDocument/publishDiagnostics","params":{"uri":"file:///d%3A/totvs%2012/microsiga/protheus/projetovscode/06_faturamento/retpesofat.prw","diagnostics":[]}}

Content-Length: 183

{"jsonrpc":"2.0","method":"textDocument/publishDiagnostics","params":{"uri":"file:///d%3A/totvs%2012/microsiga/protheus/projetovscode/06_faturamento/relvenscli.prw","diagnostics":[]}}

Content-Length: 340

{"jsonrpc":"2.0","method":"textDocument/publishDiagnostics","params":{"uri":"file:///d%3A/totvs%2012/microsiga/protheus/projetovscode/02_COMPRAS/dtcusto.prw","diagnostics":[{"range":{"start":{"line":5,"character":0},"end":{"line":6,"character":0}},"code":0,"severity":2,"source":"Linter","message":"W0003 Local variable LRET never used"}]}}

Content-Length: 178

{"jsonrpc":"2.0","method":"textDocument/publishDiagnostics","params":{"uri":"file:///d%3A/totvs%2012/microsiga/protheus/projetovscode/04_CONTABIL/RCTBM001.prw","diagnostics":[]}}

Content-Length: 329

{"jsonrpc":"2.0","method":"textDocument/publishDiagnostics","params":{"uri":"file:///d%3A/totvs%2012/microsiga/protheus/projetovscode/04_CONTABIL/MLPTESNF.prw","diagnostics":[{"range":{"start":{"line":56,"character":0},"end":{"line":57,"character":0}},"code":0,"severity":1,"source":"Linter","message":"variable is not Local"}]}}

Content-Length: 851

{"jsonrpc":"2.0","method":"textDocument/publishDiagnostics","params":{"uri":"file:///d%3A/totvs%2012/microsiga/protheus/projetovscode/02_COMPRAS/A093ACOD.PRW","diagnostics":[{"range":{"start":{"line":20,"character":0},"end":{"line":21,"character":0}},"code":0,"severity":2,"source":"Linter","message":"W0003 Local variable ACOD never used"},{"range":{"start":{"line":21,"character":0},"end":{"line":22,"character":0}},"code":0,"severity":2,"source":"Linter","message":"W0003 Local variable ACODGRD never used"},{"range":{"start":{"line":19,"character":0},"end":{"line":20,"character":0}},"code":0,"severity":2,"source":"Linter","message":"W0003 Local variable CDESPRD never used"},{"range":{"start":{"line":22,"character":0},"end":{"line":23,"character":0}},"code":0,"severity":2,"source":"Linter","message":"W0003 Local variable LGERA never used"}]}}

Content-Length: 176

{"jsonrpc":"2.0","method":"textDocument/publishDiagnostics","params":{"uri":"file:///d%3A/totvs%2012/microsiga/protheus/projetovscode/04_CONTABIL/MLPNAT.prw","diagnostics":[]}}

Content-Length: 177

{"jsonrpc":"2.0","method":"textDocument/publishDiagnostics","params":{"uri":"file:///d%3A/totvs%2012/microsiga/protheus/projetovscode/04_CONTABIL/MCT1CLI.prw","diagnostics":[]}}

Content-Length: 178

{"jsonrpc":"2.0","method":"textDocument/publishDiagnostics","params":{"uri":"file:///d%3A/totvs%2012/microsiga/protheus/projetovscode/04_CONTABIL/LHI530S1.prw","diagnostics":[]}}

Content-Length: 354

{"jsonrpc":"2.0","method":"textDocument/publishDiagnostics","params":{"uri":"file:///d%3A/totvs%2012/microsiga/protheus/projetovscode/04_CONTABIL/LCD650S16.prw","diagnostics":[{"range":{"start":{"line":49,"character":0},"end":{"line":50,"character":0}},"code":0,"severity":2,"source":"Linter","message":"W0007 Too many parameters calling dbclosearea"}]}}

Content-Length: 179

{"jsonrpc":"2.0","method":"textDocument/publishDiagnostics","params":{"uri":"file:///d%3A/totvs%2012/microsiga/protheus/projetovscode/04_CONTABIL/MCARGACT2.PRW","diagnostics":[]}}

Content-Length: 353

{"jsonrpc":"2.0","method":"textDocument/publishDiagnostics","params":{"uri":"file:///d%3A/totvs%2012/microsiga/protheus/projetovscode/04_CONTABIL/LCD530S7.prw","diagnostics":[{"range":{"start":{"line":47,"character":0},"end":{"line":48,"character":0}},"code":0,"severity":2,"source":"Linter","message":"W0007 Too many parameters calling dbclosearea"}]}}

Content-Length: 177

{"jsonrpc":"2.0","method":"textDocument/publishDiagnostics","params":{"uri":"file:///d%3A/totvs%2012/microsiga/protheus/projetovscode/05_estoque/a330decc.prw","diagnostics":[]}}

Content-Length: 180

{"jsonrpc":"2.0","method":"textDocument/publishDiagnostics","params":{"uri":"file:///d%3A/totvs%2012/microsiga/protheus/projetovscode/06_faturamento/relvend.prw","diagnostics":[]}}

Content-Length: 181

{"jsonrpc":"2.0","method":"textDocument/publishDiagnostics","params":{"uri":"file:///d%3A/totvs%2012/microsiga/protheus/projetovscode/06_faturamento/relvenbe.prw","diagnostics":[]}}

Content-Length: 179

{"jsonrpc":"2.0","method":"textDocument/publishDiagnostics","params":{"uri":"file:///d%3A/totvs%2012/microsiga/protheus/projetovscode/06_faturamento/relprd.prw","diagnostics":[]}}

Content-Length: 181

{"jsonrpc":"2.0","method":"textDocument/publishDiagnostics","params":{"uri":"file:///d%3A/totvs%2012/microsiga/protheus/projetovscode/06_faturamento/nfesefaz.prw","diagnostics":[]}}

Content-Length: 179

{"jsonrpc":"2.0","method":"textDocument/publishDiagnostics","params":{"uri":"file:///d%3A/totvs%2012/microsiga/protheus/projetovscode/06_faturamento/relpdv.prw","diagnostics":[]}}

Content-Length: 181

{"jsonrpc":"2.0","method":"textDocument/publishDiagnostics","params":{"uri":"file:///d%3A/totvs%2012/microsiga/protheus/projetovscode/06_faturamento/mudavend.prw","diagnostics":[]}}

Content-Length: 180

{"jsonrpc":"2.0","method":"textDocument/publishDiagnostics","params":{"uri":"file:///d%3A/totvs%2012/microsiga/protheus/projetovscode/06_faturamento/mt440gr.prw","diagnostics":[]}}

Content-Length: 181

{"jsonrpc":"2.0","method":"textDocument/publishDiagnostics","params":{"uri":"file:///d%3A/totvs%2012/microsiga/protheus/projetovscode/06_faturamento/mprevend.prw","diagnostics":[]}}

Content-Length: 182

{"jsonrpc":"2.0","method":"textDocument/publishDiagnostics","params":{"uri":"file:///d%3A/totvs%2012/microsiga/protheus/projetovscode/06_faturamento/mdfesefaz.prw","diagnostics":[]}}

Content-Length: 178

{"jsonrpc":"2.0","method":"textDocument/publishDiagnostics","params":{"uri":"file:///d%3A/totvs%2012/microsiga/protheus/projetovscode/04_CONTABIL/LCD530S1.prw","diagnostics":[]}}

Content-Length: 184

{"jsonrpc":"2.0","method":"textDocument/publishDiagnostics","params":{"uri":"file:///d%3A/totvs%2012/microsiga/protheus/projetovscode/01_SOMENTE_ITINGA/MT241SD3.prw","diagnostics":[]}}

Content-Length: 185

{"jsonrpc":"2.0","method":"textDocument/publishDiagnostics","params":{"uri":"file:///d%3A/totvs%2012/microsiga/protheus/projetovscode/01_SOMENTE_ITINGA/MTA103MNU.PRW","diagnostics":[]}}

Content-Length: 184

{"jsonrpc":"2.0","method":"textDocument/publishDiagnostics","params":{"uri":"file:///d%3A/totvs%2012/microsiga/protheus/projetovscode/01_SOMENTE_ITINGA/MT103FIM.PRW","diagnostics":[]}}

Content-Length: 351

{"jsonrpc":"2.0","method":"textDocument/publishDiagnostics","params":{"uri":"file:///d%3A/totvs%2012/microsiga/protheus/projetovscode/01_SOMENTE_ITINGA/MT100TOK.PRW","diagnostics":[{"range":{"start":{"line":19,"character":0},"end":{"line":20,"character":0}},"code":0,"severity":2,"source":"Linter","message":"W0003 Local variable NVRNF never used"}]}}

Content-Length: 1032

{"jsonrpc":"2.0","method":"textDocument/publishDiagnostics","params":{"uri":"file:///d%3A/totvs%2012/microsiga/protheus/projetovscode/01_SOMENTE_ITINGA/M460FIM.PRW","diagnostics":[{"range":{"start":{"line":15,"character":0},"end":{"line":16,"character":0}},"code":0,"severity":2,"source":"Linter","message":"W0003 Local variable AM460FIM never used"},{"range":{"start":{"line":17,"character":0},"end":{"line":18,"character":0}},"code":0,"severity":2,"source":"Linter","message":"W0003 Local variable APESO never used"},{"range":{"start":{"line":19,"character":0},"end":{"line":20,"character":0}},"code":0,"severity":2,"source":"Linter","message":"W0003 Local variable CBOLETO never used"},{"range":{"start":{"line":20,"character":0},"end":{"line":21,"character":0}},"code":0,"severity":2,"source":"Linter","message":"W0003 Local variable CMSGNOTA never used"},{"range":{"start":{"line":18,"character":0},"end":{"line":19,"character":0}},"code":0,"severity":2,"source":"Linter","message":"W0003 Local variable NRESULT never used"}]}}

Content-Length: 512

{"jsonrpc":"2.0","method":"textDocument/publishDiagnostics","params":{"uri":"file:///d%3A/totvs%2012/microsiga/protheus/projetovscode/02_COMPRAS/RelPedC.prw","diagnostics":[{"range":{"start":{"line":11,"character":0},"end":{"line":12,"character":0}},"code":0,"severity":2,"source":"Linter","message":"W0003 Local variable CPERG never used"},{"range":{"start":{"line":10,"character":0},"end":{"line":11,"character":0}},"code":0,"severity":2,"source":"Linter","message":"W0003 Local variable CQUERY never used"}]}}

Content-Length: 175

{"jsonrpc":"2.0","method":"textDocument/publishDiagnostics","params":{"uri":"file:///d%3A/totvs%2012/microsiga/protheus/projetovscode/02_COMPRAS/NMFORN.prw","diagnostics":[]}}

Content-Length: 176

{"jsonrpc":"2.0","method":"textDocument/publishDiagnostics","params":{"uri":"file:///d%3A/totvs%2012/microsiga/protheus/projetovscode/02_COMPRAS/mXdtVal.prw","diagnostics":[]}}

Content-Length: 340

{"jsonrpc":"2.0","method":"textDocument/publishDiagnostics","params":{"uri":"file:///d%3A/totvs%2012/microsiga/protheus/projetovscode/02_COMPRAS/MT150ROT.PRW","diagnostics":[{"range":{"start":{"line":157,"character":0},"end":{"line":158,"character":0}},"code":0,"severity":2,"source":"Linter","message":"W0011 Variable AFIXE2 redefined"}]}}

Content-Length: 182

{"jsonrpc":"2.0","method":"textDocument/publishDiagnostics","params":{"uri":"file:///d%3A/totvs%2012/microsiga/protheus/projetovscode/06_faturamento/mclassifi.prw","diagnostics":[]}}

Content-Length: 181

{"jsonrpc":"2.0","method":"textDocument/publishDiagnostics","params":{"uri":"file:///d%3A/totvs%2012/microsiga/protheus/projetovscode/06_faturamento/matr730q.prw","diagnostics":[]}}

Content-Length: 181

{"jsonrpc":"2.0","method":"textDocument/publishDiagnostics","params":{"uri":"file:///d%3A/totvs%2012/microsiga/protheus/projetovscode/06_faturamento/ma030tok.prw","diagnostics":[]}}

Content-Length: 181

{"jsonrpc":"2.0","method":"textDocument/publishDiagnostics","params":{"uri":"file:///d%3A/totvs%2012/microsiga/protheus/projetovscode/06_faturamento/gm460fim.prw","diagnostics":[]}}

Content-Length: 182

{"jsonrpc":"2.0","method":"textDocument/publishDiagnostics","params":{"uri":"file:///d%3A/totvs%2012/microsiga/protheus/projetovscode/06_faturamento/lstmultab.prw","diagnostics":[]}}

Content-Length: 180

{"jsonrpc":"2.0","method":"textDocument/publishDiagnostics","params":{"uri":"file:///d%3A/totvs%2012/microsiga/protheus/projetovscode/06_faturamento/descpdv.prw","diagnostics":[]}}

Content-Length: 180

{"jsonrpc":"2.0","method":"textDocument/publishDiagnostics","params":{"uri":"file:///d%3A/totvs%2012/microsiga/protheus/projetovscode/06_faturamento/danfeii.prw","diagnostics":[]}}

Content-Length: 179

{"jsonrpc":"2.0","method":"textDocument/publishDiagnostics","params":{"uri":"file:///d%3A/totvs%2012/microsiga/protheus/projetovscode/06_faturamento/damdfe.prw","diagnostics":[]}}

Content-Length: 183

{"jsonrpc":"2.0","method":"textDocument/publishDiagnostics","params":{"uri":"file:///d%3A/totvs%2012/microsiga/protheus/projetovscode/06_faturamento/crma980_pe.prw","diagnostics":[]}}

Content-Length: 179

{"jsonrpc":"2.0","method":"textDocument/publishDiagnostics","params":{"uri":"file:///d%3A/totvs%2012/microsiga/protheus/projetovscode/06_faturamento/chksc6.prw","diagnostics":[]}}

Content-Length: 177

{"jsonrpc":"2.0","method":"textDocument/publishDiagnostics","params":{"uri":"file:///d%3A/totvs%2012/microsiga/protheus/projetovscode/02_COMPRAS/MT120FIM.prw","diagnostics":[]}}

Content-Length: 1872

{"jsonrpc":"2.0","method":"textDocument/publishDiagnostics","params":{"uri":"file:///d%3A/totvs%2012/microsiga/protheus/projetovscode/02_COMPRAS/MT120APV.prw","diagnostics":[{"range":{"start":{"line":23,"character":0},"end":{"line":24,"character":0}},"code":0,"severity":2,"source":"Linter","message":"W0003 Local variable ABUTTONS never used"},{"range":{"start":{"line":17,"character":0},"end":{"line":18,"character":0}},"code":0,"severity":2,"source":"Linter","message":"W0003 Local variable ARETORN never used"},{"range":{"start":{"line":22,"character":0},"end":{"line":23,"character":0}},"code":0,"severity":2,"source":"Linter","message":"W0003 Local variable BOK never used"},{"range":{"start":{"line":18,"character":0},"end":{"line":19,"character":0}},"code":0,"severity":2,"source":"Linter","message":"W0003 Local variable CLOAD never used"},{"range":{"start":{"line":21,"character":0},"end":{"line":22,"character":0}},"code":0,"severity":2,"source":"Linter","message":"W0003 Local variable CTITULO never used"},{"range":{"start":{"line":19,"character":0},"end":{"line":20,"character":0}},"code":0,"severity":2,"source":"Linter","message":"W0003 Local variable LCANSAVE never used"},{"range":{"start":{"line":24,"character":0},"end":{"line":25,"character":0}},"code":0,"severity":2,"source":"Linter","message":"W0003 Local variable LCENTERED never used"},{"range":{"start":{"line":20,"character":0},"end":{"line":21,"character":0}},"code":0,"severity":2,"source":"Linter","message":"W0003 Local variable LUSERSAVE never used"},{"range":{"start":{"line":25,"character":0},"end":{"line":26,"character":0}},"code":0,"severity":2,"source":"Linter","message":"W0003 Local variable NPOSX never used"},{"range":{"start":{"line":26,"character":0},"end":{"line":27,"character":0}},"code":0,"severity":2,"source":"Linter","message":"W0003 Local variable NPOSY never used"}]}}

Content-Length: 177

{"jsonrpc":"2.0","method":"textDocument/publishDiagnostics","params":{"uri":"file:///d%3A/totvs%2012/microsiga/protheus/projetovscode/02_COMPRAS/MT103VCC.prw","diagnostics":[]}}

Content-Length: 177

{"jsonrpc":"2.0","method":"textDocument/publishDiagnostics","params":{"uri":"file:///d%3A/totvs%2012/microsiga/protheus/projetovscode/02_COMPRAS/MT103TOK.PRW","diagnostics":[]}}

Content-Length: 341

{"jsonrpc":"2.0","method":"textDocument/publishDiagnostics","params":{"uri":"file:///d%3A/totvs%2012/microsiga/protheus/projetovscode/02_COMPRAS/MT103NFE.prw","diagnostics":[{"range":{"start":{"line":5,"character":0},"end":{"line":6,"character":0}},"code":0,"severity":2,"source":"Linter","message":"W0003 Local variable LRET never used"}]}}

Content-Length: 177

{"jsonrpc":"2.0","method":"textDocument/publishDiagnostics","params":{"uri":"file:///d%3A/totvs%2012/microsiga/protheus/projetovscode/02_COMPRAS/MT103FIN.prw","diagnostics":[]}}

Content-Length: 859

{"jsonrpc":"2.0","method":"textDocument/publishDiagnostics","params":{"uri":"file:///d%3A/totvs%2012/microsiga/protheus/projetovscode/02_COMPRAS/MT103DCF.PRW","diagnostics":[{"range":{"start":{"line":23,"character":0},"end":{"line":24,"character":0}},"code":0,"severity":2,"source":"Linter","message":"W0003 Local variable ACAMPOSRET never used"},{"range":{"start":{"line":20,"character":0},"end":{"line":21,"character":0}},"code":0,"severity":2,"source":"Linter","message":"W0003 Local variable LALTERA never used"},{"range":{"start":{"line":19,"character":0},"end":{"line":20,"character":0}},"code":0,"severity":2,"source":"Linter","message":"W0003 Local variable LINCLUI never used"},{"range":{"start":{"line":21,"character":0},"end":{"line":22,"character":0}},"code":0,"severity":2,"source":"Linter","message":"W0003 Local variable LVISUAL never used"}]}}

Content-Length: 344

{"jsonrpc":"2.0","method":"textDocument/publishDiagnostics","params":{"uri":"file:///d%3A/totvs%2012/microsiga/protheus/projetovscode/02_COMPRAS/MT100TOK.prw","diagnostics":[{"range":{"start":{"line":21,"character":0},"end":{"line":22,"character":0}},"code":0,"severity":2,"source":"Linter","message":"W0003 Local variable NVRNF never used"}]}}

Content-Length: 514

{"jsonrpc":"2.0","method":"textDocument/publishDiagnostics","params":{"uri":"file:///d%3A/totvs%2012/microsiga/protheus/projetovscode/02_COMPRAS/MT100LOK.prw","diagnostics":[{"range":{"start":{"line":28,"character":0},"end":{"line":29,"character":0}},"code":0,"severity":2,"source":"Linter","message":"W0008 Too few parameters calling MsgYesNo"},{"range":{"start":{"line":16,"character":0},"end":{"line":17,"character":0}},"code":0,"severity":2,"source":"Linter","message":"W0003 Local variable IXD never used"}]}}

Content-Length: 179

{"jsonrpc":"2.0","method":"textDocument/publishDiagnostics","params":{"uri":"file:///d%3A/totvs%2012/microsiga/protheus/projetovscode/02_COMPRAS/MSGDECRETO.PRW","diagnostics":[]}}

Content-Length: 179

{"jsonrpc":"2.0","method":"textDocument/publishDiagnostics","params":{"uri":"file:///d%3A/totvs%2012/microsiga/protheus/projetovscode/06_faturamento/chksc2.prw","diagnostics":[]}}

Content-Length: 176

{"jsonrpc":"2.0","method":"textDocument/publishDiagnostics","params":{"uri":"file:///d%3A/totvs%2012/microsiga/protheus/projetovscode/05_estoque/analise.prw","diagnostics":[]}}

Content-Length: 177

{"jsonrpc":"2.0","method":"textDocument/publishDiagnostics","params":{"uri":"file:///d%3A/totvs%2012/microsiga/protheus/projetovscode/05_estoque/cmatr285.prx","diagnostics":[]}}

Content-Length: 177

{"jsonrpc":"2.0","method":"textDocument/publishDiagnostics","params":{"uri":"file:///d%3A/totvs%2012/microsiga/protheus/projetovscode/05_estoque/mt241sd3.prw","diagnostics":[]}}

Content-Length: 177

{"jsonrpc":"2.0","method":"textDocument/publishDiagnostics","params":{"uri":"file:///d%3A/totvs%2012/microsiga/protheus/projetovscode/05_estoque/mta105ok.prw","diagnostics":[]}}

Content-Length: 176

{"jsonrpc":"2.0","method":"textDocument/publishDiagnostics","params":{"uri":"file:///d%3A/totvs%2012/microsiga/protheus/projetovscode/05_estoque/mrevest.prw","diagnostics":[]}}

Content-Length: 177

{"jsonrpc":"2.0","method":"textDocument/publishDiagnostics","params":{"uri":"file:///d%3A/totvs%2012/microsiga/protheus/projetovscode/05_estoque/mt110tok.prw","diagnostics":[]}}

Content-Length: 176

{"jsonrpc":"2.0","method":"textDocument/publishDiagnostics","params":{"uri":"file:///d%3A/totvs%2012/microsiga/protheus/projetovscode/05_estoque/mreavcm.prw","diagnostics":[]}}

Content-Length: 175

{"jsonrpc":"2.0","method":"textDocument/publishDiagnostics","params":{"uri":"file:///d%3A/totvs%2012/microsiga/protheus/projetovscode/05_estoque/mpfest.prw","diagnostics":[]}}

Content-Length: 178

{"jsonrpc":"2.0","method":"textDocument/publishDiagnostics","params":{"uri":"file:///d%3A/totvs%2012/microsiga/protheus/projetovscode/05_estoque/mta261doc.prw","diagnostics":[]}}

Content-Length: 176

{"jsonrpc":"2.0","method":"textDocument/publishDiagnostics","params":{"uri":"file:///d%3A/totvs%2012/microsiga/protheus/projetovscode/02_COMPRAS/MATA110.prw","diagnostics":[]}}

Content-Length: 177

{"jsonrpc":"2.0","method":"textDocument/publishDiagnostics","params":{"uri":"file:///d%3A/totvs%2012/microsiga/protheus/projetovscode/02_COMPRAS/MA103OPC.prw","diagnostics":[]}}

Content-Length: 907

{"jsonrpc":"2.0","method":"textDocument/publishDiagnostics","params":{"uri":"file:///d%3A/totvs%2012/microsiga/protheus/projetovscode/02_COMPRAS/ImpSDQ.prw","diagnostics":[{"range":{"start":{"line":76,"character":0},"end":{"line":77,"character":0}},"code":0,"severity":2,"source":"Linter","message":"W0018 Unsupported assign to function call. This warning may be an error in future version."},{"range":{"start":{"line":55,"character":0},"end":{"line":56,"character":0}},"code":0,"severity":2,"source":"Linter","message":"W0003 Local variable NBTLIDOS never used"},{"range":{"start":{"line":55,"character":0},"end":{"line":56,"character":0}},"code":0,"severity":2,"source":"Linter","message":"W0003 Local variable NTAMFILE never used"},{"range":{"start":{"line":55,"character":0},"end":{"line":56,"character":0}},"code":0,"severity":2,"source":"Linter","message":"W0003 Local variable NTAMLIN never used"}]}}

Content-Length: 1391

{"jsonrpc":"2.0","method":"textDocument/publishDiagnostics","params":{"uri":"file:///d%3A/totvs%2012/microsiga/protheus/projetovscode/02_COMPRAS/ITMmatr110.prx","diagnostics":[{"range":{"start":{"line":72,"character":0},"end":{"line":73,"character":0}},"code":0,"severity":2,"source":"Linter","message":"W0003 Local variable NTAMCDPROD never used"},{"range":{"start":{"line":979,"character":0},"end":{"line":980,"character":0}},"code":0,"severity":2,"source":"Linter","message":"W0007 Too many parameters calling Ceiling"},{"range":{"start":{"line":230,"character":0},"end":{"line":231,"character":0}},"code":0,"severity":2,"source":"Linter","message":"W0003 Local variable LRET never used"},{"range":{"start":{"line":233,"character":0},"end":{"line":234,"character":0}},"code":0,"severity":2,"source":"Linter","message":"W0003 Local variable NTOTALSX3 never used"},{"range":{"start":{"line":1113,"character":0},"end":{"line":1114,"character":0}},"code":0,"severity":2,"source":"Linter","message":"W0003 Local variable CCIDENT never used"},{"range":{"start":{"line":2171,"character":0},"end":{"line":2172,"character":0}},"code":0,"severity":2,"source":"Linter","message":"W0003 Local variable NQUEBRA never used"},{"range":{"start":{"line":2631,"character":0},"end":{"line":2632,"character":0}},"code":0,"severity":2,"source":"Linter","message":"W0003 Local variable NTOTDESC never used"}]}}

Content-Length: 343

{"jsonrpc":"2.0","method":"textDocument/publishDiagnostics","params":{"uri":"file:///d%3A/totvs%2012/microsiga/protheus/projetovscode/02_COMPRAS/IMPPC.PRW","diagnostics":[{"range":{"start":{"line":26,"character":0},"end":{"line":27,"character":0}},"code":0,"severity":2,"source":"Linter","message":"W0003 Local variable ASUBMNU never used"}]}}

Content-Length: 508

{"jsonrpc":"2.0","method":"textDocument/publishDiagnostics","params":{"uri":"file:///d%3A/totvs%2012/microsiga/protheus/projetovscode/02_COMPRAS/IMPNFE.prw","diagnostics":[{"range":{"start":{"line":4,"character":0},"end":{"line":5,"character":0}},"code":0,"severity":2,"source":"Linter","message":"W0003 Local variable AAREASE1 never used"},{"range":{"start":{"line":6,"character":0},"end":{"line":7,"character":0}},"code":0,"severity":2,"source":"Linter","message":"W0003 Local variable LRET never used"}]}}

Content-Length: 4840

{"jsonrpc":"2.0","id":3,"result":[{"range":{"start":{"line":82,"character":0},"end":{"line":133,"character":0}},"command":{"title":"2 references","command":"advpl.showXrefs","arguments":["function","file:///d%3A/totvs%2012/microsiga/protheus/projetovscode/10_lib/relinweb.prw",{"line":82,"character":0},[{"uri":"file:///d%3A/totvs%2012/microsiga/protheus/projetovscode/10_lib/relinweb.prw","range":{"start":{"line":300,"character":2},"end":{"line":300,"character":8}}},{"uri":"file:///d%3A/totvs%2012/microsiga/protheus/projetovscode/10_lib/relinweb.prw","range":{"start":{"line":458,"character":18},"end":{"line":458,"character":24}}}]]}},{"range":{"start":{"line":134,"character":0},"end":{"line":203,"character":0}},"command":{"title":"1 reference","command":"advpl.showXrefs","arguments":["function","file:///d%3A/totvs%2012/microsiga/protheus/projetovscode/10_lib/relinweb.prw",{"line":134,"character":0},[{"uri":"file:///d%3A/totvs%2012/microsiga/protheus/projetovscode/10_lib/relinweb.prw","range":{"start":{"line":125,"character":73},"end":{"line":125,"character":82}}}]]}},{"range":{"start":{"line":204,"character":0},"end":{"line":239,"character":0}},"command":{"title":"1 reference","command":"advpl.showXrefs","arguments":["function","file:///d%3A/totvs%2012/microsiga/protheus/projetovscode/10_lib/relinweb.prw",{"line":204,"character":0},[{"uri":"file:///d%3A/totvs%2012/microsiga/protheus/projetovscode/10_lib/relinweb.prw","range":{"start":{"line":127,"character":54},"end":{"line":127,"character":60}}}]]}},{"range":{"start":{"line":240,"character":0},"end":{"line":494,"character":0}},"command":{"title":"11 references","command":"advpl.showXrefs","arguments":["function","file:///d%3A/totvs%2012/microsiga/protheus/projetovscode/10_lib/relinweb.prw",{"line":240,"character":0},[{"uri":"file:///d%3A/totvs%2012/microsiga/protheus/projetovscode/11_MNT/MNTA990A.PRW","range":{"start":{"line":20,"character":64},"end":{"line":20,"character":74}}},{"uri":"file:///d%3A/totvs%2012/microsiga/protheus/projetovscode/07_FINANCEIRO/F060ACT.PRW","range":{"start":{"line":143,"character":103},"end":{"line":143,"character":113}}},{"uri":"file:///d%3A/totvs%2012/microsiga/protheus/projetovscode/07_FINANCEIRO/AutPag.prw","range":{"start":{"line":167,"character":0},"end":{"line":167,"character":10}}},{"uri":"file:///d%3A/totvs%2012/microsiga/protheus/projetovscode/05_ESTOQUE/MPFEST.prw","range":{"start":{"line":47,"character":107},"end":{"line":47,"character":117}}},{"uri":"file:///d%3A/totvs%2012/microsiga/protheus/projetovscode/05_ESTOQUE/MPFEST.prw","range":{"start":{"line":218,"character":1},"end":{"line":218,"character":11}}},{"uri":"file:///d%3A/totvs%2012/microsiga/protheus/projetovscode/05_ESTOQUE/MPFEST.prw","range":{"start":{"line":220,"character":1},"end":{"line":220,"character":11}}},{"uri":"file:///d%3A/totvs%2012/microsiga/protheus/projetovscode/05_ESTOQUE/MMOVESTEND.PRW","range":{"start":{"line":121,"character":0},"end":{"line":121,"character":10}}},{"uri":"file:///d%3A/totvs%2012/microsiga/protheus/projetovscode/05_ESTOQUE/MESTNOTA.PRW","range":{"start":{"line":125,"character":2},"end":{"line":125,"character":12}}},{"uri":"file:///d%3A/totvs%2012/microsiga/protheus/projetovscode/05_ESTOQUE/MESTNOTA.PRW","range":{"start":{"line":127,"character":2},"end":{"line":127,"character":12}}},{"uri":"file:///d%3A/totvs%2012/microsiga/protheus/projetovscode/02_COMPRAS/IMPPC.PRW","range":{"start":{"line":309,"character":2},"end":{"line":309,"character":12}}},{"uri":"file:///d%3A/totvs%2012/microsiga/protheus/projetovscode/02_COMPRAS/IMPPC.PRW","range":{"start":{"line":311,"character":2},"end":{"line":311,"character":12}}}]]}},{"range":{"start":{"line":495,"character":0},"end":{"line":505,"character":0}},"command":{"title":"0 reference","command":"advpl.showXrefs","arguments":["function","file:///d%3A/totvs%2012/microsiga/protheus/projetovscode/10_lib/relinweb.prw",{"line":495,"character":0},[]]}},{"range":{"start":{"line":506,"character":0},"end":{"line":594,"character":0}},"command":{"title":"0 reference","command":"advpl.showXrefs","arguments":["function","file:///d%3A/totvs%2012/microsiga/protheus/projetovscode/10_lib/relinweb.prw",{"line":506,"character":0},[]]}},{"range":{"start":{"line":0,"character":0},"end":{"line":0,"character":0}}},{"range":{"start":{"line":13,"character":7},"end":{"line":13,"character":16}},"command":{"title":"0 reference","command":"advpl.showXrefs","arguments":["function","file:///d%3A/totvs%2012/microsiga/protheus/projetovscode/10_lib/relinweb.prw",{"line":13,"character":7},[]]}},{"range":{"start":{"line":14,"character":7},"end":{"line":14,"character":20}},"command":{"title":"0 reference","command":"advpl.showXrefs","arguments":["function","file:///d%3A/totvs%2012/microsiga/protheus/projetovscode/10_lib/relinweb.prw",{"line":14,"character":7},[]]}}]}

Content-Length: 1120

{"jsonrpc":"2.0","id":4,"result":{"data":[27,0,8,20,0,0,9,4,20,0,0,13,9,20,0,0,10,9,20,0,16,28,3,20,0,12,2,7,20,0,0,30,3,20,0,13,32,3,20,0,36,0,7,20,0,0,30,3,20,0,11,0,6,20,0,0,7,8,20,0,0,15,5,20,0,0,31,4,20,0,0,72,5,20,0,3,70,5,20,0,0,9,5,20,0,0,6,2,20,0,3,35,5,20,0,0,13,3,20,0,0,11,4,20,0,0,10,4,20,0,0,37,5,20,0,0,16,5,20,0,0,6,2,20,0,1,35,3,20,0,0,14,4,20,0,0,37,5,20,0,0,16,5,20,0,0,6,2,20,0,1,35,5,20,0,0,13,3,20,0,0,11,4,20,0,0,37,5,20,0,0,16,5,20,0,0,6,2,20,0,1,35,3,20,0,0,14,4,20,0,0,37,5,20,0,0,16,5,20,0,0,6,2,20,0,1,35,5,20,0,0,13,3,20,0,0,11,5,20,0,0,40,4,20,0,0,37,8,20,0,0,9,5,20,0,0,16,5,20,0,0,6,2,20,0,1,35,3,20,0,0,13,4,20,0,0,37,5,20,0,0,16,5,20,0,0,6,2,20,0,1,35,6,20,0,0,12,6,20,0,0,36,5,20,0,0,14,4,20,0,0,13,4,20,0,0,37,5,20,0,0,6,2,20,0,2,0,8,20,0,0,9,8,20,0,0,15,8,20,0,111,0,4,20,0,5,0,7,20,0,1,0,7,20,0,1,0,7,20,0,1,0,7,20,0,1,0,7,20,0,18,38,2,20,0,0,20,2,20,0,0,21,2,20,0,1,45,2,20,0,17,4,4,20,0,8,1,7,20,0,0,29,3,20,0,177,1,6,20,0,0,7,8,20,0,0,15,5,20,0,0,28,4,20,0,0,37,2,20,0,0,12,5,20,0,6,30,3,20,0,12,1,8,20,0,0,9,8,20,0,13,0,8,20,0,20,26,3,20,0,6,18,3,20,0,2,73,4,20,0,5,17,4,20,0]}}

Content-Length: 4840

{"jsonrpc":"2.0","id":5,"result":[{"range":{"start":{"line":82,"character":0},"end":{"line":133,"character":0}},"command":{"title":"2 references","command":"advpl.showXrefs","arguments":["function","file:///d%3A/totvs%2012/microsiga/protheus/projetovscode/10_lib/relinweb.prw",{"line":82,"character":0},[{"uri":"file:///d%3A/totvs%2012/microsiga/protheus/projetovscode/10_lib/relinweb.prw","range":{"start":{"line":300,"character":2},"end":{"line":300,"character":8}}},{"uri":"file:///d%3A/totvs%2012/microsiga/protheus/projetovscode/10_lib/relinweb.prw","range":{"start":{"line":458,"character":18},"end":{"line":458,"character":24}}}]]}},{"range":{"start":{"line":134,"character":0},"end":{"line":203,"character":0}},"command":{"title":"1 reference","command":"advpl.showXrefs","arguments":["function","file:///d%3A/totvs%2012/microsiga/protheus/projetovscode/10_lib/relinweb.prw",{"line":134,"character":0},[{"uri":"file:///d%3A/totvs%2012/microsiga/protheus/projetovscode/10_lib/relinweb.prw","range":{"start":{"line":125,"character":73},"end":{"line":125,"character":82}}}]]}},{"range":{"start":{"line":204,"character":0},"end":{"line":239,"character":0}},"command":{"title":"1 reference","command":"advpl.showXrefs","arguments":["function","file:///d%3A/totvs%2012/microsiga/protheus/projetovscode/10_lib/relinweb.prw",{"line":204,"character":0},[{"uri":"file:///d%3A/totvs%2012/microsiga/protheus/projetovscode/10_lib/relinweb.prw","range":{"start":{"line":127,"character":54},"end":{"line":127,"character":60}}}]]}},{"range":{"start":{"line":240,"character":0},"end":{"line":494,"character":0}},"command":{"title":"11 references","command":"advpl.showXrefs","arguments":["function","file:///d%3A/totvs%2012/microsiga/protheus/projetovscode/10_lib/relinweb.prw",{"line":240,"character":0},[{"uri":"file:///d%3A/totvs%2012/microsiga/protheus/projetovscode/11_MNT/MNTA990A.PRW","range":{"start":{"line":20,"character":64},"end":{"line":20,"character":74}}},{"uri":"file:///d%3A/totvs%2012/microsiga/protheus/projetovscode/07_FINANCEIRO/F060ACT.PRW","range":{"start":{"line":143,"character":103},"end":{"line":143,"character":113}}},{"uri":"file:///d%3A/totvs%2012/microsiga/protheus/projetovscode/07_FINANCEIRO/AutPag.prw","range":{"start":{"line":167,"character":0},"end":{"line":167,"character":10}}},{"uri":"file:///d%3A/totvs%2012/microsiga/protheus/projetovscode/05_ESTOQUE/MPFEST.prw","range":{"start":{"line":47,"character":107},"end":{"line":47,"character":117}}},{"uri":"file:///d%3A/totvs%2012/microsiga/protheus/projetovscode/05_ESTOQUE/MPFEST.prw","range":{"start":{"line":218,"character":1},"end":{"line":218,"character":11}}},{"uri":"file:///d%3A/totvs%2012/microsiga/protheus/projetovscode/05_ESTOQUE/MPFEST.prw","range":{"start":{"line":220,"character":1},"end":{"line":220,"character":11}}},{"uri":"file:///d%3A/totvs%2012/microsiga/protheus/projetovscode/05_ESTOQUE/MMOVESTEND.PRW","range":{"start":{"line":121,"character":0},"end":{"line":121,"character":10}}},{"uri":"file:///d%3A/totvs%2012/microsiga/protheus/projetovscode/05_ESTOQUE/MESTNOTA.PRW","range":{"start":{"line":125,"character":2},"end":{"line":125,"character":12}}},{"uri":"file:///d%3A/totvs%2012/microsiga/protheus/projetovscode/05_ESTOQUE/MESTNOTA.PRW","range":{"start":{"line":127,"character":2},"end":{"line":127,"character":12}}},{"uri":"file:///d%3A/totvs%2012/microsiga/protheus/projetovscode/02_COMPRAS/IMPPC.PRW","range":{"start":{"line":309,"character":2},"end":{"line":309,"character":12}}},{"uri":"file:///d%3A/totvs%2012/microsiga/protheus/projetovscode/02_COMPRAS/IMPPC.PRW","range":{"start":{"line":311,"character":2},"end":{"line":311,"character":12}}}]]}},{"range":{"start":{"line":495,"character":0},"end":{"line":505,"character":0}},"command":{"title":"0 reference","command":"advpl.showXrefs","arguments":["function","file:///d%3A/totvs%2012/microsiga/protheus/projetovscode/10_lib/relinweb.prw",{"line":495,"character":0},[]]}},{"range":{"start":{"line":506,"character":0},"end":{"line":594,"character":0}},"command":{"title":"0 reference","command":"advpl.showXrefs","arguments":["function","file:///d%3A/totvs%2012/microsiga/protheus/projetovscode/10_lib/relinweb.prw",{"line":506,"character":0},[]]}},{"range":{"start":{"line":0,"character":0},"end":{"line":0,"character":0}}},{"range":{"start":{"line":13,"character":7},"end":{"line":13,"character":16}},"command":{"title":"0 reference","command":"advpl.showXrefs","arguments":["function","file:///d%3A/totvs%2012/microsiga/protheus/projetovscode/10_lib/relinweb.prw",{"line":13,"character":7},[]]}},{"range":{"start":{"line":14,"character":7},"end":{"line":14,"character":20}},"command":{"title":"0 reference","command":"advpl.showXrefs","arguments":["function","file:///d%3A/totvs%2012/microsiga/protheus/projetovscode/10_lib/relinweb.prw",{"line":14,"character":7},[]]}}]}

Content-Length: 1150

{"jsonrpc":"2.0","id":6,"result":[{"range":{"start":{"line":0,"character":10},"end":{"line":0,"character":21}},"target":"file:///d%3A\\totvs%2012\\microsiga\\protheus\\include\\PROTHEUS.CH","tooltip":"d:\\totvs 12\\microsiga\\protheus\\include\\PROTHEUS.CH"},{"range":{"start":{"line":1,"character":10},"end":{"line":1,"character":20}},"target":"file:///d%3A\\totvs%2012\\microsiga\\protheus\\include\\RESTFUL.CH","tooltip":"d:\\totvs 12\\microsiga\\protheus\\include\\RESTFUL.CH"},{"range":{"start":{"line":2,"character":10},"end":{"line":2,"character":19}},"target":"file:///d%3A\\totvs%2012\\microsiga\\protheus\\include\\rwmake.ch","tooltip":"d:\\totvs 12\\microsiga\\protheus\\include\\rwmake.ch"},{"range":{"start":{"line":3,"character":10},"end":{"line":3,"character":20}},"target":"file:///d%3A\\totvs%2012\\microsiga\\protheus\\include\\tbiconn.ch","tooltip":"d:\\totvs 12\\microsiga\\protheus\\include\\tbiconn.ch"},{"range":{"start":{"line":4,"character":10},"end":{"line":4,"character":20}},"target":"file:///d%3A\\totvs%2012\\microsiga\\protheus\\include\\TOPCONN.CH","tooltip":"d:\\totvs 12\\microsiga\\protheus\\include\\TOPCONN.CH"}]}

Content-Length: 15705

{"jsonrpc":"2.0","id":7,"result":[{"name":"SW_SHOWNA","detail":"8 // Esconde a barra de tarefas","kind":14,"range":{"start":{"line":13,"character":7},"end":{"line":13,"character":16}},"selectionRange":{"start":{"line":13,"character":7},"end":{"line":13,"character":16}},"children":[]},{"name":"SW_SHOWNORMAL","detail":"1 // Normal","kind":14,"range":{"start":{"line":14,"character":7},"end":{"line":14,"character":20}},"selectionRange":{"start":{"line":14,"character":7},"end":{"line":14,"character":20}},"children":[]},{"name":"PROTHEUS.CH","kind":1,"range":{"start":{"line":0,"character":10},"end":{"line":0,"character":21}},"selectionRange":{"start":{"line":0,"character":10},"end":{"line":0,"character":21}},"children":[]},{"name":"RESTFUL.CH","kind":1,"range":{"start":{"line":1,"character":10},"end":{"line":1,"character":20}},"selectionRange":{"start":{"line":1,"character":10},"end":{"line":1,"character":20}},"children":[]},{"name":"rwmake.ch","kind":1,"range":{"start":{"line":2,"character":10},"end":{"line":2,"character":19}},"selectionRange":{"start":{"line":2,"character":10},"end":{"line":2,"character":19}},"children":[]},{"name":"tbiconn.ch","kind":1,"range":{"start":{"line":3,"character":10},"end":{"line":3,"character":20}},"selectionRange":{"start":{"line":3,"character":10},"end":{"line":3,"character":20}},"children":[]},{"name":"TOPCONN.CH","kind":1,"range":{"start":{"line":4,"character":10},"end":{"line":4,"character":20}},"selectionRange":{"start":{"line":4,"character":10},"end":{"line":4,"character":20}},"children":[]},{"name":"lRet","detail":".T.","kind":13,"range":{"start":{"line":32,"character":6},"end":{"line":32,"character":12}},"selectionRange":{"start":{"line":32,"character":6},"end":{"line":32,"character":12}},"children":[]},{"name":"aArea","detail":"GetArea()","kind":13,"range":{"start":{"line":33,"character":6},"end":{"line":33,"character":13}},"selectionRange":{"start":{"line":33,"character":6},"end":{"line":33,"character":13}},"children":[]},{"name":"cQuery","detail":"\"\"","kind":13,"range":{"start":{"line":34,"character":6},"end":{"line":34,"character":14}},"selectionRange":{"start":{"line":34,"character":6},"end":{"line":34,"character":14}},"children":[]},{"name":"oJson","detail":"","kind":13,"range":{"start":{"line":35,"character":6},"end":{"line":35,"character":13}},"selectionRange":{"start":{"line":35,"character":6},"end":{"line":35,"character":13}},"children":[]},{"name":"cPSW","detail":"","kind":13,"range":{"start":{"line":36,"character":6},"end":{"line":36,"character":12}},"selectionRange":{"start":{"line":36,"character":6},"end":{"line":36,"character":12}},"children":[]},{"name":"cEmail","detail":"","kind":13,"range":{"start":{"line":36,"character":13},"end":{"line":36,"character":21}},"selectionRange":{"start":{"line":36,"character":13},"end":{"line":36,"character":21}},"children":[]},{"name":"cJson","detail":"Self:GetContent...","kind":13,"range":{"start":{"line":38,"character":6},"end":{"line":38,"character":13}},"selectionRange":{"start":{"line":38,"character":6},"end":{"line":38,"character":13}},"children":[]},{"name":"cError","detail":"","kind":13,"range":{"start":{"line":39,"character":6},"end":{"line":39,"character":14}},"selectionRange":{"start":{"line":39,"character":6},"end":{"line":39,"character":14}},"children":[]},{"name":"musrrp","detail":"","kind":12,"range":{"start":{"line":82,"character":0},"end":{"line":133,"character":0}},"selectionRange":{"start":{"line":82,"character":0},"end":{"line":133,"character":0}},"children":[{"name":"cIdUsuario","detail":" [parameter]","kind":26,"range":{"start":{"line":82,"character":23},"end":{"line":82,"character":33}},"selectionRange":{"start":{"line":82,"character":23},"end":{"line":82,"character":33}},"children":[]},{"name":"cEndEmail","detail":" [parameter]","kind":26,"range":{"start":{"line":82,"character":34},"end":{"line":82,"character":43}},"selectionRange":{"start":{"line":82,"character":34},"end":{"line":82,"character":43}},"children":[]},{"name":"cEdit1","detail":"cIdUsuario","kind":13,"range":{"start":{"line":88,"character":6},"end":{"line":88,"character":14}},"selectionRange":{"start":{"line":88,"character":6},"end":{"line":88,"character":14}},"children":[]},{"name":"cEdit2","detail":"AllTrim(cEndEma...","kind":13,"range":{"start":{"line":89,"character":6},"end":{"line":89,"character":14}},"selectionRange":{"start":{"line":89,"character":6},"end":{"line":89,"character":14}},"children":[]},{"name":"cEdit3","detail":"Space(25)","kind":13,"range":{"start":{"line":90,"character":6},"end":{"line":90,"character":14}},"selectionRange":{"start":{"line":90,"character":6},"end":{"line":90,"character":14}},"children":[]},{"name":"oEdit1","detail":"","kind":13,"range":{"start":{"line":92,"character":6},"end":{"line":92,"character":14}},"selectionRange":{"start":{"line":92,"character":6},"end":{"line":92,"character":14}},"children":[]},{"name":"oEdit2","detail":"","kind":13,"range":{"start":{"line":93,"character":6},"end":{"line":93,"character":14}},"selectionRange":{"start":{"line":93,"character":6},"end":{"line":93,"character":14}},"children":[]},{"name":"oEdit3","detail":"","kind":13,"range":{"start":{"line":94,"character":6},"end":{"line":94,"character":14}},"selectionRange":{"start":{"line":94,"character":6},"end":{"line":94,"character":14}},"children":[]},{"name":"cQuery","detail":"\"\"","kind":13,"range":{"start":{"line":96,"character":6},"end":{"line":96,"character":14}},"selectionRange":{"start":{"line":96,"character":6},"end":{"line":96,"character":14}},"children":[]},{"name":"_oDlg","detail":" [private]","kind":13,"range":{"start":{"line":99,"character":8},"end":{"line":99,"character":15}},"selectionRange":{"start":{"line":99,"character":8},"end":{"line":99,"character":15}},"children":[]},{"name":"lLibBt","detail":".f. [private]","kind":13,"range":{"start":{"line":100,"character":8},"end":{"line":100,"character":16}},"selectionRange":{"start":{"line":100,"character":8},"end":{"line":100,"character":16}},"children":[]}]},{"name":"mvalidcpo","detail":"","kind":12,"range":{"start":{"line":134,"character":0},"end":{"line":203,"character":0}},"selectionRange":{"start":{"line":134,"character":0},"end":{"line":203,"character":0}},"children":[{"name":"cEdit3","detail":" [parameter]","kind":26,"range":{"start":{"line":134,"character":26},"end":{"line":134,"character":32}},"selectionRange":{"start":{"line":134,"character":26},"end":{"line":134,"character":32}},"children":[]},{"name":"lLibBt","detail":" [parameter]","kind":26,"range":{"start":{"line":134,"character":33},"end":{"line":134,"character":39}},"selectionRange":{"start":{"line":134,"character":33},"end":{"line":134,"character":39}},"children":[]},{"name":"cSenhaPSW","detail":"AllTrim(cEdit3)","kind":13,"range":{"start":{"line":139,"character":6},"end":{"line":139,"character":17}},"selectionRange":{"start":{"line":139,"character":6},"end":{"line":139,"character":17}},"children":[]},{"name":"lPSWBlank","detail":".F.","kind":13,"range":{"start":{"line":141,"character":6},"end":{"line":141,"character":17}},"selectionRange":{"start":{"line":141,"character":6},"end":{"line":141,"character":17}},"children":[]},{"name":"lPSWTaman","detail":".F.","kind":13,"range":{"start":{"line":142,"character":6},"end":{"line":142,"character":17}},"selectionRange":{"start":{"line":142,"character":6},"end":{"line":142,"character":17}},"children":[]},{"name":"lPSWMaius","detail":".F.","kind":13,"range":{"start":{"line":144,"character":6},"end":{"line":144,"character":17}},"selectionRange":{"start":{"line":144,"character":6},"end":{"line":144,"character":17}},"children":[]},{"name":"lPSWMinus","detail":".F.","kind":13,"range":{"start":{"line":145,"character":6},"end":{"line":145,"character":17}},"selectionRange":{"start":{"line":145,"character":6},"end":{"line":145,"character":17}},"children":[]},{"name":"lPSWNumer","detail":".F.","kind":13,"range":{"start":{"line":146,"character":6},"end":{"line":146,"character":17}},"selectionRange":{"start":{"line":146,"character":6},"end":{"line":146,"character":17}},"children":[]},{"name":"nX","detail":"0","kind":13,"range":{"start":{"line":148,"character":6},"end":{"line":148,"character":10}},"selectionRange":{"start":{"line":148,"character":6},"end":{"line":148,"character":10}},"children":[]}]},{"name":"mupddb","detail":"","kind":12,"range":{"start":{"line":204,"character":0},"end":{"line":239,"character":0}},"selectionRange":{"start":{"line":204,"character":0},"end":{"line":239,"character":0}},"children":[{"name":"cEdit1","detail":" [parameter]","kind":26,"range":{"start":{"line":204,"character":23},"end":{"line":204,"character":29}},"selectionRange":{"start":{"line":204,"character":23},"end":{"line":204,"character":29}},"children":[]},{"name":"cEdit2","detail":" [parameter]","kind":26,"range":{"start":{"line":204,"character":30},"end":{"line":204,"character":36}},"selectionRange":{"start":{"line":204,"character":30},"end":{"line":204,"character":36}},"children":[]},{"name":"cEdit3","detail":" [parameter]","kind":26,"range":{"start":{"line":204,"character":37},"end":{"line":204,"character":43}},"selectionRange":{"start":{"line":204,"character":37},"end":{"line":204,"character":43}},"children":[]},{"name":"cQuery","detail":"\"\"","kind":13,"range":{"start":{"line":209,"character":6},"end":{"line":209,"character":14}},"selectionRange":{"start":{"line":209,"character":6},"end":{"line":209,"character":14}},"children":[]}]},{"name":"relinweb","detail":"","kind":12,"range":{"start":{"line":240,"character":0},"end":{"line":494,"character":0}},"selectionRange":{"start":{"line":240,"character":0},"end":{"line":494,"character":0}},"children":[{"name":"cPrograma","detail":" [parameter]","kind":26,"range":{"start":{"line":240,"character":23},"end":{"line":240,"character":32}},"selectionRange":{"start":{"line":240,"character":23},"end":{"line":240,"character":32}},"children":[]},{"name":"cDescri","detail":" [parameter]","kind":26,"range":{"start":{"line":240,"character":33},"end":{"line":240,"character":40}},"selectionRange":{"start":{"line":240,"character":33},"end":{"line":240,"character":40}},"children":[]},{"name":"cParam","detail":" [parameter]","kind":26,"range":{"start":{"line":240,"character":41},"end":{"line":240,"character":47}},"selectionRange":{"start":{"line":240,"character":41},"end":{"line":240,"character":47}},"children":[]},{"name":"cTipo","detail":" [parameter]","kind":26,"range":{"start":{"line":240,"character":48},"end":{"line":240,"character":53}},"selectionRange":{"start":{"line":240,"character":48},"end":{"line":240,"character":53}},"children":[]},{"name":"cLink","detail":"\"\" [private]","kind":13,"range":{"start":{"line":251,"character":8},"end":{"line":251,"character":15}},"selectionRange":{"start":{"line":251,"character":8},"end":{"line":251,"character":15}},"children":[]},{"name":"cLinkInt","detail":"\"\" [private]","kind":13,"range":{"start":{"line":252,"character":8},"end":{"line":252,"character":18}},"selectionRange":{"start":{"line":252,"character":8},"end":{"line":252,"character":18}},"children":[]},{"name":"aInfoGeral","detail":"{} [private]","kind":13,"range":{"start":{"line":253,"character":8},"end":{"line":253,"character":20}},"selectionRange":{"start":{"line":253,"character":8},"end":{"line":253,"character":20}},"children":[]},{"name":"aInfUsr","detail":"{} [private]","kind":13,"range":{"start":{"line":255,"character":8},"end":{"line":255,"character":17}},"selectionRange":{"start":{"line":255,"character":8},"end":{"line":255,"character":17}},"children":[]},{"name":"oDlg1","detail":" [private]","kind":13,"range":{"start":{"line":257,"character":8},"end":{"line":257,"character":15}},"selectionRange":{"start":{"line":257,"character":8},"end":{"line":257,"character":15}},"children":[]},{"name":"oTIBrw","detail":" [private]","kind":13,"range":{"start":{"line":257,"character":15},"end":{"line":257,"character":23}},"selectionRange":{"start":{"line":257,"character":15},"end":{"line":257,"character":23}},"children":[]},{"name":"aSize","detail":"MsAdvSize() [private]","kind":13,"range":{"start":{"line":259,"character":8},"end":{"line":259,"character":15}},"selectionRange":{"start":{"line":259,"character":8},"end":{"line":259,"character":15}},"children":[]},{"name":"aInfo","detail":"{} [private]","kind":13,"range":{"start":{"line":260,"character":8},"end":{"line":260,"character":15}},"selectionRange":{"start":{"line":260,"character":8},"end":{"line":260,"character":15}},"children":[]},{"name":"aObj","detail":"{} [private]","kind":13,"range":{"start":{"line":261,"character":8},"end":{"line":261,"character":14}},"selectionRange":{"start":{"line":261,"character":8},"end":{"line":261,"character":14}},"children":[]},{"name":"aPObj","detail":"{} [private]","kind":13,"range":{"start":{"line":262,"character":8},"end":{"line":262,"character":15}},"selectionRange":{"start":{"line":262,"character":8},"end":{"line":262,"character":15}},"children":[]},{"name":"aRethora","detail":"{} [private]","kind":13,"range":{"start":{"line":264,"character":8},"end":{"line":264,"character":18}},"selectionRange":{"start":{"line":264,"character":8},"end":{"line":264,"character":18}},"children":[]}]},{"name":"mgurlmain","detail":"","kind":12,"range":{"start":{"line":495,"character":0},"end":{"line":505,"character":0}},"selectionRange":{"start":{"line":495,"character":0},"end":{"line":505,"character":0}},"children":[{"name":"cUrlNow","detail":" [parameter]","kind":26,"range":{"start":{"line":495,"character":26},"end":{"line":495,"character":33}},"selectionRange":{"start":{"line":495,"character":26},"end":{"line":495,"character":33}},"children":[]}]},{"name":"drsfile","detail":"","kind":12,"range":{"start":{"line":506,"character":0},"end":{"line":594,"character":0}},"selectionRange":{"start":{"line":506,"character":0},"end":{"line":594,"character":0}},"children":[{"name":"cURL","detail":"\"http://192.168...","kind":13,"range":{"start":{"line":514,"character":10},"end":{"line":514,"character":16}},"selectionRange":{"start":{"line":514,"character":10},"end":{"line":514,"character":16}},"children":[]},{"name":"cPath","detail":"\"/reportserver/...","kind":13,"range":{"start":{"line":515,"character":10},"end":{"line":515,"character":17}},"selectionRange":{"start":{"line":515,"character":10},"end":{"line":515,"character":17}},"children":[]},{"name":"aHeader","detail":"{}","kind":13,"range":{"start":{"line":516,"character":10},"end":{"line":516,"character":19}},"selectionRange":{"start":{"line":516,"character":10},"end":{"line":516,"character":19}},"children":[]},{"name":"oRest","detail":"NIL","kind":13,"range":{"start":{"line":517,"character":10},"end":{"line":517,"character":17}},"selectionRange":{"start":{"line":517,"character":10},"end":{"line":517,"character":17}},"children":[]},{"name":"nHandle","detail":"00","kind":13,"range":{"start":{"line":518,"character":10},"end":{"line":518,"character":19}},"selectionRange":{"start":{"line":518,"character":10},"end":{"line":518,"character":19}},"children":[]}]},{"name":"WSTOTVSXRS","detail":"WSTOTVSXRS","kind":5,"range":{"start":{"line":16,"character":10},"end":{"line":25,"character":13}},"selectionRange":{"start":{"line":16,"character":10},"end":{"line":25,"character":13}},"children":[{"name":"cPSWRET","detail":" as string","kind":7,"range":{"start":{"line":21,"character":4},"end":{"line":21,"character":11}},"selectionRange":{"start":{"line":21,"character":4},"end":{"line":21,"character":11}},"children":[]},{"name":"RSXUSER","detail":"method","kind":11,"range":{"start":{"line":23,"character":1},"end":{"line":23,"character":8}},"selectionRange":{"start":{"line":23,"character":1},"end":{"line":23,"character":8}},"children":[]}]}]}

Content-Length: 4840

{"jsonrpc":"2.0","id":8,"result":[{"range":{"start":{"line":82,"character":0},"end":{"line":133,"character":0}},"command":{"title":"2 references","command":"advpl.showXrefs","arguments":["function","file:///d%3A/totvs%2012/microsiga/protheus/projetovscode/10_lib/relinweb.prw",{"line":82,"character":0},[{"uri":"file:///d%3A/totvs%2012/microsiga/protheus/projetovscode/10_lib/relinweb.prw","range":{"start":{"line":300,"character":2},"end":{"line":300,"character":8}}},{"uri":"file:///d%3A/totvs%2012/microsiga/protheus/projetovscode/10_lib/relinweb.prw","range":{"start":{"line":458,"character":18},"end":{"line":458,"character":24}}}]]}},{"range":{"start":{"line":134,"character":0},"end":{"line":203,"character":0}},"command":{"title":"1 reference","command":"advpl.showXrefs","arguments":["function","file:///d%3A/totvs%2012/microsiga/protheus/projetovscode/10_lib/relinweb.prw",{"line":134,"character":0},[{"uri":"file:///d%3A/totvs%2012/microsiga/protheus/projetovscode/10_lib/relinweb.prw","range":{"start":{"line":125,"character":73},"end":{"line":125,"character":82}}}]]}},{"range":{"start":{"line":204,"character":0},"end":{"line":239,"character":0}},"command":{"title":"1 reference","command":"advpl.showXrefs","arguments":["function","file:///d%3A/totvs%2012/microsiga/protheus/projetovscode/10_lib/relinweb.prw",{"line":204,"character":0},[{"uri":"file:///d%3A/totvs%2012/microsiga/protheus/projetovscode/10_lib/relinweb.prw","range":{"start":{"line":127,"character":54},"end":{"line":127,"character":60}}}]]}},{"range":{"start":{"line":240,"character":0},"end":{"line":494,"character":0}},"command":{"title":"11 references","command":"advpl.showXrefs","arguments":["function","file:///d%3A/totvs%2012/microsiga/protheus/projetovscode/10_lib/relinweb.prw",{"line":240,"character":0},[{"uri":"file:///d%3A/totvs%2012/microsiga/protheus/projetovscode/11_MNT/MNTA990A.PRW","range":{"start":{"line":20,"character":64},"end":{"line":20,"character":74}}},{"uri":"file:///d%3A/totvs%2012/microsiga/protheus/projetovscode/07_FINANCEIRO/F060ACT.PRW","range":{"start":{"line":143,"character":103},"end":{"line":143,"character":113}}},{"uri":"file:///d%3A/totvs%2012/microsiga/protheus/projetovscode/07_FINANCEIRO/AutPag.prw","range":{"start":{"line":167,"character":0},"end":{"line":167,"character":10}}},{"uri":"file:///d%3A/totvs%2012/microsiga/protheus/projetovscode/05_ESTOQUE/MPFEST.prw","range":{"start":{"line":47,"character":107},"end":{"line":47,"character":117}}},{"uri":"file:///d%3A/totvs%2012/microsiga/protheus/projetovscode/05_ESTOQUE/MPFEST.prw","range":{"start":{"line":218,"character":1},"end":{"line":218,"character":11}}},{"uri":"file:///d%3A/totvs%2012/microsiga/protheus/projetovscode/05_ESTOQUE/MPFEST.prw","range":{"start":{"line":220,"character":1},"end":{"line":220,"character":11}}},{"uri":"file:///d%3A/totvs%2012/microsiga/protheus/projetovscode/05_ESTOQUE/MMOVESTEND.PRW","range":{"start":{"line":121,"character":0},"end":{"line":121,"character":10}}},{"uri":"file:///d%3A/totvs%2012/microsiga/protheus/projetovscode/05_ESTOQUE/MESTNOTA.PRW","range":{"start":{"line":125,"character":2},"end":{"line":125,"character":12}}},{"uri":"file:///d%3A/totvs%2012/microsiga/protheus/projetovscode/05_ESTOQUE/MESTNOTA.PRW","range":{"start":{"line":127,"character":2},"end":{"line":127,"character":12}}},{"uri":"file:///d%3A/totvs%2012/microsiga/protheus/projetovscode/02_COMPRAS/IMPPC.PRW","range":{"start":{"line":309,"character":2},"end":{"line":309,"character":12}}},{"uri":"file:///d%3A/totvs%2012/microsiga/protheus/projetovscode/02_COMPRAS/IMPPC.PRW","range":{"start":{"line":311,"character":2},"end":{"line":311,"character":12}}}]]}},{"range":{"start":{"line":495,"character":0},"end":{"line":505,"character":0}},"command":{"title":"0 reference","command":"advpl.showXrefs","arguments":["function","file:///d%3A/totvs%2012/microsiga/protheus/projetovscode/10_lib/relinweb.prw",{"line":495,"character":0},[]]}},{"range":{"start":{"line":506,"character":0},"end":{"line":594,"character":0}},"command":{"title":"0 reference","command":"advpl.showXrefs","arguments":["function","file:///d%3A/totvs%2012/microsiga/protheus/projetovscode/10_lib/relinweb.prw",{"line":506,"character":0},[]]}},{"range":{"start":{"line":0,"character":0},"end":{"line":0,"character":0}}},{"range":{"start":{"line":13,"character":7},"end":{"line":13,"character":16}},"command":{"title":"0 reference","command":"advpl.showXrefs","arguments":["function","file:///d%3A/totvs%2012/microsiga/protheus/projetovscode/10_lib/relinweb.prw",{"line":13,"character":7},[]]}},{"range":{"start":{"line":14,"character":7},"end":{"line":14,"character":20}},"command":{"title":"0 reference","command":"advpl.showXrefs","arguments":["function","file:///d%3A/totvs%2012/microsiga/protheus/projetovscode/10_lib/relinweb.prw",{"line":14,"character":7},[]]}}]}

Content-Length: 470

{"jsonrpc":"2.0","id":9,"result":{"message":"OK","serverInformations":{"server":{"serverDetectedType":1,"environmentDetectedType":1},"permissions":{"operation":["DISCONNECT_USER","SEND_MESSAGE","BLOCK_NEW_CONNECTION","STOP_SERVER","APPLY_PATCH","BUILD_PATCH","MONITOR","COMPILE","APPLY_TEMPLATE"],"text":["M:Disconnect User","M:Send Message to User","M:Block New Connection","M:Stop Server","S:Apply Patch","S:Build Patch","M:Monitor","S:Compile","S:Apply Template"]}}}}

Content-Length: 50

{"jsonrpc":"2.0","id":10,"result":{"contents":[]}}

Content-Length: 50

{"jsonrpc":"2.0","id":11,"result":{"contents":[]}}

Content-Length: 50

{"jsonrpc":"2.0","id":12,"result":{"contents":[]}}

Content-Length: 50

{"jsonrpc":"2.0","id":13,"result":{"contents":[]}}

Content-Length: 50

{"jsonrpc":"2.0","id":14,"result":{"contents":[]}}

Content-Length: 50

{"jsonrpc":"2.0","id":15,"result":{"contents":[]}}

Content-Length: 50

{"jsonrpc":"2.0","id":16,"result":{"contents":[]}}

Content-Length: 4841

{"jsonrpc":"2.0","id":17,"result":[{"range":{"start":{"line":82,"character":0},"end":{"line":133,"character":0}},"command":{"title":"2 references","command":"advpl.showXrefs","arguments":["function","file:///d%3A/totvs%2012/microsiga/protheus/projetovscode/10_lib/relinweb.prw",{"line":82,"character":0},[{"uri":"file:///d%3A/totvs%2012/microsiga/protheus/projetovscode/10_lib/relinweb.prw","range":{"start":{"line":300,"character":2},"end":{"line":300,"character":8}}},{"uri":"file:///d%3A/totvs%2012/microsiga/protheus/projetovscode/10_lib/relinweb.prw","range":{"start":{"line":458,"character":18},"end":{"line":458,"character":24}}}]]}},{"range":{"start":{"line":134,"character":0},"end":{"line":203,"character":0}},"command":{"title":"1 reference","command":"advpl.showXrefs","arguments":["function","file:///d%3A/totvs%2012/microsiga/protheus/projetovscode/10_lib/relinweb.prw",{"line":134,"character":0},[{"uri":"file:///d%3A/totvs%2012/microsiga/protheus/projetovscode/10_lib/relinweb.prw","range":{"start":{"line":125,"character":73},"end":{"line":125,"character":82}}}]]}},{"range":{"start":{"line":204,"character":0},"end":{"line":239,"character":0}},"command":{"title":"1 reference","command":"advpl.showXrefs","arguments":["function","file:///d%3A/totvs%2012/microsiga/protheus/projetovscode/10_lib/relinweb.prw",{"line":204,"character":0},[{"uri":"file:///d%3A/totvs%2012/microsiga/protheus/projetovscode/10_lib/relinweb.prw","range":{"start":{"line":127,"character":54},"end":{"line":127,"character":60}}}]]}},{"range":{"start":{"line":240,"character":0},"end":{"line":494,"character":0}},"command":{"title":"11 references","command":"advpl.showXrefs","arguments":["function","file:///d%3A/totvs%2012/microsiga/protheus/projetovscode/10_lib/relinweb.prw",{"line":240,"character":0},[{"uri":"file:///d%3A/totvs%2012/microsiga/protheus/projetovscode/11_MNT/MNTA990A.PRW","range":{"start":{"line":20,"character":64},"end":{"line":20,"character":74}}},{"uri":"file:///d%3A/totvs%2012/microsiga/protheus/projetovscode/07_FINANCEIRO/F060ACT.PRW","range":{"start":{"line":143,"character":103},"end":{"line":143,"character":113}}},{"uri":"file:///d%3A/totvs%2012/microsiga/protheus/projetovscode/07_FINANCEIRO/AutPag.prw","range":{"start":{"line":167,"character":0},"end":{"line":167,"character":10}}},{"uri":"file:///d%3A/totvs%2012/microsiga/protheus/projetovscode/05_ESTOQUE/MPFEST.prw","range":{"start":{"line":47,"character":107},"end":{"line":47,"character":117}}},{"uri":"file:///d%3A/totvs%2012/microsiga/protheus/projetovscode/05_ESTOQUE/MPFEST.prw","range":{"start":{"line":218,"character":1},"end":{"line":218,"character":11}}},{"uri":"file:///d%3A/totvs%2012/microsiga/protheus/projetovscode/05_ESTOQUE/MPFEST.prw","range":{"start":{"line":220,"character":1},"end":{"line":220,"character":11}}},{"uri":"file:///d%3A/totvs%2012/microsiga/protheus/projetovscode/05_ESTOQUE/MMOVESTEND.PRW","range":{"start":{"line":121,"character":0},"end":{"line":121,"character":10}}},{"uri":"file:///d%3A/totvs%2012/microsiga/protheus/projetovscode/05_ESTOQUE/MESTNOTA.PRW","range":{"start":{"line":125,"character":2},"end":{"line":125,"character":12}}},{"uri":"file:///d%3A/totvs%2012/microsiga/protheus/projetovscode/05_ESTOQUE/MESTNOTA.PRW","range":{"start":{"line":127,"character":2},"end":{"line":127,"character":12}}},{"uri":"file:///d%3A/totvs%2012/microsiga/protheus/projetovscode/02_COMPRAS/IMPPC.PRW","range":{"start":{"line":309,"character":2},"end":{"line":309,"character":12}}},{"uri":"file:///d%3A/totvs%2012/microsiga/protheus/projetovscode/02_COMPRAS/IMPPC.PRW","range":{"start":{"line":311,"character":2},"end":{"line":311,"character":12}}}]]}},{"range":{"start":{"line":495,"character":0},"end":{"line":505,"character":0}},"command":{"title":"0 reference","command":"advpl.showXrefs","arguments":["function","file:///d%3A/totvs%2012/microsiga/protheus/projetovscode/10_lib/relinweb.prw",{"line":495,"character":0},[]]}},{"range":{"start":{"line":506,"character":0},"end":{"line":594,"character":0}},"command":{"title":"0 reference","command":"advpl.showXrefs","arguments":["function","file:///d%3A/totvs%2012/microsiga/protheus/projetovscode/10_lib/relinweb.prw",{"line":506,"character":0},[]]}},{"range":{"start":{"line":0,"character":0},"end":{"line":0,"character":0}}},{"range":{"start":{"line":13,"character":7},"end":{"line":13,"character":16}},"command":{"title":"0 reference","command":"advpl.showXrefs","arguments":["function","file:///d%3A/totvs%2012/microsiga/protheus/projetovscode/10_lib/relinweb.prw",{"line":13,"character":7},[]]}},{"range":{"start":{"line":14,"character":7},"end":{"line":14,"character":20}},"command":{"title":"0 reference","command":"advpl.showXrefs","arguments":["function","file:///d%3A/totvs%2012/microsiga/protheus/projetovscode/10_lib/relinweb.prw",{"line":14,"character":7},[]]}}]}

Content-Length: 178

{"jsonrpc":"2.0","method":"textDocument/publishDiagnostics","params":{"uri":"file:///d%3A/totvs%2012/microsiga/protheus/projetovscode/05_estoque/pr106auto.prw","diagnostics":[]}}

Content-Length: 179

{"jsonrpc":"2.0","method":"textDocument/publishDiagnostics","params":{"uri":"file:///d%3A/totvs%2012/microsiga/protheus/projetovscode/05_estoque/mmovestend.prw","diagnostics":[]}}

Content-Length: 177

{"jsonrpc":"2.0","method":"textDocument/publishDiagnostics","params":{"uri":"file:///d%3A/totvs%2012/microsiga/protheus/projetovscode/05_estoque/mestnota.prw","diagnostics":[]}}

Content-Length: 176

{"jsonrpc":"2.0","method":"textDocument/publishDiagnostics","params":{"uri":"file:///d%3A/totvs%2012/microsiga/protheus/projetovscode/05_estoque/matr910.prw","diagnostics":[]}}

Content-Length: 176

{"jsonrpc":"2.0","method":"textDocument/publishDiagnostics","params":{"uri":"file:///d%3A/totvs%2012/microsiga/protheus/projetovscode/05_estoque/matr300.prw","diagnostics":[]}}

Content-Length: 176

{"jsonrpc":"2.0","method":"textDocument/publishDiagnostics","params":{"uri":"file:///d%3A/totvs%2012/microsiga/protheus/projetovscode/05_estoque/m185grv.prw","diagnostics":[]}}

Content-Length: 176

{"jsonrpc":"2.0","method":"textDocument/publishDiagnostics","params":{"uri":"file:///d%3A/totvs%2012/microsiga/protheus/projetovscode/05_estoque/m105but.prw","diagnostics":[]}}

Content-Length: 180

{"jsonrpc":"2.0","method":"textDocument/publishDiagnostics","params":{"uri":"file:///d%3A/totvs%2012/microsiga/protheus/projetovscode/05_estoque/itm_mest010.prw","diagnostics":[]}}

Content-Length: 175

{"jsonrpc":"2.0","method":"textDocument/publishDiagnostics","params":{"uri":"file:///d%3A/totvs%2012/microsiga/protheus/projetovscode/05_estoque/ipadcc.prw","diagnostics":[]}}

Content-Length: 178

{"jsonrpc":"2.0","method":"textDocument/publishDiagnostics","params":{"uri":"file:///d%3A/totvs%2012/microsiga/protheus/projetovscode/05_estoque/impinvsb9.prw","diagnostics":[]}}

Content-Length: 176

{"jsonrpc":"2.0","method":"textDocument/publishDiagnostics","params":{"uri":"file:///d%3A/totvs%2012/microsiga/protheus/projetovscode/05_estoque/criasb9.prw","diagnostics":[]}}

Content-Length: 176

{"jsonrpc":"2.0","method":"textDocument/publishDiagnostics","params":{"uri":"file:///d%3A/totvs%2012/microsiga/protheus/projetovscode/05_estoque/criasb2.prw","diagnostics":[]}}

Content-Length: 175

{"jsonrpc":"2.0","method":"textDocument/publishDiagnostics","params":{"uri":"file:///d%3A/totvs%2012/microsiga/protheus/projetovscode/05_estoque/gerest.prw","diagnostics":[]}}

Content-Length: 178

{"jsonrpc":"2.0","method":"textDocument/publishDiagnostics","params":{"uri":"file:///d%3A/totvs%2012/microsiga/protheus/projetovscode/05_estoque/mta338mnu.prw","diagnostics":[]}}

Content-Length: 175

{"jsonrpc":"2.0","method":"textDocument/publishDiagnostics","params":{"uri":"file:///d%3A/totvs%2012/microsiga/protheus/projetovscode/05_estoque/relmod.prw","diagnostics":[]}}

Content-Length: 177

{"jsonrpc":"2.0","method":"textDocument/publishDiagnostics","params":{"uri":"file:///d%3A/totvs%2012/microsiga/protheus/projetovscode/05_estoque/relcusto.prw","diagnostics":[]}}

Content-Length: 178

{"jsonrpc":"2.0","method":"textDocument/publishDiagnostics","params":{"uri":"file:///d%3A/totvs%2012/microsiga/protheus/projetovscode/05_estoque/pegroa045.prw","diagnostics":[]}}

Content-Length: 175

{"jsonrpc":"2.0","method":"textDocument/publishDiagnostics","params":{"uri":"file:///d%3A/totvs%2012/microsiga/protheus/projetovscode/05_estoque/ze1cad.prw","diagnostics":[]}}

Content-Length: 176

{"jsonrpc":"2.0","method":"textDocument/publishDiagnostics","params":{"uri":"file:///d%3A/totvs%2012/microsiga/protheus/projetovscode/05_estoque/seqlote.prw","diagnostics":[]}}

Content-Length: 176

{"jsonrpc":"2.0","method":"textDocument/publishDiagnostics","params":{"uri":"file:///d%3A/totvs%2012/microsiga/protheus/projetovscode/02_compras/a100del.prw","diagnostics":[]}}

Content-Length: 176

{"jsonrpc":"2.0","method":"textDocument/publishDiagnostics","params":{"uri":"file:///d%3A/totvs%2012/microsiga/protheus/projetovscode/02_compras/dtcusto.prw","diagnostics":[]}}

Content-Length: 178

{"jsonrpc":"2.0","method":"textDocument/publishDiagnostics","params":{"uri":"file:///d%3A/totvs%2012/microsiga/protheus/projetovscode/04_contabil/rctbm001.prw","diagnostics":[]}}

Content-Length: 178

{"jsonrpc":"2.0","method":"textDocument/publishDiagnostics","params":{"uri":"file:///d%3A/totvs%2012/microsiga/protheus/projetovscode/04_contabil/mlptesnf.prw","diagnostics":[]}}

Content-Length: 177

{"jsonrpc":"2.0","method":"textDocument/publishDiagnostics","params":{"uri":"file:///d%3A/totvs%2012/microsiga/protheus/projetovscode/02_compras/a093acod.prw","diagnostics":[]}}

Content-Length: 176

{"jsonrpc":"2.0","method":"textDocument/publishDiagnostics","params":{"uri":"file:///d%3A/totvs%2012/microsiga/protheus/projetovscode/04_contabil/mlpnat.prw","diagnostics":[]}}

Content-Length: 177

{"jsonrpc":"2.0","method":"textDocument/publishDiagnostics","params":{"uri":"file:///d%3A/totvs%2012/microsiga/protheus/projetovscode/04_contabil/mct1cli.prw","diagnostics":[]}}

Content-Length: 178

{"jsonrpc":"2.0","method":"textDocument/publishDiagnostics","params":{"uri":"file:///d%3A/totvs%2012/microsiga/protheus/projetovscode/04_contabil/lhi530s1.prw","diagnostics":[]}}

Content-Length: 179

{"jsonrpc":"2.0","method":"textDocument/publishDiagnostics","params":{"uri":"file:///d%3A/totvs%2012/microsiga/protheus/projetovscode/04_contabil/lcd650s16.prw","diagnostics":[]}}

Content-Length: 179

{"jsonrpc":"2.0","method":"textDocument/publishDiagnostics","params":{"uri":"file:///d%3A/totvs%2012/microsiga/protheus/projetovscode/04_contabil/mcargact2.prw","diagnostics":[]}}

Content-Length: 178

{"jsonrpc":"2.0","method":"textDocument/publishDiagnostics","params":{"uri":"file:///d%3A/totvs%2012/microsiga/protheus/projetovscode/04_contabil/lcd530s7.prw","diagnostics":[]}}

Content-Length: 178

{"jsonrpc":"2.0","method":"textDocument/publishDiagnostics","params":{"uri":"file:///d%3A/totvs%2012/microsiga/protheus/projetovscode/04_contabil/lcd530s1.prw","diagnostics":[]}}

Content-Length: 184

{"jsonrpc":"2.0","method":"textDocument/publishDiagnostics","params":{"uri":"file:///d%3A/totvs%2012/microsiga/protheus/projetovscode/01_somente_itinga/mt241sd3.prw","diagnostics":[]}}

Content-Length: 185

{"jsonrpc":"2.0","method":"textDocument/publishDiagnostics","params":{"uri":"file:///d%3A/totvs%2012/microsiga/protheus/projetovscode/01_somente_itinga/mta103mnu.prw","diagnostics":[]}}

Content-Length: 184

{"jsonrpc":"2.0","method":"textDocument/publishDiagnostics","params":{"uri":"file:///d%3A/totvs%2012/microsiga/protheus/projetovscode/01_somente_itinga/mt103fim.prw","diagnostics":[]}}

Content-Length: 184

{"jsonrpc":"2.0","method":"textDocument/publishDiagnostics","params":{"uri":"file:///d%3A/totvs%2012/microsiga/protheus/projetovscode/01_somente_itinga/mt100tok.prw","diagnostics":[]}}

Content-Length: 183

{"jsonrpc":"2.0","method":"textDocument/publishDiagnostics","params":{"uri":"file:///d%3A/totvs%2012/microsiga/protheus/projetovscode/01_somente_itinga/m460fim.prw","diagnostics":[]}}

Content-Length: 176

{"jsonrpc":"2.0","method":"textDocument/publishDiagnostics","params":{"uri":"file:///d%3A/totvs%2012/microsiga/protheus/projetovscode/02_compras/relpedc.prw","diagnostics":[]}}

Content-Length: 175

{"jsonrpc":"2.0","method":"textDocument/publishDiagnostics","params":{"uri":"file:///d%3A/totvs%2012/microsiga/protheus/projetovscode/02_compras/nmforn.prw","diagnostics":[]}}

Content-Length: 176

{"jsonrpc":"2.0","method":"textDocument/publishDiagnostics","params":{"uri":"file:///d%3A/totvs%2012/microsiga/protheus/projetovscode/02_compras/mxdtval.prw","diagnostics":[]}}

Content-Length: 177

{"jsonrpc":"2.0","method":"textDocument/publishDiagnostics","params":{"uri":"file:///d%3A/totvs%2012/microsiga/protheus/projetovscode/02_compras/mt150rot.prw","diagnostics":[]}}

Content-Length: 177

{"jsonrpc":"2.0","method":"textDocument/publishDiagnostics","params":{"uri":"file:///d%3A/totvs%2012/microsiga/protheus/projetovscode/02_compras/mt120fim.prw","diagnostics":[]}}

Content-Length: 177

{"jsonrpc":"2.0","method":"textDocument/publishDiagnostics","params":{"uri":"file:///d%3A/totvs%2012/microsiga/protheus/projetovscode/02_compras/mt120apv.prw","diagnostics":[]}}

Content-Length: 177

{"jsonrpc":"2.0","method":"textDocument/publishDiagnostics","params":{"uri":"file:///d%3A/totvs%2012/microsiga/protheus/projetovscode/02_compras/mt103vcc.prw","diagnostics":[]}}

Content-Length: 177

{"jsonrpc":"2.0","method":"textDocument/publishDiagnostics","params":{"uri":"file:///d%3A/totvs%2012/microsiga/protheus/projetovscode/02_compras/mt103tok.prw","diagnostics":[]}}

Content-Length: 177

{"jsonrpc":"2.0","method":"textDocument/publishDiagnostics","params":{"uri":"file:///d%3A/totvs%2012/microsiga/protheus/projetovscode/02_compras/mt103nfe.prw","diagnostics":[]}}

Content-Length: 177

{"jsonrpc":"2.0","method":"textDocument/publishDiagnostics","params":{"uri":"file:///d%3A/totvs%2012/microsiga/protheus/projetovscode/02_compras/mt103fin.prw","diagnostics":[]}}

Content-Length: 177

{"jsonrpc":"2.0","method":"textDocument/publishDiagnostics","params":{"uri":"file:///d%3A/totvs%2012/microsiga/protheus/projetovscode/02_compras/mt103dcf.prw","diagnostics":[]}}

Content-Length: 177

{"jsonrpc":"2.0","method":"textDocument/publishDiagnostics","params":{"uri":"file:///d%3A/totvs%2012/microsiga/protheus/projetovscode/02_compras/mt100tok.prw","diagnostics":[]}}

Content-Length: 177

{"jsonrpc":"2.0","method":"textDocument/publishDiagnostics","params":{"uri":"file:///d%3A/totvs%2012/microsiga/protheus/projetovscode/02_compras/mt100lok.prw","diagnostics":[]}}

Content-Length: 179

{"jsonrpc":"2.0","method":"textDocument/publishDiagnostics","params":{"uri":"file:///d%3A/totvs%2012/microsiga/protheus/projetovscode/02_compras/msgdecreto.prw","diagnostics":[]}}

Content-Length: 176

{"jsonrpc":"2.0","method":"textDocument/publishDiagnostics","params":{"uri":"file:///d%3A/totvs%2012/microsiga/protheus/projetovscode/02_compras/mata110.prw","diagnostics":[]}}

Content-Length: 177

{"jsonrpc":"2.0","method":"textDocument/publishDiagnostics","params":{"uri":"file:///d%3A/totvs%2012/microsiga/protheus/projetovscode/02_compras/ma103opc.prw","diagnostics":[]}}

Content-Length: 175

{"jsonrpc":"2.0","method":"textDocument/publishDiagnostics","params":{"uri":"file:///d%3A/totvs%2012/microsiga/protheus/projetovscode/02_compras/impsdq.prw","diagnostics":[]}}

Content-Length: 179

{"jsonrpc":"2.0","method":"textDocument/publishDiagnostics","params":{"uri":"file:///d%3A/totvs%2012/microsiga/protheus/projetovscode/02_compras/itmmatr110.prx","diagnostics":[]}}

Content-Length: 174

{"jsonrpc":"2.0","method":"textDocument/publishDiagnostics","params":{"uri":"file:///d%3A/totvs%2012/microsiga/protheus/projetovscode/02_compras/imppc.prw","diagnostics":[]}}

Content-Length: 175

{"jsonrpc":"2.0","method":"textDocument/publishDiagnostics","params":{"uri":"file:///d%3A/totvs%2012/microsiga/protheus/projetovscode/02_compras/impnfe.prw","diagnostics":[]}}

Content-Length: 4841

{"jsonrpc":"2.0","id":18,"result":[{"range":{"start":{"line":82,"character":0},"end":{"line":133,"character":0}},"command":{"title":"2 references","command":"advpl.showXrefs","arguments":["function","file:///d%3A/totvs%2012/microsiga/protheus/projetovscode/10_lib/relinweb.prw",{"line":82,"character":0},[{"uri":"file:///d%3A/totvs%2012/microsiga/protheus/projetovscode/10_lib/relinweb.prw","range":{"start":{"line":300,"character":2},"end":{"line":300,"character":8}}},{"uri":"file:///d%3A/totvs%2012/microsiga/protheus/projetovscode/10_lib/relinweb.prw","range":{"start":{"line":458,"character":18},"end":{"line":458,"character":24}}}]]}},{"range":{"start":{"line":134,"character":0},"end":{"line":203,"character":0}},"command":{"title":"1 reference","command":"advpl.showXrefs","arguments":["function","file:///d%3A/totvs%2012/microsiga/protheus/projetovscode/10_lib/relinweb.prw",{"line":134,"character":0},[{"uri":"file:///d%3A/totvs%2012/microsiga/protheus/projetovscode/10_lib/relinweb.prw","range":{"start":{"line":125,"character":73},"end":{"line":125,"character":82}}}]]}},{"range":{"start":{"line":204,"character":0},"end":{"line":239,"character":0}},"command":{"title":"1 reference","command":"advpl.showXrefs","arguments":["function","file:///d%3A/totvs%2012/microsiga/protheus/projetovscode/10_lib/relinweb.prw",{"line":204,"character":0},[{"uri":"file:///d%3A/totvs%2012/microsiga/protheus/projetovscode/10_lib/relinweb.prw","range":{"start":{"line":127,"character":54},"end":{"line":127,"character":60}}}]]}},{"range":{"start":{"line":240,"character":0},"end":{"line":494,"character":0}},"command":{"title":"11 references","command":"advpl.showXrefs","arguments":["function","file:///d%3A/totvs%2012/microsiga/protheus/projetovscode/10_lib/relinweb.prw",{"line":240,"character":0},[{"uri":"file:///d%3A/totvs%2012/microsiga/protheus/projetovscode/11_MNT/MNTA990A.PRW","range":{"start":{"line":20,"character":64},"end":{"line":20,"character":74}}},{"uri":"file:///d%3A/totvs%2012/microsiga/protheus/projetovscode/07_FINANCEIRO/F060ACT.PRW","range":{"start":{"line":143,"character":103},"end":{"line":143,"character":113}}},{"uri":"file:///d%3A/totvs%2012/microsiga/protheus/projetovscode/07_FINANCEIRO/AutPag.prw","range":{"start":{"line":167,"character":0},"end":{"line":167,"character":10}}},{"uri":"file:///d%3A/totvs%2012/microsiga/protheus/projetovscode/05_ESTOQUE/MPFEST.prw","range":{"start":{"line":47,"character":107},"end":{"line":47,"character":117}}},{"uri":"file:///d%3A/totvs%2012/microsiga/protheus/projetovscode/05_ESTOQUE/MPFEST.prw","range":{"start":{"line":218,"character":1},"end":{"line":218,"character":11}}},{"uri":"file:///d%3A/totvs%2012/microsiga/protheus/projetovscode/05_ESTOQUE/MPFEST.prw","range":{"start":{"line":220,"character":1},"end":{"line":220,"character":11}}},{"uri":"file:///d%3A/totvs%2012/microsiga/protheus/projetovscode/05_ESTOQUE/MMOVESTEND.PRW","range":{"start":{"line":121,"character":0},"end":{"line":121,"character":10}}},{"uri":"file:///d%3A/totvs%2012/microsiga/protheus/projetovscode/05_ESTOQUE/MESTNOTA.PRW","range":{"start":{"line":125,"character":2},"end":{"line":125,"character":12}}},{"uri":"file:///d%3A/totvs%2012/microsiga/protheus/projetovscode/05_ESTOQUE/MESTNOTA.PRW","range":{"start":{"line":127,"character":2},"end":{"line":127,"character":12}}},{"uri":"file:///d%3A/totvs%2012/microsiga/protheus/projetovscode/02_COMPRAS/IMPPC.PRW","range":{"start":{"line":309,"character":2},"end":{"line":309,"character":12}}},{"uri":"file:///d%3A/totvs%2012/microsiga/protheus/projetovscode/02_COMPRAS/IMPPC.PRW","range":{"start":{"line":311,"character":2},"end":{"line":311,"character":12}}}]]}},{"range":{"start":{"line":495,"character":0},"end":{"line":505,"character":0}},"command":{"title":"0 reference","command":"advpl.showXrefs","arguments":["function","file:///d%3A/totvs%2012/microsiga/protheus/projetovscode/10_lib/relinweb.prw",{"line":495,"character":0},[]]}},{"range":{"start":{"line":506,"character":0},"end":{"line":594,"character":0}},"command":{"title":"0 reference","command":"advpl.showXrefs","arguments":["function","file:///d%3A/totvs%2012/microsiga/protheus/projetovscode/10_lib/relinweb.prw",{"line":506,"character":0},[]]}},{"range":{"start":{"line":0,"character":0},"end":{"line":0,"character":0}}},{"range":{"start":{"line":13,"character":7},"end":{"line":13,"character":16}},"command":{"title":"0 reference","command":"advpl.showXrefs","arguments":["function","file:///d%3A/totvs%2012/microsiga/protheus/projetovscode/10_lib/relinweb.prw",{"line":13,"character":7},[]]}},{"range":{"start":{"line":14,"character":7},"end":{"line":14,"character":20}},"command":{"title":"0 reference","command":"advpl.showXrefs","arguments":["function","file:///d%3A/totvs%2012/microsiga/protheus/projetovscode/10_lib/relinweb.prw",{"line":14,"character":7},[]]}}]}

Content-Length: 380

{"jsonrpc":"2.0","id":19,"result":{"contents":["## binary function dbclosearea() -> **nil**\n\nFecha a Ã¡rea de trabalho corrente.\n\n\n\n\n|   |   |\n| - | - |\n| **Return** | nil, Retorno sempre Ã© nulo. |\n| **Author** | [vp tecnologia](https://tdn.totvs.com/display/tec) - [totvs s.a.](https://www.totvs.com/)|\n| **See** | https://tdn.totvs.com/display/tec/dbclosearea|\n"]}}

Content-Length: 4841

{"jsonrpc":"2.0","id":20,"result":[{"range":{"start":{"line":82,"character":0},"end":{"line":133,"character":0}},"command":{"title":"2 references","command":"advpl.showXrefs","arguments":["function","file:///d%3A/totvs%2012/microsiga/protheus/projetovscode/10_lib/relinweb.prw",{"line":82,"character":0},[{"uri":"file:///d%3A/totvs%2012/microsiga/protheus/projetovscode/10_lib/relinweb.prw","range":{"start":{"line":300,"character":2},"end":{"line":300,"character":8}}},{"uri":"file:///d%3A/totvs%2012/microsiga/protheus/projetovscode/10_lib/relinweb.prw","range":{"start":{"line":458,"character":18},"end":{"line":458,"character":24}}}]]}},{"range":{"start":{"line":134,"character":0},"end":{"line":203,"character":0}},"command":{"title":"1 reference","command":"advpl.showXrefs","arguments":["function","file:///d%3A/totvs%2012/microsiga/protheus/projetovscode/10_lib/relinweb.prw",{"line":134,"character":0},[{"uri":"file:///d%3A/totvs%2012/microsiga/protheus/projetovscode/10_lib/relinweb.prw","range":{"start":{"line":125,"character":73},"end":{"line":125,"character":82}}}]]}},{"range":{"start":{"line":204,"character":0},"end":{"line":239,"character":0}},"command":{"title":"1 reference","command":"advpl.showXrefs","arguments":["function","file:///d%3A/totvs%2012/microsiga/protheus/projetovscode/10_lib/relinweb.prw",{"line":204,"character":0},[{"uri":"file:///d%3A/totvs%2012/microsiga/protheus/projetovscode/10_lib/relinweb.prw","range":{"start":{"line":127,"character":54},"end":{"line":127,"character":60}}}]]}},{"range":{"start":{"line":240,"character":0},"end":{"line":494,"character":0}},"command":{"title":"11 references","command":"advpl.showXrefs","arguments":["function","file:///d%3A/totvs%2012/microsiga/protheus/projetovscode/10_lib/relinweb.prw",{"line":240,"character":0},[{"uri":"file:///d%3A/totvs%2012/microsiga/protheus/projetovscode/11_MNT/MNTA990A.PRW","range":{"start":{"line":20,"character":64},"end":{"line":20,"character":74}}},{"uri":"file:///d%3A/totvs%2012/microsiga/protheus/projetovscode/07_FINANCEIRO/F060ACT.PRW","range":{"start":{"line":143,"character":103},"end":{"line":143,"character":113}}},{"uri":"file:///d%3A/totvs%2012/microsiga/protheus/projetovscode/07_FINANCEIRO/AutPag.prw","range":{"start":{"line":167,"character":0},"end":{"line":167,"character":10}}},{"uri":"file:///d%3A/totvs%2012/microsiga/protheus/projetovscode/05_ESTOQUE/MPFEST.prw","range":{"start":{"line":47,"character":107},"end":{"line":47,"character":117}}},{"uri":"file:///d%3A/totvs%2012/microsiga/protheus/projetovscode/05_ESTOQUE/MPFEST.prw","range":{"start":{"line":218,"character":1},"end":{"line":218,"character":11}}},{"uri":"file:///d%3A/totvs%2012/microsiga/protheus/projetovscode/05_ESTOQUE/MPFEST.prw","range":{"start":{"line":220,"character":1},"end":{"line":220,"character":11}}},{"uri":"file:///d%3A/totvs%2012/microsiga/protheus/projetovscode/05_ESTOQUE/MMOVESTEND.PRW","range":{"start":{"line":121,"character":0},"end":{"line":121,"character":10}}},{"uri":"file:///d%3A/totvs%2012/microsiga/protheus/projetovscode/05_ESTOQUE/MESTNOTA.PRW","range":{"start":{"line":125,"character":2},"end":{"line":125,"character":12}}},{"uri":"file:///d%3A/totvs%2012/microsiga/protheus/projetovscode/05_ESTOQUE/MESTNOTA.PRW","range":{"start":{"line":127,"character":2},"end":{"line":127,"character":12}}},{"uri":"file:///d%3A/totvs%2012/microsiga/protheus/projetovscode/02_COMPRAS/IMPPC.PRW","range":{"start":{"line":309,"character":2},"end":{"line":309,"character":12}}},{"uri":"file:///d%3A/totvs%2012/microsiga/protheus/projetovscode/02_COMPRAS/IMPPC.PRW","range":{"start":{"line":311,"character":2},"end":{"line":311,"character":12}}}]]}},{"range":{"start":{"line":495,"character":0},"end":{"line":505,"character":0}},"command":{"title":"0 reference","command":"advpl.showXrefs","arguments":["function","file:///d%3A/totvs%2012/microsiga/protheus/projetovscode/10_lib/relinweb.prw",{"line":495,"character":0},[]]}},{"range":{"start":{"line":506,"character":0},"end":{"line":594,"character":0}},"command":{"title":"0 reference","command":"advpl.showXrefs","arguments":["function","file:///d%3A/totvs%2012/microsiga/protheus/projetovscode/10_lib/relinweb.prw",{"line":506,"character":0},[]]}},{"range":{"start":{"line":0,"character":0},"end":{"line":0,"character":0}}},{"range":{"start":{"line":13,"character":7},"end":{"line":13,"character":16}},"command":{"title":"0 reference","command":"advpl.showXrefs","arguments":["function","file:///d%3A/totvs%2012/microsiga/protheus/projetovscode/10_lib/relinweb.prw",{"line":13,"character":7},[]]}},{"range":{"start":{"line":14,"character":7},"end":{"line":14,"character":20}},"command":{"title":"0 reference","command":"advpl.showXrefs","arguments":["function","file:///d%3A/totvs%2012/microsiga/protheus/projetovscode/10_lib/relinweb.prw",{"line":14,"character":7},[]]}}]}

Content-Length: 4841

{"jsonrpc":"2.0","id":21,"result":[{"range":{"start":{"line":82,"character":0},"end":{"line":133,"character":0}},"command":{"title":"2 references","command":"advpl.showXrefs","arguments":["function","file:///d%3A/totvs%2012/microsiga/protheus/projetovscode/10_lib/relinweb.prw",{"line":82,"character":0},[{"uri":"file:///d%3A/totvs%2012/microsiga/protheus/projetovscode/10_lib/relinweb.prw","range":{"start":{"line":300,"character":2},"end":{"line":300,"character":8}}},{"uri":"file:///d%3A/totvs%2012/microsiga/protheus/projetovscode/10_lib/relinweb.prw","range":{"start":{"line":458,"character":18},"end":{"line":458,"character":24}}}]]}},{"range":{"start":{"line":134,"character":0},"end":{"line":203,"character":0}},"command":{"title":"1 reference","command":"advpl.showXrefs","arguments":["function","file:///d%3A/totvs%2012/microsiga/protheus/projetovscode/10_lib/relinweb.prw",{"line":134,"character":0},[{"uri":"file:///d%3A/totvs%2012/microsiga/protheus/projetovscode/10_lib/relinweb.prw","range":{"start":{"line":125,"character":73},"end":{"line":125,"character":82}}}]]}},{"range":{"start":{"line":204,"character":0},"end":{"line":239,"character":0}},"command":{"title":"1 reference","command":"advpl.showXrefs","arguments":["function","file:///d%3A/totvs%2012/microsiga/protheus/projetovscode/10_lib/relinweb.prw",{"line":204,"character":0},[{"uri":"file:///d%3A/totvs%2012/microsiga/protheus/projetovscode/10_lib/relinweb.prw","range":{"start":{"line":127,"character":54},"end":{"line":127,"character":60}}}]]}},{"range":{"start":{"line":240,"character":0},"end":{"line":494,"character":0}},"command":{"title":"11 references","command":"advpl.showXrefs","arguments":["function","file:///d%3A/totvs%2012/microsiga/protheus/projetovscode/10_lib/relinweb.prw",{"line":240,"character":0},[{"uri":"file:///d%3A/totvs%2012/microsiga/protheus/projetovscode/11_MNT/MNTA990A.PRW","range":{"start":{"line":20,"character":64},"end":{"line":20,"character":74}}},{"uri":"file:///d%3A/totvs%2012/microsiga/protheus/projetovscode/07_FINANCEIRO/F060ACT.PRW","range":{"start":{"line":143,"character":103},"end":{"line":143,"character":113}}},{"uri":"file:///d%3A/totvs%2012/microsiga/protheus/projetovscode/07_FINANCEIRO/AutPag.prw","range":{"start":{"line":167,"character":0},"end":{"line":167,"character":10}}},{"uri":"file:///d%3A/totvs%2012/microsiga/protheus/projetovscode/05_ESTOQUE/MPFEST.prw","range":{"start":{"line":47,"character":107},"end":{"line":47,"character":117}}},{"uri":"file:///d%3A/totvs%2012/microsiga/protheus/projetovscode/05_ESTOQUE/MPFEST.prw","range":{"start":{"line":218,"character":1},"end":{"line":218,"character":11}}},{"uri":"file:///d%3A/totvs%2012/microsiga/protheus/projetovscode/05_ESTOQUE/MPFEST.prw","range":{"start":{"line":220,"character":1},"end":{"line":220,"character":11}}},{"uri":"file:///d%3A/totvs%2012/microsiga/protheus/projetovscode/05_ESTOQUE/MMOVESTEND.PRW","range":{"start":{"line":121,"character":0},"end":{"line":121,"character":10}}},{"uri":"file:///d%3A/totvs%2012/microsiga/protheus/projetovscode/05_ESTOQUE/MESTNOTA.PRW","range":{"start":{"line":125,"character":2},"end":{"line":125,"character":12}}},{"uri":"file:///d%3A/totvs%2012/microsiga/protheus/projetovscode/05_ESTOQUE/MESTNOTA.PRW","range":{"start":{"line":127,"character":2},"end":{"line":127,"character":12}}},{"uri":"file:///d%3A/totvs%2012/microsiga/protheus/projetovscode/02_COMPRAS/IMPPC.PRW","range":{"start":{"line":309,"character":2},"end":{"line":309,"character":12}}},{"uri":"file:///d%3A/totvs%2012/microsiga/protheus/projetovscode/02_COMPRAS/IMPPC.PRW","range":{"start":{"line":311,"character":2},"end":{"line":311,"character":12}}}]]}},{"range":{"start":{"line":495,"character":0},"end":{"line":505,"character":0}},"command":{"title":"0 reference","command":"advpl.showXrefs","arguments":["function","file:///d%3A/totvs%2012/microsiga/protheus/projetovscode/10_lib/relinweb.prw",{"line":495,"character":0},[]]}},{"range":{"start":{"line":506,"character":0},"end":{"line":594,"character":0}},"command":{"title":"0 reference","command":"advpl.showXrefs","arguments":["function","file:///d%3A/totvs%2012/microsiga/protheus/projetovscode/10_lib/relinweb.prw",{"line":506,"character":0},[]]}},{"range":{"start":{"line":0,"character":0},"end":{"line":0,"character":0}}},{"range":{"start":{"line":13,"character":7},"end":{"line":13,"character":16}},"command":{"title":"0 reference","command":"advpl.showXrefs","arguments":["function","file:///d%3A/totvs%2012/microsiga/protheus/projetovscode/10_lib/relinweb.prw",{"line":13,"character":7},[]]}},{"range":{"start":{"line":14,"character":7},"end":{"line":14,"character":20}},"command":{"title":"0 reference","command":"advpl.showXrefs","arguments":["function","file:///d%3A/totvs%2012/microsiga/protheus/projetovscode/10_lib/relinweb.prw",{"line":14,"character":7},[]]}}]}

Content-Length: 4841

{"jsonrpc":"2.0","id":22,"result":[{"range":{"start":{"line":82,"character":0},"end":{"line":133,"character":0}},"command":{"title":"2 references","command":"advpl.showXrefs","arguments":["function","file:///d%3A/totvs%2012/microsiga/protheus/projetovscode/10_lib/relinweb.prw",{"line":82,"character":0},[{"uri":"file:///d%3A/totvs%2012/microsiga/protheus/projetovscode/10_lib/relinweb.prw","range":{"start":{"line":300,"character":2},"end":{"line":300,"character":8}}},{"uri":"file:///d%3A/totvs%2012/microsiga/protheus/projetovscode/10_lib/relinweb.prw","range":{"start":{"line":458,"character":18},"end":{"line":458,"character":24}}}]]}},{"range":{"start":{"line":134,"character":0},"end":{"line":203,"character":0}},"command":{"title":"1 reference","command":"advpl.showXrefs","arguments":["function","file:///d%3A/totvs%2012/microsiga/protheus/projetovscode/10_lib/relinweb.prw",{"line":134,"character":0},[{"uri":"file:///d%3A/totvs%2012/microsiga/protheus/projetovscode/10_lib/relinweb.prw","range":{"start":{"line":125,"character":73},"end":{"line":125,"character":82}}}]]}},{"range":{"start":{"line":204,"character":0},"end":{"line":239,"character":0}},"command":{"title":"1 reference","command":"advpl.showXrefs","arguments":["function","file:///d%3A/totvs%2012/microsiga/protheus/projetovscode/10_lib/relinweb.prw",{"line":204,"character":0},[{"uri":"file:///d%3A/totvs%2012/microsiga/protheus/projetovscode/10_lib/relinweb.prw","range":{"start":{"line":127,"character":54},"end":{"line":127,"character":60}}}]]}},{"range":{"start":{"line":240,"character":0},"end":{"line":494,"character":0}},"command":{"title":"11 references","command":"advpl.showXrefs","arguments":["function","file:///d%3A/totvs%2012/microsiga/protheus/projetovscode/10_lib/relinweb.prw",{"line":240,"character":0},[{"uri":"file:///d%3A/totvs%2012/microsiga/protheus/projetovscode/11_MNT/MNTA990A.PRW","range":{"start":{"line":20,"character":64},"end":{"line":20,"character":74}}},{"uri":"file:///d%3A/totvs%2012/microsiga/protheus/projetovscode/07_FINANCEIRO/F060ACT.PRW","range":{"start":{"line":143,"character":103},"end":{"line":143,"character":113}}},{"uri":"file:///d%3A/totvs%2012/microsiga/protheus/projetovscode/07_FINANCEIRO/AutPag.prw","range":{"start":{"line":167,"character":0},"end":{"line":167,"character":10}}},{"uri":"file:///d%3A/totvs%2012/microsiga/protheus/projetovscode/05_ESTOQUE/MPFEST.prw","range":{"start":{"line":47,"character":107},"end":{"line":47,"character":117}}},{"uri":"file:///d%3A/totvs%2012/microsiga/protheus/projetovscode/05_ESTOQUE/MPFEST.prw","range":{"start":{"line":218,"character":1},"end":{"line":218,"character":11}}},{"uri":"file:///d%3A/totvs%2012/microsiga/protheus/projetovscode/05_ESTOQUE/MPFEST.prw","range":{"start":{"line":220,"character":1},"end":{"line":220,"character":11}}},{"uri":"file:///d%3A/totvs%2012/microsiga/protheus/projetovscode/05_ESTOQUE/MMOVESTEND.PRW","range":{"start":{"line":121,"character":0},"end":{"line":121,"character":10}}},{"uri":"file:///d%3A/totvs%2012/microsiga/protheus/projetovscode/05_ESTOQUE/MESTNOTA.PRW","range":{"start":{"line":125,"character":2},"end":{"line":125,"character":12}}},{"uri":"file:///d%3A/totvs%2012/microsiga/protheus/projetovscode/05_ESTOQUE/MESTNOTA.PRW","range":{"start":{"line":127,"character":2},"end":{"line":127,"character":12}}},{"uri":"file:///d%3A/totvs%2012/microsiga/protheus/projetovscode/02_COMPRAS/IMPPC.PRW","range":{"start":{"line":309,"character":2},"end":{"line":309,"character":12}}},{"uri":"file:///d%3A/totvs%2012/microsiga/protheus/projetovscode/02_COMPRAS/IMPPC.PRW","range":{"start":{"line":311,"character":2},"end":{"line":311,"character":12}}}]]}},{"range":{"start":{"line":495,"character":0},"end":{"line":505,"character":0}},"command":{"title":"0 reference","command":"advpl.showXrefs","arguments":["function","file:///d%3A/totvs%2012/microsiga/protheus/projetovscode/10_lib/relinweb.prw",{"line":495,"character":0},[]]}},{"range":{"start":{"line":506,"character":0},"end":{"line":594,"character":0}},"command":{"title":"0 reference","command":"advpl.showXrefs","arguments":["function","file:///d%3A/totvs%2012/microsiga/protheus/projetovscode/10_lib/relinweb.prw",{"line":506,"character":0},[]]}},{"range":{"start":{"line":0,"character":0},"end":{"line":0,"character":0}}},{"range":{"start":{"line":13,"character":7},"end":{"line":13,"character":16}},"command":{"title":"0 reference","command":"advpl.showXrefs","arguments":["function","file:///d%3A/totvs%2012/microsiga/protheus/projetovscode/10_lib/relinweb.prw",{"line":13,"character":7},[]]}},{"range":{"start":{"line":14,"character":7},"end":{"line":14,"character":20}},"command":{"title":"0 reference","command":"advpl.showXrefs","arguments":["function","file:///d%3A/totvs%2012/microsiga/protheus/projetovscode/10_lib/relinweb.prw",{"line":14,"character":7},[]]}}]}

Content-Length: 4841

{"jsonrpc":"2.0","id":23,"result":[{"range":{"start":{"line":82,"character":0},"end":{"line":133,"character":0}},"command":{"title":"2 references","command":"advpl.showXrefs","arguments":["function","file:///d%3A/totvs%2012/microsiga/protheus/projetovscode/10_lib/relinweb.prw",{"line":82,"character":0},[{"uri":"file:///d%3A/totvs%2012/microsiga/protheus/projetovscode/10_lib/relinweb.prw","range":{"start":{"line":300,"character":2},"end":{"line":300,"character":8}}},{"uri":"file:///d%3A/totvs%2012/microsiga/protheus/projetovscode/10_lib/relinweb.prw","range":{"start":{"line":458,"character":18},"end":{"line":458,"character":24}}}]]}},{"range":{"start":{"line":134,"character":0},"end":{"line":203,"character":0}},"command":{"title":"1 reference","command":"advpl.showXrefs","arguments":["function","file:///d%3A/totvs%2012/microsiga/protheus/projetovscode/10_lib/relinweb.prw",{"line":134,"character":0},[{"uri":"file:///d%3A/totvs%2012/microsiga/protheus/projetovscode/10_lib/relinweb.prw","range":{"start":{"line":125,"character":73},"end":{"line":125,"character":82}}}]]}},{"range":{"start":{"line":204,"character":0},"end":{"line":239,"character":0}},"command":{"title":"1 reference","command":"advpl.showXrefs","arguments":["function","file:///d%3A/totvs%2012/microsiga/protheus/projetovscode/10_lib/relinweb.prw",{"line":204,"character":0},[{"uri":"file:///d%3A/totvs%2012/microsiga/protheus/projetovscode/10_lib/relinweb.prw","range":{"start":{"line":127,"character":54},"end":{"line":127,"character":60}}}]]}},{"range":{"start":{"line":240,"character":0},"end":{"line":494,"character":0}},"command":{"title":"11 references","command":"advpl.showXrefs","arguments":["function","file:///d%3A/totvs%2012/microsiga/protheus/projetovscode/10_lib/relinweb.prw",{"line":240,"character":0},[{"uri":"file:///d%3A/totvs%2012/microsiga/protheus/projetovscode/11_MNT/MNTA990A.PRW","range":{"start":{"line":20,"character":64},"end":{"line":20,"character":74}}},{"uri":"file:///d%3A/totvs%2012/microsiga/protheus/projetovscode/07_FINANCEIRO/F060ACT.PRW","range":{"start":{"line":143,"character":103},"end":{"line":143,"character":113}}},{"uri":"file:///d%3A/totvs%2012/microsiga/protheus/projetovscode/07_FINANCEIRO/AutPag.prw","range":{"start":{"line":167,"character":0},"end":{"line":167,"character":10}}},{"uri":"file:///d%3A/totvs%2012/microsiga/protheus/projetovscode/05_ESTOQUE/MPFEST.prw","range":{"start":{"line":47,"character":107},"end":{"line":47,"character":117}}},{"uri":"file:///d%3A/totvs%2012/microsiga/protheus/projetovscode/05_ESTOQUE/MPFEST.prw","range":{"start":{"line":218,"character":1},"end":{"line":218,"character":11}}},{"uri":"file:///d%3A/totvs%2012/microsiga/protheus/projetovscode/05_ESTOQUE/MPFEST.prw","range":{"start":{"line":220,"character":1},"end":{"line":220,"character":11}}},{"uri":"file:///d%3A/totvs%2012/microsiga/protheus/projetovscode/05_ESTOQUE/MMOVESTEND.PRW","range":{"start":{"line":121,"character":0},"end":{"line":121,"character":10}}},{"uri":"file:///d%3A/totvs%2012/microsiga/protheus/projetovscode/05_ESTOQUE/MESTNOTA.PRW","range":{"start":{"line":125,"character":2},"end":{"line":125,"character":12}}},{"uri":"file:///d%3A/totvs%2012/microsiga/protheus/projetovscode/05_ESTOQUE/MESTNOTA.PRW","range":{"start":{"line":127,"character":2},"end":{"line":127,"character":12}}},{"uri":"file:///d%3A/totvs%2012/microsiga/protheus/projetovscode/02_COMPRAS/IMPPC.PRW","range":{"start":{"line":309,"character":2},"end":{"line":309,"character":12}}},{"uri":"file:///d%3A/totvs%2012/microsiga/protheus/projetovscode/02_COMPRAS/IMPPC.PRW","range":{"start":{"line":311,"character":2},"end":{"line":311,"character":12}}}]]}},{"range":{"start":{"line":495,"character":0},"end":{"line":505,"character":0}},"command":{"title":"0 reference","command":"advpl.showXrefs","arguments":["function","file:///d%3A/totvs%2012/microsiga/protheus/projetovscode/10_lib/relinweb.prw",{"line":495,"character":0},[]]}},{"range":{"start":{"line":506,"character":0},"end":{"line":594,"character":0}},"command":{"title":"0 reference","command":"advpl.showXrefs","arguments":["function","file:///d%3A/totvs%2012/microsiga/protheus/projetovscode/10_lib/relinweb.prw",{"line":506,"character":0},[]]}},{"range":{"start":{"line":0,"character":0},"end":{"line":0,"character":0}}},{"range":{"start":{"line":13,"character":7},"end":{"line":13,"character":16}},"command":{"title":"0 reference","command":"advpl.showXrefs","arguments":["function","file:///d%3A/totvs%2012/microsiga/protheus/projetovscode/10_lib/relinweb.prw",{"line":13,"character":7},[]]}},{"range":{"start":{"line":14,"character":7},"end":{"line":14,"character":20}},"command":{"title":"0 reference","command":"advpl.showXrefs","arguments":["function","file:///d%3A/totvs%2012/microsiga/protheus/projetovscode/10_lib/relinweb.prw",{"line":14,"character":7},[]]}}]}

Content-Length: 4841

{"jsonrpc":"2.0","id":24,"result":[{"range":{"start":{"line":82,"character":0},"end":{"line":133,"character":0}},"command":{"title":"2 references","command":"advpl.showXrefs","arguments":["function","file:///d%3A/totvs%2012/microsiga/protheus/projetovscode/10_lib/relinweb.prw",{"line":82,"character":0},[{"uri":"file:///d%3A/totvs%2012/microsiga/protheus/projetovscode/10_lib/relinweb.prw","range":{"start":{"line":300,"character":2},"end":{"line":300,"character":8}}},{"uri":"file:///d%3A/totvs%2012/microsiga/protheus/projetovscode/10_lib/relinweb.prw","range":{"start":{"line":458,"character":18},"end":{"line":458,"character":24}}}]]}},{"range":{"start":{"line":134,"character":0},"end":{"line":203,"character":0}},"command":{"title":"1 reference","command":"advpl.showXrefs","arguments":["function","file:///d%3A/totvs%2012/microsiga/protheus/projetovscode/10_lib/relinweb.prw",{"line":134,"character":0},[{"uri":"file:///d%3A/totvs%2012/microsiga/protheus/projetovscode/10_lib/relinweb.prw","range":{"start":{"line":125,"character":73},"end":{"line":125,"character":82}}}]]}},{"range":{"start":{"line":204,"character":0},"end":{"line":239,"character":0}},"command":{"title":"1 reference","command":"advpl.showXrefs","arguments":["function","file:///d%3A/totvs%2012/microsiga/protheus/projetovscode/10_lib/relinweb.prw",{"line":204,"character":0},[{"uri":"file:///d%3A/totvs%2012/microsiga/protheus/projetovscode/10_lib/relinweb.prw","range":{"start":{"line":127,"character":54},"end":{"line":127,"character":60}}}]]}},{"range":{"start":{"line":240,"character":0},"end":{"line":494,"character":0}},"command":{"title":"11 references","command":"advpl.showXrefs","arguments":["function","file:///d%3A/totvs%2012/microsiga/protheus/projetovscode/10_lib/relinweb.prw",{"line":240,"character":0},[{"uri":"file:///d%3A/totvs%2012/microsiga/protheus/projetovscode/11_MNT/MNTA990A.PRW","range":{"start":{"line":20,"character":64},"end":{"line":20,"character":74}}},{"uri":"file:///d%3A/totvs%2012/microsiga/protheus/projetovscode/07_FINANCEIRO/F060ACT.PRW","range":{"start":{"line":143,"character":103},"end":{"line":143,"character":113}}},{"uri":"file:///d%3A/totvs%2012/microsiga/protheus/projetovscode/07_FINANCEIRO/AutPag.prw","range":{"start":{"line":167,"character":0},"end":{"line":167,"character":10}}},{"uri":"file:///d%3A/totvs%2012/microsiga/protheus/projetovscode/05_ESTOQUE/MPFEST.prw","range":{"start":{"line":47,"character":107},"end":{"line":47,"character":117}}},{"uri":"file:///d%3A/totvs%2012/microsiga/protheus/projetovscode/05_ESTOQUE/MPFEST.prw","range":{"start":{"line":218,"character":1},"end":{"line":218,"character":11}}},{"uri":"file:///d%3A/totvs%2012/microsiga/protheus/projetovscode/05_ESTOQUE/MPFEST.prw","range":{"start":{"line":220,"character":1},"end":{"line":220,"character":11}}},{"uri":"file:///d%3A/totvs%2012/microsiga/protheus/projetovscode/05_ESTOQUE/MMOVESTEND.PRW","range":{"start":{"line":121,"character":0},"end":{"line":121,"character":10}}},{"uri":"file:///d%3A/totvs%2012/microsiga/protheus/projetovscode/05_ESTOQUE/MESTNOTA.PRW","range":{"start":{"line":125,"character":2},"end":{"line":125,"character":12}}},{"uri":"file:///d%3A/totvs%2012/microsiga/protheus/projetovscode/05_ESTOQUE/MESTNOTA.PRW","range":{"start":{"line":127,"character":2},"end":{"line":127,"character":12}}},{"uri":"file:///d%3A/totvs%2012/microsiga/protheus/projetovscode/02_COMPRAS/IMPPC.PRW","range":{"start":{"line":309,"character":2},"end":{"line":309,"character":12}}},{"uri":"file:///d%3A/totvs%2012/microsiga/protheus/projetovscode/02_COMPRAS/IMPPC.PRW","range":{"start":{"line":311,"character":2},"end":{"line":311,"character":12}}}]]}},{"range":{"start":{"line":495,"character":0},"end":{"line":505,"character":0}},"command":{"title":"0 reference","command":"advpl.showXrefs","arguments":["function","file:///d%3A/totvs%2012/microsiga/protheus/projetovscode/10_lib/relinweb.prw",{"line":495,"character":0},[]]}},{"range":{"start":{"line":506,"character":0},"end":{"line":594,"character":0}},"command":{"title":"0 reference","command":"advpl.showXrefs","arguments":["function","file:///d%3A/totvs%2012/microsiga/protheus/projetovscode/10_lib/relinweb.prw",{"line":506,"character":0},[]]}},{"range":{"start":{"line":0,"character":0},"end":{"line":0,"character":0}}},{"range":{"start":{"line":13,"character":7},"end":{"line":13,"character":16}},"command":{"title":"0 reference","command":"advpl.showXrefs","arguments":["function","file:///d%3A/totvs%2012/microsiga/protheus/projetovscode/10_lib/relinweb.prw",{"line":13,"character":7},[]]}},{"range":{"start":{"line":14,"character":7},"end":{"line":14,"character":20}},"command":{"title":"0 reference","command":"advpl.showXrefs","arguments":["function","file:///d%3A/totvs%2012/microsiga/protheus/projetovscode/10_lib/relinweb.prw",{"line":14,"character":7},[]]}}]}

Content-Length: 4841

{"jsonrpc":"2.0","id":25,"result":[{"range":{"start":{"line":82,"character":0},"end":{"line":133,"character":0}},"command":{"title":"2 references","command":"advpl.showXrefs","arguments":["function","file:///d%3A/totvs%2012/microsiga/protheus/projetovscode/10_lib/relinweb.prw",{"line":82,"character":0},[{"uri":"file:///d%3A/totvs%2012/microsiga/protheus/projetovscode/10_lib/relinweb.prw","range":{"start":{"line":300,"character":2},"end":{"line":300,"character":8}}},{"uri":"file:///d%3A/totvs%2012/microsiga/protheus/projetovscode/10_lib/relinweb.prw","range":{"start":{"line":458,"character":18},"end":{"line":458,"character":24}}}]]}},{"range":{"start":{"line":134,"character":0},"end":{"line":203,"character":0}},"command":{"title":"1 reference","command":"advpl.showXrefs","arguments":["function","file:///d%3A/totvs%2012/microsiga/protheus/projetovscode/10_lib/relinweb.prw",{"line":134,"character":0},[{"uri":"file:///d%3A/totvs%2012/microsiga/protheus/projetovscode/10_lib/relinweb.prw","range":{"start":{"line":125,"character":73},"end":{"line":125,"character":82}}}]]}},{"range":{"start":{"line":204,"character":0},"end":{"line":239,"character":0}},"command":{"title":"1 reference","command":"advpl.showXrefs","arguments":["function","file:///d%3A/totvs%2012/microsiga/protheus/projetovscode/10_lib/relinweb.prw",{"line":204,"character":0},[{"uri":"file:///d%3A/totvs%2012/microsiga/protheus/projetovscode/10_lib/relinweb.prw","range":{"start":{"line":127,"character":54},"end":{"line":127,"character":60}}}]]}},{"range":{"start":{"line":240,"character":0},"end":{"line":494,"character":0}},"command":{"title":"11 references","command":"advpl.showXrefs","arguments":["function","file:///d%3A/totvs%2012/microsiga/protheus/projetovscode/10_lib/relinweb.prw",{"line":240,"character":0},[{"uri":"file:///d%3A/totvs%2012/microsiga/protheus/projetovscode/11_MNT/MNTA990A.PRW","range":{"start":{"line":20,"character":64},"end":{"line":20,"character":74}}},{"uri":"file:///d%3A/totvs%2012/microsiga/protheus/projetovscode/07_FINANCEIRO/F060ACT.PRW","range":{"start":{"line":143,"character":103},"end":{"line":143,"character":113}}},{"uri":"file:///d%3A/totvs%2012/microsiga/protheus/projetovscode/07_FINANCEIRO/AutPag.prw","range":{"start":{"line":167,"character":0},"end":{"line":167,"character":10}}},{"uri":"file:///d%3A/totvs%2012/microsiga/protheus/projetovscode/05_ESTOQUE/MPFEST.prw","range":{"start":{"line":47,"character":107},"end":{"line":47,"character":117}}},{"uri":"file:///d%3A/totvs%2012/microsiga/protheus/projetovscode/05_ESTOQUE/MPFEST.prw","range":{"start":{"line":218,"character":1},"end":{"line":218,"character":11}}},{"uri":"file:///d%3A/totvs%2012/microsiga/protheus/projetovscode/05_ESTOQUE/MPFEST.prw","range":{"start":{"line":220,"character":1},"end":{"line":220,"character":11}}},{"uri":"file:///d%3A/totvs%2012/microsiga/protheus/projetovscode/05_ESTOQUE/MMOVESTEND.PRW","range":{"start":{"line":121,"character":0},"end":{"line":121,"character":10}}},{"uri":"file:///d%3A/totvs%2012/microsiga/protheus/projetovscode/05_ESTOQUE/MESTNOTA.PRW","range":{"start":{"line":125,"character":2},"end":{"line":125,"character":12}}},{"uri":"file:///d%3A/totvs%2012/microsiga/protheus/projetovscode/05_ESTOQUE/MESTNOTA.PRW","range":{"start":{"line":127,"character":2},"end":{"line":127,"character":12}}},{"uri":"file:///d%3A/totvs%2012/microsiga/protheus/projetovscode/02_COMPRAS/IMPPC.PRW","range":{"start":{"line":309,"character":2},"end":{"line":309,"character":12}}},{"uri":"file:///d%3A/totvs%2012/microsiga/protheus/projetovscode/02_COMPRAS/IMPPC.PRW","range":{"start":{"line":311,"character":2},"end":{"line":311,"character":12}}}]]}},{"range":{"start":{"line":495,"character":0},"end":{"line":505,"character":0}},"command":{"title":"0 reference","command":"advpl.showXrefs","arguments":["function","file:///d%3A/totvs%2012/microsiga/protheus/projetovscode/10_lib/relinweb.prw",{"line":495,"character":0},[]]}},{"range":{"start":{"line":506,"character":0},"end":{"line":594,"character":0}},"command":{"title":"0 reference","command":"advpl.showXrefs","arguments":["function","file:///d%3A/totvs%2012/microsiga/protheus/projetovscode/10_lib/relinweb.prw",{"line":506,"character":0},[]]}},{"range":{"start":{"line":0,"character":0},"end":{"line":0,"character":0}}},{"range":{"start":{"line":13,"character":7},"end":{"line":13,"character":16}},"command":{"title":"0 reference","command":"advpl.showXrefs","arguments":["function","file:///d%3A/totvs%2012/microsiga/protheus/projetovscode/10_lib/relinweb.prw",{"line":13,"character":7},[]]}},{"range":{"start":{"line":14,"character":7},"end":{"line":14,"character":20}},"command":{"title":"0 reference","command":"advpl.showXrefs","arguments":["function","file:///d%3A/totvs%2012/microsiga/protheus/projetovscode/10_lib/relinweb.prw",{"line":14,"character":7},[]]}}]}

Content-Length: 4841

{"jsonrpc":"2.0","id":26,"result":[{"range":{"start":{"line":82,"character":0},"end":{"line":133,"character":0}},"command":{"title":"2 references","command":"advpl.showXrefs","arguments":["function","file:///d%3A/totvs%2012/microsiga/protheus/projetovscode/10_lib/relinweb.prw",{"line":82,"character":0},[{"uri":"file:///d%3A/totvs%2012/microsiga/protheus/projetovscode/10_lib/relinweb.prw","range":{"start":{"line":300,"character":2},"end":{"line":300,"character":8}}},{"uri":"file:///d%3A/totvs%2012/microsiga/protheus/projetovscode/10_lib/relinweb.prw","range":{"start":{"line":458,"character":18},"end":{"line":458,"character":24}}}]]}},{"range":{"start":{"line":134,"character":0},"end":{"line":203,"character":0}},"command":{"title":"1 reference","command":"advpl.showXrefs","arguments":["function","file:///d%3A/totvs%2012/microsiga/protheus/projetovscode/10_lib/relinweb.prw",{"line":134,"character":0},[{"uri":"file:///d%3A/totvs%2012/microsiga/protheus/projetovscode/10_lib/relinweb.prw","range":{"start":{"line":125,"character":73},"end":{"line":125,"character":82}}}]]}},{"range":{"start":{"line":204,"character":0},"end":{"line":239,"character":0}},"command":{"title":"1 reference","command":"advpl.showXrefs","arguments":["function","file:///d%3A/totvs%2012/microsiga/protheus/projetovscode/10_lib/relinweb.prw",{"line":204,"character":0},[{"uri":"file:///d%3A/totvs%2012/microsiga/protheus/projetovscode/10_lib/relinweb.prw","range":{"start":{"line":127,"character":54},"end":{"line":127,"character":60}}}]]}},{"range":{"start":{"line":240,"character":0},"end":{"line":494,"character":0}},"command":{"title":"11 references","command":"advpl.showXrefs","arguments":["function","file:///d%3A/totvs%2012/microsiga/protheus/projetovscode/10_lib/relinweb.prw",{"line":240,"character":0},[{"uri":"file:///d%3A/totvs%2012/microsiga/protheus/projetovscode/11_MNT/MNTA990A.PRW","range":{"start":{"line":20,"character":64},"end":{"line":20,"character":74}}},{"uri":"file:///d%3A/totvs%2012/microsiga/protheus/projetovscode/07_FINANCEIRO/F060ACT.PRW","range":{"start":{"line":143,"character":103},"end":{"line":143,"character":113}}},{"uri":"file:///d%3A/totvs%2012/microsiga/protheus/projetovscode/07_FINANCEIRO/AutPag.prw","range":{"start":{"line":167,"character":0},"end":{"line":167,"character":10}}},{"uri":"file:///d%3A/totvs%2012/microsiga/protheus/projetovscode/05_ESTOQUE/MPFEST.prw","range":{"start":{"line":47,"character":107},"end":{"line":47,"character":117}}},{"uri":"file:///d%3A/totvs%2012/microsiga/protheus/projetovscode/05_ESTOQUE/MPFEST.prw","range":{"start":{"line":218,"character":1},"end":{"line":218,"character":11}}},{"uri":"file:///d%3A/totvs%2012/microsiga/protheus/projetovscode/05_ESTOQUE/MPFEST.prw","range":{"start":{"line":220,"character":1},"end":{"line":220,"character":11}}},{"uri":"file:///d%3A/totvs%2012/microsiga/protheus/projetovscode/05_ESTOQUE/MMOVESTEND.PRW","range":{"start":{"line":121,"character":0},"end":{"line":121,"character":10}}},{"uri":"file:///d%3A/totvs%2012/microsiga/protheus/projetovscode/05_ESTOQUE/MESTNOTA.PRW","range":{"start":{"line":125,"character":2},"end":{"line":125,"character":12}}},{"uri":"file:///d%3A/totvs%2012/microsiga/protheus/projetovscode/05_ESTOQUE/MESTNOTA.PRW","range":{"start":{"line":127,"character":2},"end":{"line":127,"character":12}}},{"uri":"file:///d%3A/totvs%2012/microsiga/protheus/projetovscode/02_COMPRAS/IMPPC.PRW","range":{"start":{"line":309,"character":2},"end":{"line":309,"character":12}}},{"uri":"file:///d%3A/totvs%2012/microsiga/protheus/projetovscode/02_COMPRAS/IMPPC.PRW","range":{"start":{"line":311,"character":2},"end":{"line":311,"character":12}}}]]}},{"range":{"start":{"line":495,"character":0},"end":{"line":505,"character":0}},"command":{"title":"0 reference","command":"advpl.showXrefs","arguments":["function","file:///d%3A/totvs%2012/microsiga/protheus/projetovscode/10_lib/relinweb.prw",{"line":495,"character":0},[]]}},{"range":{"start":{"line":506,"character":0},"end":{"line":594,"character":0}},"command":{"title":"0 reference","command":"advpl.showXrefs","arguments":["function","file:///d%3A/totvs%2012/microsiga/protheus/projetovscode/10_lib/relinweb.prw",{"line":506,"character":0},[]]}},{"range":{"start":{"line":0,"character":0},"end":{"line":0,"character":0}}},{"range":{"start":{"line":13,"character":7},"end":{"line":13,"character":16}},"command":{"title":"0 reference","command":"advpl.showXrefs","arguments":["function","file:///d%3A/totvs%2012/microsiga/protheus/projetovscode/10_lib/relinweb.prw",{"line":13,"character":7},[]]}},{"range":{"start":{"line":14,"character":7},"end":{"line":14,"character":20}},"command":{"title":"0 reference","command":"advpl.showXrefs","arguments":["function","file:///d%3A/totvs%2012/microsiga/protheus/projetovscode/10_lib/relinweb.prw",{"line":14,"character":7},[]]}}]}

Content-Length: 4841

{"jsonrpc":"2.0","id":27,"result":[{"range":{"start":{"line":82,"character":0},"end":{"line":133,"character":0}},"command":{"title":"2 references","command":"advpl.showXrefs","arguments":["function","file:///d%3A/totvs%2012/microsiga/protheus/projetovscode/10_lib/relinweb.prw",{"line":82,"character":0},[{"uri":"file:///d%3A/totvs%2012/microsiga/protheus/projetovscode/10_lib/relinweb.prw","range":{"start":{"line":300,"character":2},"end":{"line":300,"character":8}}},{"uri":"file:///d%3A/totvs%2012/microsiga/protheus/projetovscode/10_lib/relinweb.prw","range":{"start":{"line":458,"character":18},"end":{"line":458,"character":24}}}]]}},{"range":{"start":{"line":134,"character":0},"end":{"line":203,"character":0}},"command":{"title":"1 reference","command":"advpl.showXrefs","arguments":["function","file:///d%3A/totvs%2012/microsiga/protheus/projetovscode/10_lib/relinweb.prw",{"line":134,"character":0},[{"uri":"file:///d%3A/totvs%2012/microsiga/protheus/projetovscode/10_lib/relinweb.prw","range":{"start":{"line":125,"character":73},"end":{"line":125,"character":82}}}]]}},{"range":{"start":{"line":204,"character":0},"end":{"line":239,"character":0}},"command":{"title":"1 reference","command":"advpl.showXrefs","arguments":["function","file:///d%3A/totvs%2012/microsiga/protheus/projetovscode/10_lib/relinweb.prw",{"line":204,"character":0},[{"uri":"file:///d%3A/totvs%2012/microsiga/protheus/projetovscode/10_lib/relinweb.prw","range":{"start":{"line":127,"character":54},"end":{"line":127,"character":60}}}]]}},{"range":{"start":{"line":240,"character":0},"end":{"line":494,"character":0}},"command":{"title":"11 references","command":"advpl.showXrefs","arguments":["function","file:///d%3A/totvs%2012/microsiga/protheus/projetovscode/10_lib/relinweb.prw",{"line":240,"character":0},[{"uri":"file:///d%3A/totvs%2012/microsiga/protheus/projetovscode/11_MNT/MNTA990A.PRW","range":{"start":{"line":20,"character":64},"end":{"line":20,"character":74}}},{"uri":"file:///d%3A/totvs%2012/microsiga/protheus/projetovscode/07_FINANCEIRO/F060ACT.PRW","range":{"start":{"line":143,"character":103},"end":{"line":143,"character":113}}},{"uri":"file:///d%3A/totvs%2012/microsiga/protheus/projetovscode/07_FINANCEIRO/AutPag.prw","range":{"start":{"line":167,"character":0},"end":{"line":167,"character":10}}},{"uri":"file:///d%3A/totvs%2012/microsiga/protheus/projetovscode/05_ESTOQUE/MPFEST.prw","range":{"start":{"line":47,"character":107},"end":{"line":47,"character":117}}},{"uri":"file:///d%3A/totvs%2012/microsiga/protheus/projetovscode/05_ESTOQUE/MPFEST.prw","range":{"start":{"line":218,"character":1},"end":{"line":218,"character":11}}},{"uri":"file:///d%3A/totvs%2012/microsiga/protheus/projetovscode/05_ESTOQUE/MPFEST.prw","range":{"start":{"line":220,"character":1},"end":{"line":220,"character":11}}},{"uri":"file:///d%3A/totvs%2012/microsiga/protheus/projetovscode/05_ESTOQUE/MMOVESTEND.PRW","range":{"start":{"line":121,"character":0},"end":{"line":121,"character":10}}},{"uri":"file:///d%3A/totvs%2012/microsiga/protheus/projetovscode/05_ESTOQUE/MESTNOTA.PRW","range":{"start":{"line":125,"character":2},"end":{"line":125,"character":12}}},{"uri":"file:///d%3A/totvs%2012/microsiga/protheus/projetovscode/05_ESTOQUE/MESTNOTA.PRW","range":{"start":{"line":127,"character":2},"end":{"line":127,"character":12}}},{"uri":"file:///d%3A/totvs%2012/microsiga/protheus/projetovscode/02_COMPRAS/IMPPC.PRW","range":{"start":{"line":309,"character":2},"end":{"line":309,"character":12}}},{"uri":"file:///d%3A/totvs%2012/microsiga/protheus/projetovscode/02_COMPRAS/IMPPC.PRW","range":{"start":{"line":311,"character":2},"end":{"line":311,"character":12}}}]]}},{"range":{"start":{"line":495,"character":0},"end":{"line":505,"character":0}},"command":{"title":"0 reference","command":"advpl.showXrefs","arguments":["function","file:///d%3A/totvs%2012/microsiga/protheus/projetovscode/10_lib/relinweb.prw",{"line":495,"character":0},[]]}},{"range":{"start":{"line":506,"character":0},"end":{"line":594,"character":0}},"command":{"title":"0 reference","command":"advpl.showXrefs","arguments":["function","file:///d%3A/totvs%2012/microsiga/protheus/projetovscode/10_lib/relinweb.prw",{"line":506,"character":0},[]]}},{"range":{"start":{"line":0,"character":0},"end":{"line":0,"character":0}}},{"range":{"start":{"line":13,"character":7},"end":{"line":13,"character":16}},"command":{"title":"0 reference","command":"advpl.showXrefs","arguments":["function","file:///d%3A/totvs%2012/microsiga/protheus/projetovscode/10_lib/relinweb.prw",{"line":13,"character":7},[]]}},{"range":{"start":{"line":14,"character":7},"end":{"line":14,"character":20}},"command":{"title":"0 reference","command":"advpl.showXrefs","arguments":["function","file:///d%3A/totvs%2012/microsiga/protheus/projetovscode/10_lib/relinweb.prw",{"line":14,"character":7},[]]}}]}

Content-Length: 50

{"jsonrpc":"2.0","id":28,"result":{"contents":[]}}

Content-Length: 4841

{"jsonrpc":"2.0","id":29,"result":[{"range":{"start":{"line":82,"character":0},"end":{"line":133,"character":0}},"command":{"title":"2 references","command":"advpl.showXrefs","arguments":["function","file:///d%3A/totvs%2012/microsiga/protheus/projetovscode/10_lib/relinweb.prw",{"line":82,"character":0},[{"uri":"file:///d%3A/totvs%2012/microsiga/protheus/projetovscode/10_lib/relinweb.prw","range":{"start":{"line":300,"character":2},"end":{"line":300,"character":8}}},{"uri":"file:///d%3A/totvs%2012/microsiga/protheus/projetovscode/10_lib/relinweb.prw","range":{"start":{"line":458,"character":18},"end":{"line":458,"character":24}}}]]}},{"range":{"start":{"line":134,"character":0},"end":{"line":203,"character":0}},"command":{"title":"1 reference","command":"advpl.showXrefs","arguments":["function","file:///d%3A/totvs%2012/microsiga/protheus/projetovscode/10_lib/relinweb.prw",{"line":134,"character":0},[{"uri":"file:///d%3A/totvs%2012/microsiga/protheus/projetovscode/10_lib/relinweb.prw","range":{"start":{"line":125,"character":73},"end":{"line":125,"character":82}}}]]}},{"range":{"start":{"line":204,"character":0},"end":{"line":239,"character":0}},"command":{"title":"1 reference","command":"advpl.showXrefs","arguments":["function","file:///d%3A/totvs%2012/microsiga/protheus/projetovscode/10_lib/relinweb.prw",{"line":204,"character":0},[{"uri":"file:///d%3A/totvs%2012/microsiga/protheus/projetovscode/10_lib/relinweb.prw","range":{"start":{"line":127,"character":54},"end":{"line":127,"character":60}}}]]}},{"range":{"start":{"line":240,"character":0},"end":{"line":494,"character":0}},"command":{"title":"11 references","command":"advpl.showXrefs","arguments":["function","file:///d%3A/totvs%2012/microsiga/protheus/projetovscode/10_lib/relinweb.prw",{"line":240,"character":0},[{"uri":"file:///d%3A/totvs%2012/microsiga/protheus/projetovscode/11_MNT/MNTA990A.PRW","range":{"start":{"line":20,"character":64},"end":{"line":20,"character":74}}},{"uri":"file:///d%3A/totvs%2012/microsiga/protheus/projetovscode/07_FINANCEIRO/F060ACT.PRW","range":{"start":{"line":143,"character":103},"end":{"line":143,"character":113}}},{"uri":"file:///d%3A/totvs%2012/microsiga/protheus/projetovscode/07_FINANCEIRO/AutPag.prw","range":{"start":{"line":167,"character":0},"end":{"line":167,"character":10}}},{"uri":"file:///d%3A/totvs%2012/microsiga/protheus/projetovscode/05_ESTOQUE/MPFEST.prw","range":{"start":{"line":47,"character":107},"end":{"line":47,"character":117}}},{"uri":"file:///d%3A/totvs%2012/microsiga/protheus/projetovscode/05_ESTOQUE/MPFEST.prw","range":{"start":{"line":218,"character":1},"end":{"line":218,"character":11}}},{"uri":"file:///d%3A/totvs%2012/microsiga/protheus/projetovscode/05_ESTOQUE/MPFEST.prw","range":{"start":{"line":220,"character":1},"end":{"line":220,"character":11}}},{"uri":"file:///d%3A/totvs%2012/microsiga/protheus/projetovscode/05_ESTOQUE/MMOVESTEND.PRW","range":{"start":{"line":121,"character":0},"end":{"line":121,"character":10}}},{"uri":"file:///d%3A/totvs%2012/microsiga/protheus/projetovscode/05_ESTOQUE/MESTNOTA.PRW","range":{"start":{"line":125,"character":2},"end":{"line":125,"character":12}}},{"uri":"file:///d%3A/totvs%2012/microsiga/protheus/projetovscode/05_ESTOQUE/MESTNOTA.PRW","range":{"start":{"line":127,"character":2},"end":{"line":127,"character":12}}},{"uri":"file:///d%3A/totvs%2012/microsiga/protheus/projetovscode/02_COMPRAS/IMPPC.PRW","range":{"start":{"line":309,"character":2},"end":{"line":309,"character":12}}},{"uri":"file:///d%3A/totvs%2012/microsiga/protheus/projetovscode/02_COMPRAS/IMPPC.PRW","range":{"start":{"line":311,"character":2},"end":{"line":311,"character":12}}}]]}},{"range":{"start":{"line":495,"character":0},"end":{"line":505,"character":0}},"command":{"title":"0 reference","command":"advpl.showXrefs","arguments":["function","file:///d%3A/totvs%2012/microsiga/protheus/projetovscode/10_lib/relinweb.prw",{"line":495,"character":0},[]]}},{"range":{"start":{"line":506,"character":0},"end":{"line":594,"character":0}},"command":{"title":"0 reference","command":"advpl.showXrefs","arguments":["function","file:///d%3A/totvs%2012/microsiga/protheus/projetovscode/10_lib/relinweb.prw",{"line":506,"character":0},[]]}},{"range":{"start":{"line":0,"character":0},"end":{"line":0,"character":0}}},{"range":{"start":{"line":13,"character":7},"end":{"line":13,"character":16}},"command":{"title":"0 reference","command":"advpl.showXrefs","arguments":["function","file:///d%3A/totvs%2012/microsiga/protheus/projetovscode/10_lib/relinweb.prw",{"line":13,"character":7},[]]}},{"range":{"start":{"line":14,"character":7},"end":{"line":14,"character":20}},"command":{"title":"0 reference","command":"advpl.showXrefs","arguments":["function","file:///d%3A/totvs%2012/microsiga/protheus/projetovscode/10_lib/relinweb.prw",{"line":14,"character":7},[]]}}]}

Content-Length: 50

{"jsonrpc":"2.0","id":30,"result":{"contents":[]}}

Content-Length: 4841

{"jsonrpc":"2.0","id":31,"result":[{"range":{"start":{"line":82,"character":0},"end":{"line":133,"character":0}},"command":{"title":"2 references","command":"advpl.showXrefs","arguments":["function","file:///d%3A/totvs%2012/microsiga/protheus/projetovscode/10_lib/relinweb.prw",{"line":82,"character":0},[{"uri":"file:///d%3A/totvs%2012/microsiga/protheus/projetovscode/10_lib/relinweb.prw","range":{"start":{"line":300,"character":2},"end":{"line":300,"character":8}}},{"uri":"file:///d%3A/totvs%2012/microsiga/protheus/projetovscode/10_lib/relinweb.prw","range":{"start":{"line":458,"character":18},"end":{"line":458,"character":24}}}]]}},{"range":{"start":{"line":134,"character":0},"end":{"line":203,"character":0}},"command":{"title":"1 reference","command":"advpl.showXrefs","arguments":["function","file:///d%3A/totvs%2012/microsiga/protheus/projetovscode/10_lib/relinweb.prw",{"line":134,"character":0},[{"uri":"file:///d%3A/totvs%2012/microsiga/protheus/projetovscode/10_lib/relinweb.prw","range":{"start":{"line":125,"character":73},"end":{"line":125,"character":82}}}]]}},{"range":{"start":{"line":204,"character":0},"end":{"line":239,"character":0}},"command":{"title":"1 reference","command":"advpl.showXrefs","arguments":["function","file:///d%3A/totvs%2012/microsiga/protheus/projetovscode/10_lib/relinweb.prw",{"line":204,"character":0},[{"uri":"file:///d%3A/totvs%2012/microsiga/protheus/projetovscode/10_lib/relinweb.prw","range":{"start":{"line":127,"character":54},"end":{"line":127,"character":60}}}]]}},{"range":{"start":{"line":240,"character":0},"end":{"line":494,"character":0}},"command":{"title":"11 references","command":"advpl.showXrefs","arguments":["function","file:///d%3A/totvs%2012/microsiga/protheus/projetovscode/10_lib/relinweb.prw",{"line":240,"character":0},[{"uri":"file:///d%3A/totvs%2012/microsiga/protheus/projetovscode/11_MNT/MNTA990A.PRW","range":{"start":{"line":20,"character":64},"end":{"line":20,"character":74}}},{"uri":"file:///d%3A/totvs%2012/microsiga/protheus/projetovscode/07_FINANCEIRO/F060ACT.PRW","range":{"start":{"line":143,"character":103},"end":{"line":143,"character":113}}},{"uri":"file:///d%3A/totvs%2012/microsiga/protheus/projetovscode/07_FINANCEIRO/AutPag.prw","range":{"start":{"line":167,"character":0},"end":{"line":167,"character":10}}},{"uri":"file:///d%3A/totvs%2012/microsiga/protheus/projetovscode/05_ESTOQUE/MPFEST.prw","range":{"start":{"line":47,"character":107},"end":{"line":47,"character":117}}},{"uri":"file:///d%3A/totvs%2012/microsiga/protheus/projetovscode/05_ESTOQUE/MPFEST.prw","range":{"start":{"line":218,"character":1},"end":{"line":218,"character":11}}},{"uri":"file:///d%3A/totvs%2012/microsiga/protheus/projetovscode/05_ESTOQUE/MPFEST.prw","range":{"start":{"line":220,"character":1},"end":{"line":220,"character":11}}},{"uri":"file:///d%3A/totvs%2012/microsiga/protheus/projetovscode/05_ESTOQUE/MMOVESTEND.PRW","range":{"start":{"line":121,"character":0},"end":{"line":121,"character":10}}},{"uri":"file:///d%3A/totvs%2012/microsiga/protheus/projetovscode/05_ESTOQUE/MESTNOTA.PRW","range":{"start":{"line":125,"character":2},"end":{"line":125,"character":12}}},{"uri":"file:///d%3A/totvs%2012/microsiga/protheus/projetovscode/05_ESTOQUE/MESTNOTA.PRW","range":{"start":{"line":127,"character":2},"end":{"line":127,"character":12}}},{"uri":"file:///d%3A/totvs%2012/microsiga/protheus/projetovscode/02_COMPRAS/IMPPC.PRW","range":{"start":{"line":309,"character":2},"end":{"line":309,"character":12}}},{"uri":"file:///d%3A/totvs%2012/microsiga/protheus/projetovscode/02_COMPRAS/IMPPC.PRW","range":{"start":{"line":311,"character":2},"end":{"line":311,"character":12}}}]]}},{"range":{"start":{"line":495,"character":0},"end":{"line":505,"character":0}},"command":{"title":"0 reference","command":"advpl.showXrefs","arguments":["function","file:///d%3A/totvs%2012/microsiga/protheus/projetovscode/10_lib/relinweb.prw",{"line":495,"character":0},[]]}},{"range":{"start":{"line":506,"character":0},"end":{"line":594,"character":0}},"command":{"title":"0 reference","command":"advpl.showXrefs","arguments":["function","file:///d%3A/totvs%2012/microsiga/protheus/projetovscode/10_lib/relinweb.prw",{"line":506,"character":0},[]]}},{"range":{"start":{"line":0,"character":0},"end":{"line":0,"character":0}}},{"range":{"start":{"line":13,"character":7},"end":{"line":13,"character":16}},"command":{"title":"0 reference","command":"advpl.showXrefs","arguments":["function","file:///d%3A/totvs%2012/microsiga/protheus/projetovscode/10_lib/relinweb.prw",{"line":13,"character":7},[]]}},{"range":{"start":{"line":14,"character":7},"end":{"line":14,"character":20}},"command":{"title":"0 reference","command":"advpl.showXrefs","arguments":["function","file:///d%3A/totvs%2012/microsiga/protheus/projetovscode/10_lib/relinweb.prw",{"line":14,"character":7},[]]}}]}

Content-Length: 50

{"jsonrpc":"2.0","id":32,"result":{"contents":[]}}

Content-Length: 50

{"jsonrpc":"2.0","id":33,"result":{"contents":[]}}

Content-Length: 50

{"jsonrpc":"2.0","id":34,"result":{"contents":[]}}

Content-Length: 50

{"jsonrpc":"2.0","id":35,"result":{"contents":[]}}

Content-Length: 332

{"jsonrpc":"2.0","method":"textDocument/publishDiagnostics","params":{"uri":"file:///d%3A/totvs%2012/microsiga/protheus/projetovscode/07_FINANCEIRO/AutPagR.prw","diagnostics":[{"range":{"start":{"line":166,"character":0},"end":{"line":167,"character":0}},"code":0,"severity":1,"source":"Linter","message":"variable is not Local"}]}}

Content-Length: 301

{"jsonrpc":"2.0","id":37,"result":[{"name":"Compile error","detail":"The outline may be outdated. See 'Problems View'","kind":1,"range":{"start":{"line":0,"character":0},"end":{"line":0,"character":0}},"selectionRange":{"start":{"line":0,"character":0},"end":{"line":0,"character":0}},"children":[]}]}

Content-Length: 46

{"jsonrpc":"2.0","id":38,"result":{"data":[]}}

Content-Length: 37

{"jsonrpc":"2.0","id":39,"result":[]}

Content-Length: 37

{"jsonrpc":"2.0","id":40,"result":[]}

Content-Length: 50

{"jsonrpc":"2.0","id":41,"result":{"contents":[]}}

Content-Length: 50

{"jsonrpc":"2.0","id":42,"result":{"contents":[]}}

Content-Length: 50

{"jsonrpc":"2.0","id":43,"result":{"contents":[]}}

Content-Length: 50

{"jsonrpc":"2.0","id":44,"result":{"contents":[]}}

Content-Length: 1151

{"jsonrpc":"2.0","id":45,"result":[{"range":{"start":{"line":0,"character":10},"end":{"line":0,"character":21}},"target":"file:///d%3A\\totvs%2012\\microsiga\\protheus\\include\\PROTHEUS.CH","tooltip":"d:\\totvs 12\\microsiga\\protheus\\include\\PROTHEUS.CH"},{"range":{"start":{"line":1,"character":10},"end":{"line":1,"character":20}},"target":"file:///d%3A\\totvs%2012\\microsiga\\protheus\\include\\RESTFUL.CH","tooltip":"d:\\totvs 12\\microsiga\\protheus\\include\\RESTFUL.CH"},{"range":{"start":{"line":2,"character":10},"end":{"line":2,"character":19}},"target":"file:///d%3A\\totvs%2012\\microsiga\\protheus\\include\\rwmake.ch","tooltip":"d:\\totvs 12\\microsiga\\protheus\\include\\rwmake.ch"},{"range":{"start":{"line":3,"character":10},"end":{"line":3,"character":20}},"target":"file:///d%3A\\totvs%2012\\microsiga\\protheus\\include\\tbiconn.ch","tooltip":"d:\\totvs 12\\microsiga\\protheus\\include\\tbiconn.ch"},{"range":{"start":{"line":4,"character":10},"end":{"line":4,"character":20}},"target":"file:///d%3A\\totvs%2012\\microsiga\\protheus\\include\\TOPCONN.CH","tooltip":"d:\\totvs 12\\microsiga\\protheus\\include\\TOPCONN.CH"}]}

Content-Length: 1121

{"jsonrpc":"2.0","id":46,"result":{"data":[27,0,8,20,0,0,9,4,20,0,0,13,9,20,0,0,10,9,20,0,16,28,3,20,0,12,2,7,20,0,0,30,3,20,0,13,32,3,20,0,36,0,7,20,0,0,30,3,20,0,11,0,6,20,0,0,7,8,20,0,0,15,5,20,0,0,31,4,20,0,0,72,5,20,0,3,70,5,20,0,0,9,5,20,0,0,6,2,20,0,3,35,5,20,0,0,13,3,20,0,0,11,4,20,0,0,10,4,20,0,0,37,5,20,0,0,16,5,20,0,0,6,2,20,0,1,35,3,20,0,0,14,4,20,0,0,37,5,20,0,0,16,5,20,0,0,6,2,20,0,1,35,5,20,0,0,13,3,20,0,0,11,4,20,0,0,37,5,20,0,0,16,5,20,0,0,6,2,20,0,1,35,3,20,0,0,14,4,20,0,0,37,5,20,0,0,16,5,20,0,0,6,2,20,0,1,35,5,20,0,0,13,3,20,0,0,11,5,20,0,0,40,4,20,0,0,37,8,20,0,0,9,5,20,0,0,16,5,20,0,0,6,2,20,0,1,35,3,20,0,0,13,4,20,0,0,37,5,20,0,0,16,5,20,0,0,6,2,20,0,1,35,6,20,0,0,12,6,20,0,0,36,5,20,0,0,14,4,20,0,0,13,4,20,0,0,37,5,20,0,0,6,2,20,0,2,0,8,20,0,0,9,8,20,0,0,15,8,20,0,111,0,4,20,0,5,0,7,20,0,1,0,7,20,0,1,0,7,20,0,1,0,7,20,0,1,0,7,20,0,18,38,2,20,0,0,20,2,20,0,0,21,2,20,0,1,45,2,20,0,17,4,4,20,0,8,1,7,20,0,0,29,3,20,0,177,1,6,20,0,0,7,8,20,0,0,15,5,20,0,0,28,4,20,0,0,37,2,20,0,0,12,5,20,0,6,30,3,20,0,12,1,8,20,0,0,9,8,20,0,13,0,8,20,0,20,26,3,20,0,6,18,3,20,0,2,73,4,20,0,5,17,4,20,0]}}

Content-Length: 99

{"jsonrpc":"2.0","id":47,"result":{"contents":["**SW_SHOWNA** *8 // Esconde a barra de tarefas*"]}}

Content-Length: 37

{"jsonrpc":"2.0","id":48,"result":[]}

Content-Length: 46

{"jsonrpc":"2.0","id":49,"result":{"data":[]}}

Content-Length: 37

{"jsonrpc":"2.0","id":50,"result":[]}

Content-Length: 50

{"jsonrpc":"2.0","id":51,"result":{"contents":[]}}

Content-Length: 37

{"jsonrpc":"2.0","id":52,"result":[]}

Content-Length: 50

{"jsonrpc":"2.0","id":53,"result":{"contents":[]}}

Content-Length: 50

{"jsonrpc":"2.0","id":54,"result":{"contents":[]}}

Content-Length: 50

{"jsonrpc":"2.0","id":55,"result":{"contents":[]}}

Content-Length: 37

{"jsonrpc":"2.0","id":56,"result":[]}

Content-Length: 37

{"jsonrpc":"2.0","id":57,"result":[]}

Content-Length: 103

{"jsonrpc":"2.0","method":"window/logMessage","params":{"type":3,"message":"Starting patch validate."}}

Content-Length: 103

{"jsonrpc":"2.0","method":"window/logMessage","params":{"type":3,"message":"Secure authenticating..."}}

Content-Length: 111

{"jsonrpc":"2.0","method":"window/logMessage","params":{"type":3,"message":"User authenticated successfully."}}

Content-Length: 185

{"jsonrpc":"2.0","method":"window/logMessage","params":{"type":3,"message":"Patch file: d:/TOTVS 12/BKP_UPDATES/2024-11-27 - Mata103/21480179_dmanmat02-50154_12_1_2310_tttm120_hp.ptm"}}

Content-Length: 120

{"jsonrpc":"2.0","method":"window/logMessage","params":{"type":3,"message":"Starting build for environment COMPILA_Q."}}

Content-Length: 113

{"jsonrpc":"2.0","method":"window/logMessage","params":{"type":3,"message":"Starting build using RPO token ..."}}

Content-Length: 122

{"jsonrpc":"2.0","method":"window/logMessage","params":{"type":3,"message":"Patch validated without structure problems."}}

Content-Length: 117

{"jsonrpc":"2.0","method":"window/logMessage","params":{"type":3,"message":"Aborting end build (rollback changes)."}}

Content-Length: 132

{"jsonrpc":"2.0","method":"window/logMessage","params":{"type":3,"message":"Starting reconnection to the server 'DEV_COMPILA_rpc'"}}

Content-Length: 96

{"jsonrpc":"2.0","method":"window/logMessage","params":{"type":3,"message":"Authenticating..."}}

Content-Length: 111

{"jsonrpc":"2.0","method":"window/logMessage","params":{"type":3,"message":"User authenticated successfully."}}

Content-Length: 133

{"jsonrpc":"2.0","method":"window/logMessage","params":{"type":3,"message":"Reconnection to the server 'DEV_COMPILA_rpc' finished."}}

Content-Length: 133

{"jsonrpc":"2.0","method":"window/logMessage","params":{"type":3,"message":"Starting validating a package in Protheus application."}}

Content-Length: 138

{"jsonrpc":"2.0","method":"window/logMessage","params":{"type":3,"message":"Package validated in Protheus application without problems."}}

Content-Length: 133

{"jsonrpc":"2.0","method":"window/logMessage","params":{"type":3,"message":"Validating a package in Protheus application finished."}}

Content-Length: 139

{"jsonrpc":"2.0","method":"window/logMessage","params":{"type":3,"message":"Starting checking for newer patches in Protheus application."}}

Content-Length: 120

{"jsonrpc":"2.0","method":"window/logMessage","params":{"type":3,"message":"Newer patches not available at this time."}}

Content-Length: 139

{"jsonrpc":"2.0","method":"window/logMessage","params":{"type":3,"message":"Checking for newer patches in Protheus application finished."}}

Content-Length: 130

{"jsonrpc":"2.0","method":"window/logMessage","params":{"type":3,"message":"Server 'DEV_COMPILA_rpc' successfully disconnected."}}

Content-Length: 103

{"jsonrpc":"2.0","method":"window/logMessage","params":{"type":3,"message":"Patch validate finished."}}

Content-Length: 93

{"jsonrpc":"2.0","id":58,"result":{"error":0,"message":"","patchValidates":[],"errorCode":0}}

Content-Length: 100

{"jsonrpc":"2.0","method":"window/logMessage","params":{"type":3,"message":"Starting apply patch."}}

Content-Length: 120

{"jsonrpc":"2.0","method":"window/logMessage","params":{"type":3,"message":"Starting build for environment COMPILA_Q."}}

Content-Length: 113

{"jsonrpc":"2.0","method":"window/logMessage","params":{"type":3,"message":"Starting build using RPO token ..."}}

Content-Length: 194

{"jsonrpc":"2.0","method":"window/logMessage","params":{"type":3,"message":"Applying patch file: d:/TOTVS 12/BKP_UPDATES/2024-11-27 - Mata103/21480179_dmanmat02-50154_12_1_2310_tttm120_hp.ptm"}}

Content-Length: 158

{"jsonrpc":"2.0","method":"window/logMessage","params":{"type":3,"message":"Patch (21480179_dmanmat02-50154_12_1_2310_tttm120_hp.ptm) successfully applied."}}

Content-Length: 127

{"jsonrpc":"2.0","method":"window/logMessage","params":{"type":3,"message":"Committing end build. This could take a while..."}}

Content-Length: 100

{"jsonrpc":"2.0","method":"window/logMessage","params":{"type":3,"message":"Apply patch finished."}}

Content-Length: 93

{"jsonrpc":"2.0","id":59,"result":{"error":0,"message":"","patchValidates":[],"errorCode":0}}

Content-Length: 100

{"jsonrpc":"2.0","method":"window/logMessage","params":{"type":3,"message":"Starting apply patch."}}

Content-Length: 120

{"jsonrpc":"2.0","method":"window/logMessage","params":{"type":3,"message":"Starting build for environment COMPILA_Q."}}

Content-Length: 113

{"jsonrpc":"2.0","method":"window/logMessage","params":{"type":3,"message":"Starting build using RPO token ..."}}

Content-Length: 194

{"jsonrpc":"2.0","method":"window/logMessage","params":{"type":3,"message":"Applying patch file: d:/TOTVS 12/BKP_UPDATES/2024-11-27 - Mata103/21480179_dmanmat02-50154_12_1_2310_tttm120_hp.ptm"}}

Content-Length: 158

{"jsonrpc":"2.0","method":"window/logMessage","params":{"type":3,"message":"Patch (21480179_dmanmat02-50154_12_1_2310_tttm120_hp.ptm) successfully applied."}}

Content-Length: 127

{"jsonrpc":"2.0","method":"window/logMessage","params":{"type":3,"message":"Committing end build. This could take a while..."}}

Content-Length: 100

{"jsonrpc":"2.0","method":"window/logMessage","params":{"type":3,"message":"Apply patch finished."}}

Content-Length: 93

{"jsonrpc":"2.0","id":60,"result":{"error":0,"message":"","patchValidates":[],"errorCode":0}}

Content-Length: 99

{"jsonrpc":"2.0","method":"window/logMessage","params":{"type":3,"message":"Starting patch info."}}

Content-Length: 185

{"jsonrpc":"2.0","method":"window/logMessage","params":{"type":3,"message":"Patch file: d:/TOTVS 12/BKP_UPDATES/2024-11-27 - Mata103/21480179_dmanmat02-50154_12_1_2310_tttm120_hp.ptm"}}

Content-Length: 120

{"jsonrpc":"2.0","method":"window/logMessage","params":{"type":3,"message":"Starting build for environment COMPILA_Q."}}

Content-Length: 113

{"jsonrpc":"2.0","method":"window/logMessage","params":{"type":3,"message":"Starting build using RPO token ..."}}

Content-Length: 117

{"jsonrpc":"2.0","method":"window/logMessage","params":{"type":3,"message":"Aborting end build (rollback changes)."}}

Content-Length: 99

{"jsonrpc":"2.0","method":"window/logMessage","params":{"type":3,"message":"Patch info finished."}}

Content-Length: 8970

{"jsonrpc":"2.0","id":61,"result":{"returnCode":0,"patchInfos":[{"name":"COMXGEN.PRW","type":"ADVPL","buildType":"BUILD_FULL","date":"17/07/2024 17:55:54","size":"10163"},{"name":"COMXGEN_EN.TRES","type":"IMAGE","buildType":"BUILD_FULL","date":"01/09/2023 02:04:15","size":"404"},{"name":"COMXGEN_ES.TRES","type":"IMAGE","buildType":"BUILD_FULL","date":"01/09/2023 02:04:15","size":"441"},{"name":"COMXGEN_PT-BR.TRES","type":"IMAGE","buildType":"BUILD_FULL","date":"01/09/2023 02:04:15","size":"432"},{"name":"COMXGEN_PT-PT.TRES","type":"IMAGE","buildType":"BUILD_FULL","date":"01/09/2023 02:04:15","size":"1"},{"name":"COMXGEN_RU.TRES","type":"IMAGE","buildType":"BUILD_FULL","date":"01/09/2023 02:04:15","size":"395"},{"name":"DMANMAT02-50154_21480179_950012.TPH2310","type":"IMAGE","buildType":"BUILD_FULL","date":"13/11/2024 12:15:17","size":"464"},{"name":"ENGXFUN.PRW","type":"ADVPL","buildType":"BUILD_FULL","date":"20/10/2023 11:41:04","size":"17104"},{"name":"ENGXFUNP.PRW","type":"ADVPL","buildType":"BUILD_FULL","date":"13/11/2024 12:15:17","size":"265"},{"name":"ENGXFUN_EN.TRES","type":"IMAGE","buildType":"BUILD_FULL","date":"14/12/2022 16:27:18","size":"2841"},{"name":"ENGXFUN_ES.TRES","type":"IMAGE","buildType":"BUILD_FULL","date":"14/12/2022 16:27:18","size":"2954"},{"name":"ENGXFUN_PT-BR.TRES","type":"IMAGE","buildType":"BUILD_FULL","date":"14/12/2022 16:27:18","size":"2922"},{"name":"ENGXFUN_RU.TRES","type":"IMAGE","buildType":"BUILD_FULL","date":"14/12/2022 16:27:18","size":"2841"},{"name":"FISXCIAP.PRW","type":"ADVPL","buildType":"BUILD_FULL","date":"31/10/2024 14:23:07","size":"26981"},{"name":"FW_RESOURCE_PKMK.PNG","type":"IMAGE","buildType":"BUILD_FULL","date":"13/10/2022 16:20:31","size":"18"},{"name":"MATA103.PRW","type":"ADVPL","buildType":"BUILD_FULL","date":"23/10/2024 15:12:55","size":"1124695"},{"name":"MATA103A.PRX","type":"ADVPL","buildType":"BUILD_FULL","date":"10/07/2024 17:07:31","size":"82615"},{"name":"MATA103A_EN.TRES","type":"IMAGE","buildType":"BUILD_FULL","date":"01/09/2023 02:15:50","size":"285"},{"name":"MATA103A_ES.TRES","type":"IMAGE","buildType":"BUILD_FULL","date":"01/09/2023 02:15:50","size":"292"},{"name":"MATA103A_PT-BR.TRES","type":"IMAGE","buildType":"BUILD_FULL","date":"01/09/2023 02:15:50","size":"292"},{"name":"MATA103A_PT-PT.TRES","type":"IMAGE","buildType":"BUILD_FULL","date":"01/09/2023 02:15:50","size":"169"},{"name":"MATA103A_RU.TRES","type":"IMAGE","buildType":"BUILD_FULL","date":"01/09/2023 02:15:50","size":"250"},{"name":"MATA103B.PRX","type":"ADVPL","buildType":"BUILD_FULL","date":"08/09/2022 07:20:50","size":"224"},{"name":"MATA103COM.PRW","type":"ADVPL","buildType":"BUILD_FULL","date":"23/10/2024 20:55:58","size":"66336"},{"name":"MATA103COM_EN.TRES","type":"IMAGE","buildType":"BUILD_FULL","date":"14/08/2024 23:24:48","size":"1865"},{"name":"MATA103COM_ES.TRES","type":"IMAGE","buildType":"BUILD_FULL","date":"14/08/2024 23:24:47","size":"1948"},{"name":"MATA103COM_PT-BR.TRES","type":"IMAGE","buildType":"BUILD_FULL","date":"14/08/2024 23:24:47","size":"1938"},{"name":"MATA103COM_PT-PT.TRES","type":"IMAGE","buildType":"BUILD_FULL","date":"01/09/2023 02:15:50","size":"1"},{"name":"MATA103COM_RU.TRES","type":"IMAGE","buildType":"BUILD_FULL","date":"14/08/2024 23:24:48","size":"1865"},{"name":"MATA103FIN.PRW","type":"ADVPL","buildType":"BUILD_FULL","date":"04/01/2023 10:09:00","size":"13278"},{"name":"MATA103FIN_EN.TRES","type":"IMAGE","buildType":"BUILD_FULL","date":"01/09/2023 02:15:50","size":"816"},{"name":"MATA103FIN_ES.TRES","type":"IMAGE","buildType":"BUILD_FULL","date":"01/09/2023 02:15:50","size":"942"},{"name":"MATA103FIN_PT-BR.TRES","type":"IMAGE","buildType":"BUILD_FULL","date":"01/09/2023 02:15:50","size":"901"},{"name":"MATA103FIN_PT-PT.TRES","type":"IMAGE","buildType":"BUILD_FULL","date":"01/09/2023 02:15:50","size":"1"},{"name":"MATA103FIN_RU.TRES","type":"IMAGE","buildType":"BUILD_FULL","date":"01/09/2023 02:15:50","size":"816"},{"name":"MATA103GPE.PRW","type":"ADVPL","buildType":"BUILD_FULL","date":"08/09/2022 07:20:50","size":"16571"},{"name":"MATA103R.PRX","type":"ADVPL","buildType":"BUILD_FULL","date":"03/02/2023 09:03:19","size":"38221"},{"name":"MATA103REINF.PRW","type":"ADVPL","buildType":"BUILD_FULL","date":"18/10/2024 07:43:16","size":"104730"},{"name":"MATA103REINF_EN.TRES","type":"IMAGE","buildType":"BUILD_FULL","date":"16/03/2024 23:56:57","size":"1072"},{"name":"MATA103REINF_ES.TRES","type":"IMAGE","buildType":"BUILD_FULL","date":"16/03/2024 23:56:57","size":"1219"},{"name":"MATA103REINF_PT-BR.TRES","type":"IMAGE","buildType":"BUILD_FULL","date":"16/03/2024 23:56:57","size":"1196"},{"name":"MATA103REINF_PT-PT.TRES","type":"IMAGE","buildType":"BUILD_FULL","date":"01/09/2023 02:15:50","size":"1"},{"name":"MATA103REINF_RU.TRES","type":"IMAGE","buildType":"BUILD_FULL","date":"16/03/2024 23:56:58","size":"1072"},{"name":"MATA103X.PRX","type":"ADVPL","buildType":"BUILD_FULL","date":"04/11/2024 14:04:20","size":"824273"},{"name":"MATA103XEST.PRW","type":"ADVPL","buildType":"BUILD_FULL","date":"28/08/2024 15:37:34","size":"43016"},{"name":"MATA103X_EN.TRES","type":"IMAGE","buildType":"BUILD_FULL","date":"17/10/2024 23:56:27","size":"12780"},{"name":"MATA103X_ES.TRES","type":"IMAGE","buildType":"BUILD_FULL","date":"17/10/2024 23:56:27","size":"13804"},{"name":"MATA103X_PT-BR.TRES","type":"IMAGE","buildType":"BUILD_FULL","date":"17/10/2024 23:56:27","size":"13464"},{"name":"MATA103X_PT-PT.TRES","type":"IMAGE","buildType":"BUILD_FULL","date":"17/10/2024 23:56:27","size":"4977"},{"name":"MATA103X_RU.TRES","type":"IMAGE","buildType":"BUILD_FULL","date":"17/10/2024 23:56:27","size":"12460"},{"name":"MATA103_EN.TRES","type":"IMAGE","buildType":"BUILD_FULL","date":"17/10/2024 23:56:26","size":"32921"},{"name":"MATA103_ES.TRES","type":"IMAGE","buildType":"BUILD_FULL","date":"17/10/2024 23:56:26","size":"35913"},{"name":"MATA103_PT-BR.TRES","type":"IMAGE","buildType":"BUILD_FULL","date":"17/10/2024 23:56:25","size":"35298"},{"name":"MATA103_PT-PT.TRES","type":"IMAGE","buildType":"BUILD_FULL","date":"17/10/2024 23:56:26","size":"17496"},{"name":"MATA103_RU.TRES","type":"IMAGE","buildType":"BUILD_FULL","date":"17/10/2024 23:56:26","size":"32333"},{"name":"MATA115.PRW","type":"ADVPL","buildType":"BUILD_FULL","date":"08/09/2022 07:20:50","size":"101"},{"name":"MATA115X.PRX","type":"ADVPL","buildType":"BUILD_FULL","date":"08/09/2022 07:20:50","size":"103"},{"name":"MATA115_EN.TRES","type":"IMAGE","buildType":"BUILD_FULL","date":"01/09/2023 02:15:53","size":"661"},{"name":"MATA115_ES.TRES","type":"IMAGE","buildType":"BUILD_FULL","date":"01/09/2023 02:15:53","size":"703"},{"name":"MATA115_PT-BR.TRES","type":"IMAGE","buildType":"BUILD_FULL","date":"01/09/2023 02:15:53","size":"722"},{"name":"MATA115_PT-PT.TRES","type":"IMAGE","buildType":"BUILD_FULL","date":"01/09/2023 02:15:53","size":"656"},{"name":"MATA115_RU.TRES","type":"IMAGE","buildType":"BUILD_FULL","date":"01/09/2023 02:15:53","size":"606"},{"name":"MATA116.PRW","type":"ADVPL","buildType":"BUILD_FULL","date":"13/11/2024 12:06:39","size":"186578"},{"name":"MATA116_EN.TRES","type":"IMAGE","buildType":"BUILD_FULL","date":"17/11/2023 16:47:49","size":"3472"},{"name":"MATA116_ES.TRES","type":"IMAGE","buildType":"BUILD_FULL","date":"17/11/2023 16:47:49","size":"3800"},{"name":"MATA116_PT-BR.TRES","type":"IMAGE","buildType":"BUILD_FULL","date":"17/11/2023 16:47:49","size":"3712"},{"name":"MATA116_PT-PT.TRES","type":"IMAGE","buildType":"BUILD_FULL","date":"17/11/2023 16:47:49","size":"2028"},{"name":"MATA116_RU.TRES","type":"IMAGE","buildType":"BUILD_FULL","date":"17/11/2023 16:47:49","size":"3364"},{"name":"MATA119.PRW","type":"ADVPL","buildType":"BUILD_FULL","date":"11/10/2024 18:02:09","size":"93762"},{"name":"MATA119_EN.TRES","type":"IMAGE","buildType":"BUILD_FULL","date":"03/10/2023 23:58:39","size":"1020"},{"name":"MATA119_ES.TRES","type":"IMAGE","buildType":"BUILD_FULL","date":"03/10/2023 23:58:39","size":"1101"},{"name":"MATA119_PT-BR.TRES","type":"IMAGE","buildType":"BUILD_FULL","date":"03/10/2023 23:58:38","size":"1098"},{"name":"MATA119_PT-PT.TRES","type":"IMAGE","buildType":"BUILD_FULL","date":"03/10/2023 23:58:39","size":"568"},{"name":"MATA119_RU.TRES","type":"IMAGE","buildType":"BUILD_FULL","date":"03/10/2023 23:58:40","size":"1042"},{"name":"MATA140.PRW","type":"ADVPL","buildType":"BUILD_FULL","date":"11/11/2024 18:54:09","size":"161325"},{"name":"MATA140_EN.TRES","type":"IMAGE","buildType":"BUILD_FULL","date":"28/03/2024 23:50:47","size":"4134"},{"name":"MATA140_ES.TRES","type":"IMAGE","buildType":"BUILD_FULL","date":"28/03/2024 23:50:46","size":"4540"},{"name":"MATA140_PT-BR.TRES","type":"IMAGE","buildType":"BUILD_FULL","date":"28/03/2024 23:50:46","size":"4520"},{"name":"MATA140_PT-PT.TRES","type":"IMAGE","buildType":"BUILD_FULL","date":"28/03/2024 23:50:47","size":"2188"},{"name":"MATA140_RU.TRES","type":"IMAGE","buildType":"BUILD_FULL","date":"28/03/2024 23:50:47","size":"4084"}]}}

Content-Length: 37

{"jsonrpc":"2.0","id":62,"result":[]}

Content-Length: 37

{"jsonrpc":"2.0","id":63,"result":[]}

Content-Length: 46

{"jsonrpc":"2.0","id":64,"result":{"data":[]}}

Content-Length: 37

{"jsonrpc":"2.0","id":65,"result":[]}

Content-Length: 50

{"jsonrpc":"2.0","id":66,"result":{"contents":[]}}

Content-Length: 103

{"jsonrpc":"2.0","method":"window/logMessage","params":{"type":3,"message":"Starting patch validate."}}

Content-Length: 185

{"jsonrpc":"2.0","method":"window/logMessage","params":{"type":3,"message":"Patch file: d:/TOTVS 12/BKP_UPDATES/2024-11-27 - Mata103/21348164_dmanmat02-50125_12_1_2310_tttm120_hp.ptm"}}

Content-Length: 120

{"jsonrpc":"2.0","method":"window/logMessage","params":{"type":3,"message":"Starting build for environment COMPILA_Q."}}

Content-Length: 113

{"jsonrpc":"2.0","method":"window/logMessage","params":{"type":3,"message":"Starting build using RPO token ..."}}

Content-Length: 159

{"jsonrpc":"2.0","method":"window/logMessage","params":{"type":2,"message":"Patch validated with problems. There are resources in patch file older than RPO."}}

Content-Length: 117

{"jsonrpc":"2.0","method":"window/logMessage","params":{"type":3,"message":"Aborting end build (rollback changes)."}}

Content-Length: 132

{"jsonrpc":"2.0","method":"window/logMessage","params":{"type":3,"message":"Starting reconnection to the server 'DEV_COMPILA_rpc'"}}

Content-Length: 96

{"jsonrpc":"2.0","method":"window/logMessage","params":{"type":3,"message":"Authenticating..."}}

Content-Length: 111

{"jsonrpc":"2.0","method":"window/logMessage","params":{"type":3,"message":"User authenticated successfully."}}

Content-Length: 133

{"jsonrpc":"2.0","method":"window/logMessage","params":{"type":3,"message":"Reconnection to the server 'DEV_COMPILA_rpc' finished."}}

Content-Length: 133

{"jsonrpc":"2.0","method":"window/logMessage","params":{"type":3,"message":"Starting validating a package in Protheus application."}}

Content-Length: 138

{"jsonrpc":"2.0","method":"window/logMessage","params":{"type":3,"message":"Package validated in Protheus application without problems."}}

Content-Length: 133

{"jsonrpc":"2.0","method":"window/logMessage","params":{"type":3,"message":"Validating a package in Protheus application finished."}}

Content-Length: 139

{"jsonrpc":"2.0","method":"window/logMessage","params":{"type":3,"message":"Starting checking for newer patches in Protheus application."}}

Content-Length: 120

{"jsonrpc":"2.0","method":"window/logMessage","params":{"type":3,"message":"Newer patches not available at this time."}}

Content-Length: 139

{"jsonrpc":"2.0","method":"window/logMessage","params":{"type":3,"message":"Checking for newer patches in Protheus application finished."}}

Content-Length: 130

{"jsonrpc":"2.0","method":"window/logMessage","params":{"type":3,"message":"Server 'DEV_COMPILA_rpc' successfully disconnected."}}

Content-Length: 103

{"jsonrpc":"2.0","method":"window/logMessage","params":{"type":3,"message":"Patch validate finished."}}

Content-Length: 406

{"jsonrpc":"2.0","id":67,"result":{"error":1,"message":"Source/resource files in patch older than RPO.","patchValidates":[{"file":"ENGXFUNP.PRW","datePatch":"08/11/2024 15:35:26","dateRpo":"13/11/2024 12:15:17"},{"file":"MATA116.PRW","datePatch":"31/07/2024 19:59:41","dateRpo":"13/11/2024 12:06:39"},{"file":"MATA140.PRW","datePatch":"28/10/2024 18:10:00","dateRpo":"11/11/2024 18:54:09"}],"errorCode":5}}

Content-Length: 103

{"jsonrpc":"2.0","method":"window/logMessage","params":{"type":3,"message":"Starting patch validate."}}

Content-Length: 185

{"jsonrpc":"2.0","method":"window/logMessage","params":{"type":3,"message":"Patch file: d:/TOTVS 12/BKP_UPDATES/2024-11-27 - Mata103/21480179_dmanmat02-50154_12_1_2310_tttm120_hp.ptm"}}

Content-Length: 120

{"jsonrpc":"2.0","method":"window/logMessage","params":{"type":3,"message":"Starting build for environment COMPILA_Q."}}

Content-Length: 113

{"jsonrpc":"2.0","method":"window/logMessage","params":{"type":3,"message":"Starting build using RPO token ..."}}

Content-Length: 122

{"jsonrpc":"2.0","method":"window/logMessage","params":{"type":3,"message":"Patch validated without structure problems."}}

Content-Length: 117

{"jsonrpc":"2.0","method":"window/logMessage","params":{"type":3,"message":"Aborting end build (rollback changes)."}}

Content-Length: 132

{"jsonrpc":"2.0","method":"window/logMessage","params":{"type":3,"message":"Starting reconnection to the server 'DEV_COMPILA_rpc'"}}

Content-Length: 96

{"jsonrpc":"2.0","method":"window/logMessage","params":{"type":3,"message":"Authenticating..."}}

Content-Length: 111

{"jsonrpc":"2.0","method":"window/logMessage","params":{"type":3,"message":"User authenticated successfully."}}

Content-Length: 133

{"jsonrpc":"2.0","method":"window/logMessage","params":{"type":3,"message":"Reconnection to the server 'DEV_COMPILA_rpc' finished."}}

Content-Length: 133

{"jsonrpc":"2.0","method":"window/logMessage","params":{"type":3,"message":"Starting validating a package in Protheus application."}}

Content-Length: 138

{"jsonrpc":"2.0","method":"window/logMessage","params":{"type":3,"message":"Package validated in Protheus application without problems."}}

Content-Length: 133

{"jsonrpc":"2.0","method":"window/logMessage","params":{"type":3,"message":"Validating a package in Protheus application finished."}}

Content-Length: 139

{"jsonrpc":"2.0","method":"window/logMessage","params":{"type":3,"message":"Starting checking for newer patches in Protheus application."}}

Content-Length: 120

{"jsonrpc":"2.0","method":"window/logMessage","params":{"type":3,"message":"Newer patches not available at this time."}}

Content-Length: 139

{"jsonrpc":"2.0","method":"window/logMessage","params":{"type":3,"message":"Checking for newer patches in Protheus application finished."}}

Content-Length: 130

{"jsonrpc":"2.0","method":"window/logMessage","params":{"type":3,"message":"Server 'DEV_COMPILA_rpc' successfully disconnected."}}

Content-Length: 103

{"jsonrpc":"2.0","method":"window/logMessage","params":{"type":3,"message":"Patch validate finished."}}

Content-Length: 93

{"jsonrpc":"2.0","id":68,"result":{"error":0,"message":"","patchValidates":[],"errorCode":0}}

Content-Length: 100

{"jsonrpc":"2.0","method":"window/logMessage","params":{"type":3,"message":"Starting apply patch."}}

Content-Length: 120

{"jsonrpc":"2.0","method":"window/logMessage","params":{"type":3,"message":"Starting build for environment COMPILA_Q."}}

Content-Length: 113

{"jsonrpc":"2.0","method":"window/logMessage","params":{"type":3,"message":"Starting build using RPO token ..."}}

Content-Length: 194

{"jsonrpc":"2.0","method":"window/logMessage","params":{"type":3,"message":"Applying patch file: d:/TOTVS 12/BKP_UPDATES/2024-11-27 - Mata103/21348164_dmanmat02-50125_12_1_2310_tttm120_hp.ptm"}}

Content-Length: 158

{"jsonrpc":"2.0","method":"window/logMessage","params":{"type":3,"message":"Patch (21348164_dmanmat02-50125_12_1_2310_tttm120_hp.ptm) successfully applied."}}

Content-Length: 127

{"jsonrpc":"2.0","method":"window/logMessage","params":{"type":3,"message":"Committing end build. This could take a while..."}}

Content-Length: 100

{"jsonrpc":"2.0","method":"window/logMessage","params":{"type":3,"message":"Apply patch finished."}}

Content-Length: 93

{"jsonrpc":"2.0","id":69,"result":{"error":0,"message":"","patchValidates":[],"errorCode":0}}

Content-Length: 100

{"jsonrpc":"2.0","method":"window/logMessage","params":{"type":3,"message":"Starting apply patch."}}

Content-Length: 120

{"jsonrpc":"2.0","method":"window/logMessage","params":{"type":3,"message":"Starting build for environment COMPILA_Q."}}

Content-Length: 113

{"jsonrpc":"2.0","method":"window/logMessage","params":{"type":3,"message":"Starting build using RPO token ..."}}

Content-Length: 194

{"jsonrpc":"2.0","method":"window/logMessage","params":{"type":3,"message":"Applying patch file: d:/TOTVS 12/BKP_UPDATES/2024-11-27 - Mata103/21480179_dmanmat02-50154_12_1_2310_tttm120_hp.ptm"}}

Content-Length: 158

{"jsonrpc":"2.0","method":"window/logMessage","params":{"type":3,"message":"Patch (21480179_dmanmat02-50154_12_1_2310_tttm120_hp.ptm) successfully applied."}}

Content-Length: 127

{"jsonrpc":"2.0","method":"window/logMessage","params":{"type":3,"message":"Committing end build. This could take a while..."}}

Content-Length: 100

{"jsonrpc":"2.0","method":"window/logMessage","params":{"type":3,"message":"Apply patch finished."}}

Content-Length: 93

{"jsonrpc":"2.0","id":70,"result":{"error":0,"message":"","patchValidates":[],"errorCode":0}}

Content-Length: 37

{"jsonrpc":"2.0","id":71,"result":[]}

Content-Length: 37

{"jsonrpc":"2.0","id":72,"result":[]}

Content-Length: 46

{"jsonrpc":"2.0","id":73,"result":{"data":[]}}

Content-Length: 37

{"jsonrpc":"2.0","id":74,"result":[]}

Content-Length: 37

{"jsonrpc":"2.0","id":75,"result":[]}

Content-Length: 37

{"jsonrpc":"2.0","id":76,"result":[]}

Content-Length: 37

{"jsonrpc":"2.0","id":77,"result":[]}

Content-Length: 37

{"jsonrpc":"2.0","id":78,"result":[]}

Content-Length: 179

{"jsonrpc":"2.0","method":"textDocument/publishDiagnostics","params":{"uri":"file:///d%3A/totvs%2012/microsiga/protheus/projetovscode/07_financeiro/autpagr.prw","diagnostics":[]}}

Content-Length: 175

{"jsonrpc":"2.0","method":"textDocument/publishDiagnostics","params":{"uri":"file:///d%3A/totvs%2012/microsiga/protheus/projetovscode/05_ESTOQUE/ZE1CAD.PRW","diagnostics":[]}}

Content-Length: 1963

{"jsonrpc":"2.0","id":79,"result":[{"name":"Protheus.ch","kind":1,"range":{"start":{"line":0,"character":10},"end":{"line":0,"character":21}},"selectionRange":{"start":{"line":0,"character":10},"end":{"line":0,"character":21}},"children":[]},{"name":"RwMake.ch","kind":1,"range":{"start":{"line":1,"character":10},"end":{"line":1,"character":19}},"selectionRange":{"start":{"line":1,"character":10},"end":{"line":1,"character":19}},"children":[]},{"name":"topconn.ch","kind":1,"range":{"start":{"line":2,"character":10},"end":{"line":2,"character":20}},"selectionRange":{"start":{"line":2,"character":10},"end":{"line":2,"character":20}},"children":[]},{"name":"JPEG.CH","kind":1,"range":{"start":{"line":4,"character":10},"end":{"line":4,"character":17}},"selectionRange":{"start":{"line":4,"character":10},"end":{"line":4,"character":17}},"children":[]},{"name":"axcadze1","detail":"","kind":12,"range":{"start":{"line":13,"character":0},"end":{"line":21,"character":0}},"selectionRange":{"start":{"line":13,"character":0},"end":{"line":21,"character":0}},"children":[]},{"name":"fncchavze1","detail":"","kind":12,"range":{"start":{"line":22,"character":0},"end":{"line":52,"character":0}},"selectionRange":{"start":{"line":22,"character":0},"end":{"line":52,"character":0}},"children":[{"name":"cCodEnd","detail":" [parameter]","kind":26,"range":{"start":{"line":22,"character":25},"end":{"line":22,"character":32}},"selectionRange":{"start":{"line":22,"character":25},"end":{"line":22,"character":32}},"children":[]},{"name":"cQuery","detail":"\"\"","kind":13,"range":{"start":{"line":27,"character":6},"end":{"line":27,"character":14}},"selectionRange":{"start":{"line":27,"character":6},"end":{"line":27,"character":14}},"children":[]},{"name":"lRet","detail":".t.","kind":13,"range":{"start":{"line":28,"character":6},"end":{"line":28,"character":12}},"selectionRange":{"start":{"line":28,"character":6},"end":{"line":28,"character":12}},"children":[]}]}]}

Content-Length: 68

{"jsonrpc":"2.0","id":80,"result":{"data":[13,0,4,20,0,9,0,4,20,0]}}

Content-Length: 922

{"jsonrpc":"2.0","id":81,"result":[{"range":{"start":{"line":0,"character":10},"end":{"line":0,"character":21}},"target":"file:///d%3A\\totvs%2012\\microsiga\\protheus\\include\\Protheus.ch","tooltip":"d:\\totvs 12\\microsiga\\protheus\\include\\Protheus.ch"},{"range":{"start":{"line":1,"character":10},"end":{"line":1,"character":19}},"target":"file:///d%3A\\totvs%2012\\microsiga\\protheus\\include\\RwMake.ch","tooltip":"d:\\totvs 12\\microsiga\\protheus\\include\\RwMake.ch"},{"range":{"start":{"line":2,"character":10},"end":{"line":2,"character":20}},"target":"file:///d%3A\\totvs%2012\\microsiga\\protheus\\include\\topconn.ch","tooltip":"d:\\totvs 12\\microsiga\\protheus\\include\\topconn.ch"},{"range":{"start":{"line":4,"character":10},"end":{"line":4,"character":17}},"target":"file:///d%3A\\totvs%2012\\microsiga\\protheus\\include\\JPEG.CH","tooltip":"d:\\totvs 12\\microsiga\\protheus\\include\\JPEG.CH"}]}

Content-Length: 586

{"jsonrpc":"2.0","id":82,"result":[{"range":{"start":{"line":13,"character":0},"end":{"line":21,"character":0}},"command":{"title":"0 reference","command":"advpl.showXrefs","arguments":["function","file:///d%3A/totvs%2012/microsiga/protheus/projetovscode/05_ESTOQUE/ZE1CAD.PRW",{"line":13,"character":0},[]]}},{"range":{"start":{"line":22,"character":0},"end":{"line":52,"character":0}},"command":{"title":"0 reference","command":"advpl.showXrefs","arguments":["function","file:///d%3A/totvs%2012/microsiga/protheus/projetovscode/05_ESTOQUE/ZE1CAD.PRW",{"line":22,"character":0},[]]}}]}

Content-Length: 175

{"jsonrpc":"2.0","method":"textDocument/publishDiagnostics","params":{"uri":"file:///d%3A/totvs%2012/microsiga/protheus/projetovscode/05_estoque/ze1cad.prw","diagnostics":[]}}

Content-Length: 180

{"jsonrpc":"2.0","method":"textDocument/publishDiagnostics","params":{"uri":"file:///d%3A/totvs%2012/microsiga/protheus/projetovscode/06_FATURAMENTO/CADPAIS.PRW","diagnostics":[]}}

Content-Length: 456

{"jsonrpc":"2.0","id":83,"result":[{"name":"rwmake.ch","kind":1,"range":{"start":{"line":0,"character":11},"end":{"line":0,"character":20}},"selectionRange":{"start":{"line":0,"character":11},"end":{"line":0,"character":20}},"children":[]},{"name":"axcadsya","detail":"","kind":12,"range":{"start":{"line":9,"character":0},"end":{"line":16,"character":0}},"selectionRange":{"start":{"line":9,"character":0},"end":{"line":16,"character":0}},"children":[]}]}

Content-Length: 56

{"jsonrpc":"2.0","id":84,"result":{"data":[9,0,4,20,0]}}

Content-Length: 257

{"jsonrpc":"2.0","id":85,"result":[{"range":{"start":{"line":0,"character":11},"end":{"line":0,"character":20}},"target":"file:///d%3A\\totvs%2012\\microsiga\\protheus\\include\\rwmake.ch","tooltip":"d:\\totvs 12\\microsiga\\protheus\\include\\rwmake.ch"}]}

Content-Length: 314

{"jsonrpc":"2.0","id":86,"result":[{"range":{"start":{"line":9,"character":0},"end":{"line":16,"character":0}},"command":{"title":"0 reference","command":"advpl.showXrefs","arguments":["function","file:///d%3A/totvs%2012/microsiga/protheus/projetovscode/06_FATURAMENTO/CADPAIS.PRW",{"line":9,"character":0},[]]}}]}

Content-Length: 180

{"jsonrpc":"2.0","method":"textDocument/publishDiagnostics","params":{"uri":"file:///d%3A/totvs%2012/microsiga/protheus/projetovscode/06_faturamento/cadpais.prw","diagnostics":[]}}

Content-Length: 180

{"jsonrpc":"2.0","method":"textDocument/publishDiagnostics","params":{"uri":"file:///d%3A/totvs%2012/microsiga/protheus/projetovscode/07_FINANCEIRO/AxCadZGN.PRW","diagnostics":[]}}

Content-Length: 456

{"jsonrpc":"2.0","id":87,"result":[{"name":"rwmake.ch","kind":1,"range":{"start":{"line":0,"character":10},"end":{"line":0,"character":19}},"selectionRange":{"start":{"line":0,"character":10},"end":{"line":0,"character":19}},"children":[]},{"name":"axcadzgn","detail":"","kind":12,"range":{"start":{"line":9,"character":0},"end":{"line":16,"character":0}},"selectionRange":{"start":{"line":9,"character":0},"end":{"line":16,"character":0}},"children":[]}]}

Content-Length: 56

{"jsonrpc":"2.0","id":88,"result":{"data":[9,0,4,20,0]}}

Content-Length: 257

{"jsonrpc":"2.0","id":89,"result":[{"range":{"start":{"line":0,"character":10},"end":{"line":0,"character":19}},"target":"file:///d%3A\\totvs%2012\\microsiga\\protheus\\include\\rwmake.ch","tooltip":"d:\\totvs 12\\microsiga\\protheus\\include\\rwmake.ch"}]}

Content-Length: 314

{"jsonrpc":"2.0","id":90,"result":[{"range":{"start":{"line":9,"character":0},"end":{"line":16,"character":0}},"command":{"title":"0 reference","command":"advpl.showXrefs","arguments":["function","file:///d%3A/totvs%2012/microsiga/protheus/projetovscode/07_FINANCEIRO/AxCadZGN.PRW",{"line":9,"character":0},[]]}}]}

Content-Length: 180

{"jsonrpc":"2.0","method":"textDocument/publishDiagnostics","params":{"uri":"file:///d%3A/totvs%2012/microsiga/protheus/projetovscode/07_financeiro/axcadzgn.prw","diagnostics":[]}}

Content-Length: 180

{"jsonrpc":"2.0","method":"textDocument/publishDiagnostics","params":{"uri":"file:///d%3A/totvs%2012/microsiga/protheus/projetovscode/07_FINANCEIRO/AxCadZGR.prw","diagnostics":[]}}

Content-Length: 456

{"jsonrpc":"2.0","id":91,"result":[{"name":"rwmake.ch","kind":1,"range":{"start":{"line":0,"character":10},"end":{"line":0,"character":19}},"selectionRange":{"start":{"line":0,"character":10},"end":{"line":0,"character":19}},"children":[]},{"name":"axcadzgr","detail":"","kind":12,"range":{"start":{"line":9,"character":0},"end":{"line":16,"character":0}},"selectionRange":{"start":{"line":9,"character":0},"end":{"line":16,"character":0}},"children":[]}]}

Content-Length: 56

{"jsonrpc":"2.0","id":92,"result":{"data":[9,0,4,20,0]}}

Content-Length: 257

{"jsonrpc":"2.0","id":93,"result":[{"range":{"start":{"line":0,"character":10},"end":{"line":0,"character":19}},"target":"file:///d%3A\\totvs%2012\\microsiga\\protheus\\include\\rwmake.ch","tooltip":"d:\\totvs 12\\microsiga\\protheus\\include\\rwmake.ch"}]}

Content-Length: 314

{"jsonrpc":"2.0","id":94,"result":[{"range":{"start":{"line":9,"character":0},"end":{"line":16,"character":0}},"command":{"title":"0 reference","command":"advpl.showXrefs","arguments":["function","file:///d%3A/totvs%2012/microsiga/protheus/projetovscode/07_FINANCEIRO/AxCadZGR.prw",{"line":9,"character":0},[]]}}]}

Content-Length: 180

{"jsonrpc":"2.0","method":"textDocument/publishDiagnostics","params":{"uri":"file:///d%3A/totvs%2012/microsiga/protheus/projetovscode/07_financeiro/axcadzgr.prw","diagnostics":[]}}

Content-Length: 181

{"jsonrpc":"2.0","method":"textDocument/publishDiagnostics","params":{"uri":"file:///d%3A/totvs%2012/microsiga/protheus/projetovscode/06_FATURAMENTO/MPREVEND.PRW","diagnostics":[]}}

Content-Length: 3188

{"jsonrpc":"2.0","id":95,"result":[{"name":"rwmake.ch","kind":1,"range":{"start":{"line":0,"character":10},"end":{"line":0,"character":19}},"selectionRange":{"start":{"line":0,"character":10},"end":{"line":0,"character":19}},"children":[]},{"name":"protheus.ch","kind":1,"range":{"start":{"line":1,"character":10},"end":{"line":1,"character":21}},"selectionRange":{"start":{"line":1,"character":10},"end":{"line":1,"character":21}},"children":[]},{"name":"topconn.ch","kind":1,"range":{"start":{"line":2,"character":10},"end":{"line":2,"character":20}},"selectionRange":{"start":{"line":2,"character":10},"end":{"line":2,"character":20}},"children":[]},{"name":"mprevend","detail":"","kind":12,"range":{"start":{"line":16,"character":0},"end":{"line":57,"character":0}},"selectionRange":{"start":{"line":16,"character":0},"end":{"line":57,"character":0}},"children":[{"name":"aIndexZSB","detail":"{} [private]","kind":13,"range":{"start":{"line":23,"character":8},"end":{"line":23,"character":19}},"selectionRange":{"start":{"line":23,"character":8},"end":{"line":23,"character":19}},"children":[]},{"name":"cCadastro","detail":"\"Previsão de Ve... [private]","kind":13,"range":{"start":{"line":25,"character":8},"end":{"line":25,"character":19}},"selectionRange":{"start":{"line":25,"character":8},"end":{"line":25,"character":19}},"children":[]},{"name":"aRotina","detail":"{{\"Pesquisar\",\"... [private]","kind":13,"range":{"start":{"line":33,"character":8},"end":{"line":33,"character":17}},"selectionRange":{"start":{"line":33,"character":8},"end":{"line":33,"character":17}},"children":[]},{"name":"aCores","detail":"{} [private]","kind":13,"range":{"start":{"line":35,"character":8},"end":{"line":35,"character":16}},"selectionRange":{"start":{"line":35,"character":8},"end":{"line":35,"character":16}},"children":[]},{"name":"cDelFunc","detail":"\".T.\" [private]","kind":13,"range":{"start":{"line":42,"character":8},"end":{"line":42,"character":18}},"selectionRange":{"start":{"line":42,"character":8},"end":{"line":42,"character":18}},"children":[]},{"name":"cString","detail":"\"ZSB\" [private]","kind":13,"range":{"start":{"line":44,"character":8},"end":{"line":44,"character":17}},"selectionRange":{"start":{"line":44,"character":8},"end":{"line":44,"character":17}},"children":[]}]},{"name":"mreplprev","detail":"","kind":12,"range":{"start":{"line":58,"character":0},"end":{"line":133,"character":0}},"selectionRange":{"start":{"line":58,"character":0},"end":{"line":133,"character":0}},"children":[{"name":"aPerg","detail":"{}","kind":13,"range":{"start":{"line":64,"character":6},"end":{"line":64,"character":13}},"selectionRange":{"start":{"line":64,"character":6},"end":{"line":64,"character":13}},"children":[]},{"name":"cPerg","detail":"\"MREPLIPROV\"","kind":13,"range":{"start":{"line":65,"character":6},"end":{"line":65,"character":13}},"selectionRange":{"start":{"line":65,"character":6},"end":{"line":65,"character":13}},"children":[]},{"name":"cQuery","detail":"\"\"","kind":13,"range":{"start":{"line":66,"character":6},"end":{"line":66,"character":14}},"selectionRange":{"start":{"line":66,"character":6},"end":{"line":66,"character":14}},"children":[]}]}]}

Content-Length: 203

{"jsonrpc":"2.0","id":96,"result":{"data":[16,0,4,20,0,42,0,4,20,0,45,0,7,20,0,0,33,3,20,0,8,2,7,20,0,1,2,7,20,0,1,2,7,20,0,1,2,7,20,0,1,2,7,20,0,1,2,7,20,0,1,2,7,20,0,1,2,7,20,0,1,2,7,20,0,1,2,7,20,0]}}

Content-Length: 705

{"jsonrpc":"2.0","id":97,"result":[{"range":{"start":{"line":0,"character":10},"end":{"line":0,"character":19}},"target":"file:///d%3A\\totvs%2012\\microsiga\\protheus\\include\\rwmake.ch","tooltip":"d:\\totvs 12\\microsiga\\protheus\\include\\rwmake.ch"},{"range":{"start":{"line":1,"character":10},"end":{"line":1,"character":21}},"target":"file:///d%3A\\totvs%2012\\microsiga\\protheus\\include\\protheus.ch","tooltip":"d:\\totvs 12\\microsiga\\protheus\\include\\protheus.ch"},{"range":{"start":{"line":2,"character":10},"end":{"line":2,"character":20}},"target":"file:///d%3A\\totvs%2012\\microsiga\\protheus\\include\\topconn.ch","tooltip":"d:\\totvs 12\\microsiga\\protheus\\include\\topconn.ch"}]}

Content-Length: 599

{"jsonrpc":"2.0","id":98,"result":[{"range":{"start":{"line":16,"character":0},"end":{"line":57,"character":0}},"command":{"title":"0 reference","command":"advpl.showXrefs","arguments":["function","file:///d%3A/totvs%2012/microsiga/protheus/projetovscode/06_FATURAMENTO/MPREVEND.PRW",{"line":16,"character":0},[]]}},{"range":{"start":{"line":58,"character":0},"end":{"line":133,"character":0}},"command":{"title":"0 reference","command":"advpl.showXrefs","arguments":["function","file:///d%3A/totvs%2012/microsiga/protheus/projetovscode/06_FATURAMENTO/MPREVEND.PRW",{"line":58,"character":0},[]]}}]}

Content-Length: 50

{"jsonrpc":"2.0","id":99,"result":{"contents":[]}}

Content-Length: 51

{"jsonrpc":"2.0","id":100,"result":{"contents":[]}}

Content-Length: 51

{"jsonrpc":"2.0","id":101,"result":{"contents":[]}}

Content-Length: 51

{"jsonrpc":"2.0","id":102,"result":{"contents":[]}}

Content-Length: 51

{"jsonrpc":"2.0","id":103,"result":{"contents":[]}}

Content-Length: 51

{"jsonrpc":"2.0","id":104,"result":{"contents":[]}}

Content-Length: 51

{"jsonrpc":"2.0","id":105,"result":{"contents":[]}}

Content-Length: 600

{"jsonrpc":"2.0","id":106,"result":[{"range":{"start":{"line":16,"character":0},"end":{"line":57,"character":0}},"command":{"title":"0 reference","command":"advpl.showXrefs","arguments":["function","file:///d%3A/totvs%2012/microsiga/protheus/projetovscode/06_FATURAMENTO/MPREVEND.PRW",{"line":16,"character":0},[]]}},{"range":{"start":{"line":58,"character":0},"end":{"line":133,"character":0}},"command":{"title":"0 reference","command":"advpl.showXrefs","arguments":["function","file:///d%3A/totvs%2012/microsiga/protheus/projetovscode/06_FATURAMENTO/MPREVEND.PRW",{"line":58,"character":0},[]]}}]}

Content-Length: 87

{"jsonrpc":"2.0","id":107,"result":{"contents":["*private* **cString** *:= \"ZSB\"*"]}}

Content-Length: 51

{"jsonrpc":"2.0","id":108,"result":{"contents":[]}}

Content-Length: 51

{"jsonrpc":"2.0","id":109,"result":{"contents":[]}}

Content-Length: 51

{"jsonrpc":"2.0","id":110,"result":{"contents":[]}}

Content-Length: 51

{"jsonrpc":"2.0","id":111,"result":{"contents":[]}}

Content-Length: 51

{"jsonrpc":"2.0","id":112,"result":{"contents":[]}}

Content-Length: 51

{"jsonrpc":"2.0","id":113,"result":{"contents":[]}}

Content-Length: 51

{"jsonrpc":"2.0","id":114,"result":{"contents":[]}}

Content-Length: 51

{"jsonrpc":"2.0","id":115,"result":{"contents":[]}}

Content-Length: 51

{"jsonrpc":"2.0","id":116,"result":{"contents":[]}}

Content-Length: 51

{"jsonrpc":"2.0","id":117,"result":{"contents":[]}}

Content-Length: 51

{"jsonrpc":"2.0","id":118,"result":{"contents":[]}}

Content-Length: 38

{"jsonrpc":"2.0","id":119,"result":[]}

Content-Length: 51

{"jsonrpc":"2.0","id":120,"result":{"contents":[]}}

Content-Length: 51

{"jsonrpc":"2.0","id":121,"result":{"contents":[]}}

Content-Length: 51

{"jsonrpc":"2.0","id":122,"result":{"contents":[]}}

Content-Length: 38

{"jsonrpc":"2.0","id":123,"result":[]}

Content-Length: 600

{"jsonrpc":"2.0","id":124,"result":[{"range":{"start":{"line":16,"character":0},"end":{"line":57,"character":0}},"command":{"title":"0 reference","command":"advpl.showXrefs","arguments":["function","file:///d%3A/totvs%2012/microsiga/protheus/projetovscode/06_FATURAMENTO/MPREVEND.PRW",{"line":16,"character":0},[]]}},{"range":{"start":{"line":58,"character":0},"end":{"line":133,"character":0}},"command":{"title":"0 reference","command":"advpl.showXrefs","arguments":["function","file:///d%3A/totvs%2012/microsiga/protheus/projetovscode/06_FATURAMENTO/MPREVEND.PRW",{"line":58,"character":0},[]]}}]}

Content-Length: 51

{"jsonrpc":"2.0","id":125,"result":{"contents":[]}}

Content-Length: 181

{"jsonrpc":"2.0","method":"textDocument/publishDiagnostics","params":{"uri":"file:///d%3A/totvs%2012/microsiga/protheus/projetovscode/06_faturamento/mprevend.prw","diagnostics":[]}}

Content-Length: 175

{"jsonrpc":"2.0","method":"textDocument/publishDiagnostics","params":{"uri":"file:///d%3A/totvs%2012/microsiga/protheus/projetovscode/08_GRPLUS/MPROPCP.PRW","diagnostics":[]}}

Content-Length: 3625

{"jsonrpc":"2.0","id":126,"result":[{"name":"rwmake.ch","kind":1,"range":{"start":{"line":0,"character":10},"end":{"line":0,"character":19}},"selectionRange":{"start":{"line":0,"character":10},"end":{"line":0,"character":19}},"children":[]},{"name":"protheus.ch","kind":1,"range":{"start":{"line":1,"character":10},"end":{"line":1,"character":21}},"selectionRange":{"start":{"line":1,"character":10},"end":{"line":1,"character":21}},"children":[]},{"name":"topconn.ch","kind":1,"range":{"start":{"line":2,"character":10},"end":{"line":2,"character":20}},"selectionRange":{"start":{"line":2,"character":10},"end":{"line":2,"character":20}},"children":[]},{"name":"mpropcp","detail":"","kind":12,"range":{"start":{"line":12,"character":0},"end":{"line":56,"character":0}},"selectionRange":{"start":{"line":12,"character":0},"end":{"line":56,"character":0}},"children":[{"name":"aIndexZS7","detail":"{} [private]","kind":13,"range":{"start":{"line":19,"character":8},"end":{"line":19,"character":19}},"selectionRange":{"start":{"line":19,"character":8},"end":{"line":19,"character":19}},"children":[]},{"name":"cCadastro","detail":"\"Provisão do PC... [private]","kind":13,"range":{"start":{"line":21,"character":8},"end":{"line":21,"character":19}},"selectionRange":{"start":{"line":21,"character":8},"end":{"line":21,"character":19}},"children":[]},{"name":"aRotina","detail":"{{\"Pesquisar\",\"... [private]","kind":13,"range":{"start":{"line":29,"character":8},"end":{"line":29,"character":17}},"selectionRange":{"start":{"line":29,"character":8},"end":{"line":29,"character":17}},"children":[]},{"name":"aCores","detail":"{} [private]","kind":13,"range":{"start":{"line":34,"character":8},"end":{"line":34,"character":16}},"selectionRange":{"start":{"line":34,"character":8},"end":{"line":34,"character":16}},"children":[]},{"name":"cDelFunc","detail":"\".T.\" [private]","kind":13,"range":{"start":{"line":41,"character":8},"end":{"line":41,"character":18}},"selectionRange":{"start":{"line":41,"character":8},"end":{"line":41,"character":18}},"children":[]},{"name":"cString","detail":"\"ZS7\" [private]","kind":13,"range":{"start":{"line":43,"character":8},"end":{"line":43,"character":17}},"selectionRange":{"start":{"line":43,"character":8},"end":{"line":43,"character":17}},"children":[]}]},{"name":"lepropcp","detail":"","kind":12,"range":{"start":{"line":57,"character":0},"end":{"line":72,"character":0}},"selectionRange":{"start":{"line":57,"character":0},"end":{"line":72,"character":0}},"children":[{"name":"aLegenda","detail":"{}","kind":13,"range":{"start":{"line":63,"character":6},"end":{"line":63,"character":16}},"selectionRange":{"start":{"line":63,"character":6},"end":{"line":63,"character":16}},"children":[]}]},{"name":"mreplprov","detail":"","kind":12,"range":{"start":{"line":73,"character":0},"end":{"line":142,"character":0}},"selectionRange":{"start":{"line":73,"character":0},"end":{"line":142,"character":0}},"children":[{"name":"aPerg","detail":"{}","kind":13,"range":{"start":{"line":79,"character":6},"end":{"line":79,"character":13}},"selectionRange":{"start":{"line":79,"character":6},"end":{"line":79,"character":13}},"children":[]},{"name":"cPerg","detail":"\"MREPLIPROV\"","kind":13,"range":{"start":{"line":80,"character":6},"end":{"line":80,"character":13}},"selectionRange":{"start":{"line":80,"character":6},"end":{"line":80,"character":13}},"children":[]},{"name":"cQuery","detail":"\"\"","kind":13,"range":{"start":{"line":81,"character":6},"end":{"line":81,"character":14}},"selectionRange":{"start":{"line":81,"character":6},"end":{"line":81,"character":14}},"children":[]}]}]}

Content-Length: 172

{"jsonrpc":"2.0","id":127,"result":{"data":[12,0,4,20,0,45,0,4,20,0,16,0,4,20,0,42,0,7,20,0,0,32,3,20,0,8,2,7,20,0,1,2,7,20,0,1,2,7,20,0,1,2,7,20,0,1,2,7,20,0,1,2,7,20,0]}}

Content-Length: 706

{"jsonrpc":"2.0","id":128,"result":[{"range":{"start":{"line":0,"character":10},"end":{"line":0,"character":19}},"target":"file:///d%3A\\totvs%2012\\microsiga\\protheus\\include\\rwmake.ch","tooltip":"d:\\totvs 12\\microsiga\\protheus\\include\\rwmake.ch"},{"range":{"start":{"line":1,"character":10},"end":{"line":1,"character":21}},"target":"file:///d%3A\\totvs%2012\\microsiga\\protheus\\include\\protheus.ch","tooltip":"d:\\totvs 12\\microsiga\\protheus\\include\\protheus.ch"},{"range":{"start":{"line":2,"character":10},"end":{"line":2,"character":20}},"target":"file:///d%3A\\totvs%2012\\microsiga\\protheus\\include\\topconn.ch","tooltip":"d:\\totvs 12\\microsiga\\protheus\\include\\topconn.ch"}]}

Content-Length: 863

{"jsonrpc":"2.0","id":129,"result":[{"range":{"start":{"line":12,"character":0},"end":{"line":56,"character":0}},"command":{"title":"0 reference","command":"advpl.showXrefs","arguments":["function","file:///d%3A/totvs%2012/microsiga/protheus/projetovscode/08_GRPLUS/MPROPCP.PRW",{"line":12,"character":0},[]]}},{"range":{"start":{"line":57,"character":0},"end":{"line":72,"character":0}},"command":{"title":"0 reference","command":"advpl.showXrefs","arguments":["function","file:///d%3A/totvs%2012/microsiga/protheus/projetovscode/08_GRPLUS/MPROPCP.PRW",{"line":57,"character":0},[]]}},{"range":{"start":{"line":73,"character":0},"end":{"line":142,"character":0}},"command":{"title":"0 reference","command":"advpl.showXrefs","arguments":["function","file:///d%3A/totvs%2012/microsiga/protheus/projetovscode/08_GRPLUS/MPROPCP.PRW",{"line":73,"character":0},[]]}}]}

Content-Length: 51

{"jsonrpc":"2.0","id":130,"result":{"contents":[]}}

Content-Length: 863

{"jsonrpc":"2.0","id":131,"result":[{"range":{"start":{"line":12,"character":0},"end":{"line":56,"character":0}},"command":{"title":"0 reference","command":"advpl.showXrefs","arguments":["function","file:///d%3A/totvs%2012/microsiga/protheus/projetovscode/08_GRPLUS/MPROPCP.PRW",{"line":12,"character":0},[]]}},{"range":{"start":{"line":57,"character":0},"end":{"line":72,"character":0}},"command":{"title":"0 reference","command":"advpl.showXrefs","arguments":["function","file:///d%3A/totvs%2012/microsiga/protheus/projetovscode/08_GRPLUS/MPROPCP.PRW",{"line":57,"character":0},[]]}},{"range":{"start":{"line":73,"character":0},"end":{"line":142,"character":0}},"command":{"title":"0 reference","command":"advpl.showXrefs","arguments":["function","file:///d%3A/totvs%2012/microsiga/protheus/projetovscode/08_GRPLUS/MPROPCP.PRW",{"line":73,"character":0},[]]}}]}

Content-Length: 863

{"jsonrpc":"2.0","id":132,"result":[{"range":{"start":{"line":12,"character":0},"end":{"line":56,"character":0}},"command":{"title":"0 reference","command":"advpl.showXrefs","arguments":["function","file:///d%3A/totvs%2012/microsiga/protheus/projetovscode/08_GRPLUS/MPROPCP.PRW",{"line":12,"character":0},[]]}},{"range":{"start":{"line":57,"character":0},"end":{"line":72,"character":0}},"command":{"title":"0 reference","command":"advpl.showXrefs","arguments":["function","file:///d%3A/totvs%2012/microsiga/protheus/projetovscode/08_GRPLUS/MPROPCP.PRW",{"line":57,"character":0},[]]}},{"range":{"start":{"line":73,"character":0},"end":{"line":142,"character":0}},"command":{"title":"0 reference","command":"advpl.showXrefs","arguments":["function","file:///d%3A/totvs%2012/microsiga/protheus/projetovscode/08_GRPLUS/MPROPCP.PRW",{"line":73,"character":0},[]]}}]}

Content-Length: 863

{"jsonrpc":"2.0","id":133,"result":[{"range":{"start":{"line":12,"character":0},"end":{"line":56,"character":0}},"command":{"title":"0 reference","command":"advpl.showXrefs","arguments":["function","file:///d%3A/totvs%2012/microsiga/protheus/projetovscode/08_GRPLUS/MPROPCP.PRW",{"line":12,"character":0},[]]}},{"range":{"start":{"line":57,"character":0},"end":{"line":72,"character":0}},"command":{"title":"0 reference","command":"advpl.showXrefs","arguments":["function","file:///d%3A/totvs%2012/microsiga/protheus/projetovscode/08_GRPLUS/MPROPCP.PRW",{"line":57,"character":0},[]]}},{"range":{"start":{"line":73,"character":0},"end":{"line":142,"character":0}},"command":{"title":"0 reference","command":"advpl.showXrefs","arguments":["function","file:///d%3A/totvs%2012/microsiga/protheus/projetovscode/08_GRPLUS/MPROPCP.PRW",{"line":73,"character":0},[]]}}]}

Content-Length: 863

{"jsonrpc":"2.0","id":134,"result":[{"range":{"start":{"line":12,"character":0},"end":{"line":56,"character":0}},"command":{"title":"0 reference","command":"advpl.showXrefs","arguments":["function","file:///d%3A/totvs%2012/microsiga/protheus/projetovscode/08_GRPLUS/MPROPCP.PRW",{"line":12,"character":0},[]]}},{"range":{"start":{"line":57,"character":0},"end":{"line":72,"character":0}},"command":{"title":"0 reference","command":"advpl.showXrefs","arguments":["function","file:///d%3A/totvs%2012/microsiga/protheus/projetovscode/08_GRPLUS/MPROPCP.PRW",{"line":57,"character":0},[]]}},{"range":{"start":{"line":73,"character":0},"end":{"line":142,"character":0}},"command":{"title":"0 reference","command":"advpl.showXrefs","arguments":["function","file:///d%3A/totvs%2012/microsiga/protheus/projetovscode/08_GRPLUS/MPROPCP.PRW",{"line":73,"character":0},[]]}}]}

Content-Length: 175

{"jsonrpc":"2.0","method":"textDocument/publishDiagnostics","params":{"uri":"file:///d%3A/totvs%2012/microsiga/protheus/projetovscode/08_grplus/mpropcp.prw","diagnostics":[]}}

Content-Length: 530

{"jsonrpc":"2.0","method":"textDocument/publishDiagnostics","params":{"uri":"file:///d%3A/totvs%2012/microsiga/protheus/projetovscode/03_CONEX%C3%83ONFE/GMT103FIM.PRW","diagnostics":[{"range":{"start":{"line":321,"character":0},"end":{"line":322,"character":0}},"code":0,"severity":2,"source":"Linter","message":"W0003 Local variable CCODTITU never used"},{"range":{"start":{"line":320,"character":0},"end":{"line":321,"character":0}},"code":0,"severity":2,"source":"Linter","message":"W0003 Local variable LGRAVOU never used"}]}}

Content-Length: 11640

{"jsonrpc":"2.0","id":135,"result":[{"name":"rwmake.ch","kind":1,"range":{"start":{"line":0,"character":10},"end":{"line":0,"character":19}},"selectionRange":{"start":{"line":0,"character":10},"end":{"line":0,"character":19}},"children":[]},{"name":"protheus.ch","kind":1,"range":{"start":{"line":1,"character":10},"end":{"line":1,"character":21}},"selectionRange":{"start":{"line":1,"character":10},"end":{"line":1,"character":21}},"children":[]},{"name":"topconn.ch","kind":1,"range":{"start":{"line":2,"character":10},"end":{"line":2,"character":20}},"selectionRange":{"start":{"line":2,"character":10},"end":{"line":2,"character":20}},"children":[]},{"name":"gmt103fim","detail":"","kind":12,"range":{"start":{"line":28,"character":0},"end":{"line":257,"character":0}},"selectionRange":{"start":{"line":28,"character":0},"end":{"line":257,"character":0}},"children":[{"name":"aGMT103FIM","detail":"GetArea()","kind":13,"range":{"start":{"line":33,"character":6},"end":{"line":33,"character":18}},"selectionRange":{"start":{"line":33,"character":6},"end":{"line":33,"character":18}},"children":[]},{"name":"cQuery","detail":"\"\"","kind":13,"range":{"start":{"line":34,"character":6},"end":{"line":34,"character":14}},"selectionRange":{"start":{"line":34,"character":6},"end":{"line":34,"character":14}},"children":[]},{"name":"nOpcao","detail":"PARAMIXB[1]","kind":13,"range":{"start":{"line":35,"character":6},"end":{"line":35,"character":14}},"selectionRange":{"start":{"line":35,"character":6},"end":{"line":35,"character":14}},"children":[]},{"name":"nConfirma","detail":"PARAMIXB[2]","kind":13,"range":{"start":{"line":36,"character":6},"end":{"line":36,"character":17}},"selectionRange":{"start":{"line":36,"character":6},"end":{"line":36,"character":17}},"children":[]},{"name":"Usuario","detail":"\"\"","kind":13,"range":{"start":{"line":37,"character":6},"end":{"line":37,"character":15}},"selectionRange":{"start":{"line":37,"character":6},"end":{"line":37,"character":15}},"children":[]},{"name":"xInvoice","detail":"\"          \"","kind":13,"range":{"start":{"line":38,"character":6},"end":{"line":38,"character":16}},"selectionRange":{"start":{"line":38,"character":6},"end":{"line":38,"character":16}},"children":[]},{"name":"xNatCC","detail":"\"          \"","kind":13,"range":{"start":{"line":39,"character":6},"end":{"line":39,"character":14}},"selectionRange":{"start":{"line":39,"character":6},"end":{"line":39,"character":14}},"children":[]},{"name":"oEdit1","detail":"","kind":13,"range":{"start":{"line":40,"character":6},"end":{"line":40,"character":14}},"selectionRange":{"start":{"line":40,"character":6},"end":{"line":40,"character":14}},"children":[]},{"name":"oEdit2","detail":"","kind":13,"range":{"start":{"line":41,"character":6},"end":{"line":41,"character":14}},"selectionRange":{"start":{"line":41,"character":6},"end":{"line":41,"character":14}},"children":[]},{"name":"aTpCC","detail":"{}","kind":13,"range":{"start":{"line":42,"character":6},"end":{"line":42,"character":13}},"selectionRange":{"start":{"line":42,"character":6},"end":{"line":42,"character":13}},"children":[]}]},{"name":"swapagaprov","detail":"","kind":12,"range":{"start":{"line":258,"character":0},"end":{"line":292,"character":0}},"selectionRange":{"start":{"line":258,"character":0},"end":{"line":292,"character":0}},"children":[{"name":"_oInforFin","detail":" [private]","kind":13,"range":{"start":{"line":264,"character":8},"end":{"line":264,"character":20}},"selectionRange":{"start":{"line":264,"character":8},"end":{"line":264,"character":20}},"children":[]},{"name":"OOK","detail":"LoadBitmap(GetR... [private]","kind":13,"range":{"start":{"line":266,"character":8},"end":{"line":266,"character":13}},"selectionRange":{"start":{"line":266,"character":8},"end":{"line":266,"character":13}},"children":[]},{"name":"ONO","detail":"LoadBitmap(GetR... [private]","kind":13,"range":{"start":{"line":267,"character":8},"end":{"line":267,"character":13}},"selectionRange":{"start":{"line":267,"character":8},"end":{"line":267,"character":13}},"children":[]},{"name":"aListBoxFin","detail":"{} [private]","kind":13,"range":{"start":{"line":270,"character":8},"end":{"line":270,"character":21}},"selectionRange":{"start":{"line":270,"character":8},"end":{"line":270,"character":21}},"children":[]},{"name":"oListBoxFin","detail":" [private]","kind":13,"range":{"start":{"line":271,"character":8},"end":{"line":271,"character":21}},"selectionRange":{"start":{"line":271,"character":8},"end":{"line":271,"character":21}},"children":[]}]},{"name":"fclickmark","detail":"","kind":12,"range":{"start":{"line":293,"character":0},"end":{"line":313,"character":0}},"selectionRange":{"start":{"line":293,"character":0},"end":{"line":313,"character":0}},"children":[{"name":"nLinha","detail":" [parameter]","kind":26,"range":{"start":{"line":293,"character":27},"end":{"line":293,"character":33}},"selectionRange":{"start":{"line":293,"character":27},"end":{"line":293,"character":33}},"children":[]},{"name":"_NI","detail":"0","kind":13,"range":{"start":{"line":299,"character":6},"end":{"line":299,"character":11}},"selectionRange":{"start":{"line":299,"character":6},"end":{"line":299,"character":11}},"children":[]}]},{"name":"fdelpro","detail":"","kind":12,"range":{"start":{"line":314,"character":0},"end":{"line":340,"character":0}},"selectionRange":{"start":{"line":314,"character":0},"end":{"line":340,"character":0}},"children":[{"name":"lGravou","detail":".F.","kind":13,"range":{"start":{"line":320,"character":6},"end":{"line":320,"character":15}},"selectionRange":{"start":{"line":320,"character":6},"end":{"line":320,"character":15}},"children":[]},{"name":"cCodTitu","detail":"\"\"","kind":13,"range":{"start":{"line":321,"character":6},"end":{"line":321,"character":16}},"selectionRange":{"start":{"line":321,"character":6},"end":{"line":321,"character":16}},"children":[]},{"name":"nX","detail":"0","kind":13,"range":{"start":{"line":322,"character":6},"end":{"line":322,"character":10}},"selectionRange":{"start":{"line":322,"character":6},"end":{"line":322,"character":10}},"children":[]}]},{"name":"flistfin1","detail":"","kind":12,"range":{"start":{"line":341,"character":0},"end":{"line":410,"character":0}},"selectionRange":{"start":{"line":341,"character":0},"end":{"line":410,"character":0}},"children":[]},{"name":"qmt103impt","detail":"","kind":12,"range":{"start":{"line":411,"character":0},"end":{"line":532,"character":0}},"selectionRange":{"start":{"line":411,"character":0},"end":{"line":532,"character":0}},"children":[{"name":"aArea","detail":"GetArea()","kind":13,"range":{"start":{"line":418,"character":7},"end":{"line":418,"character":14}},"selectionRange":{"start":{"line":418,"character":7},"end":{"line":418,"character":14}},"children":[]},{"name":"aPergs2","detail":"{}","kind":13,"range":{"start":{"line":419,"character":7},"end":{"line":419,"character":16}},"selectionRange":{"start":{"line":419,"character":7},"end":{"line":419,"character":16}},"children":[]},{"name":"aCombo","detail":"{\"\",\"SP\",\"RJ\",\"...","kind":13,"range":{"start":{"line":420,"character":7},"end":{"line":420,"character":15}},"selectionRange":{"start":{"line":420,"character":7},"end":{"line":420,"character":15}},"children":[]},{"name":"aCombo2","detail":"{\"\",\"0= Declara...","kind":13,"range":{"start":{"line":421,"character":7},"end":{"line":421,"character":16}},"selectionRange":{"start":{"line":421,"character":7},"end":{"line":421,"character":16}},"children":[]},{"name":"aCombo3","detail":"{\"\",\"1= Marítim...","kind":13,"range":{"start":{"line":422,"character":7},"end":{"line":422,"character":16}},"selectionRange":{"start":{"line":422,"character":7},"end":{"line":422,"character":16}},"children":[]},{"name":"aCombo4","detail":"{\"\",\"1= Importa...","kind":13,"range":{"start":{"line":423,"character":7},"end":{"line":423,"character":16}},"selectionRange":{"start":{"line":423,"character":7},"end":{"line":423,"character":16}},"children":[]},{"name":"aCombo5","detail":"{\"\",\"0= Execurt...","kind":13,"range":{"start":{"line":424,"character":7},"end":{"line":424,"character":16}},"selectionRange":{"start":{"line":424,"character":7},"end":{"line":424,"character":16}},"children":[]},{"name":"nTipo","detail":"1","kind":13,"range":{"start":{"line":425,"character":7},"end":{"line":425,"character":14}},"selectionRange":{"start":{"line":425,"character":7},"end":{"line":425,"character":14}},"children":[]},{"name":"dDataDe","detail":"FirstDate(Date(...","kind":13,"range":{"start":{"line":426,"character":7},"end":{"line":426,"character":16}},"selectionRange":{"start":{"line":426,"character":7},"end":{"line":426,"character":16}},"children":[]},{"name":"aPar03","detail":"\"\"","kind":13,"range":{"start":{"line":427,"character":7},"end":{"line":427,"character":15}},"selectionRange":{"start":{"line":427,"character":7},"end":{"line":427,"character":15}},"children":[]},{"name":"aPar04","detail":"\"\"","kind":13,"range":{"start":{"line":428,"character":7},"end":{"line":428,"character":15}},"selectionRange":{"start":{"line":428,"character":7},"end":{"line":428,"character":15}},"children":[]},{"name":"aPar05","detail":"\"\"","kind":13,"range":{"start":{"line":429,"character":7},"end":{"line":429,"character":15}},"selectionRange":{"start":{"line":429,"character":7},"end":{"line":429,"character":15}},"children":[]},{"name":"aPar06","detail":"\"\"","kind":13,"range":{"start":{"line":430,"character":7},"end":{"line":430,"character":15}},"selectionRange":{"start":{"line":430,"character":7},"end":{"line":430,"character":15}},"children":[]},{"name":"aPar07","detail":"\"\"","kind":13,"range":{"start":{"line":431,"character":7},"end":{"line":431,"character":15}},"selectionRange":{"start":{"line":431,"character":7},"end":{"line":431,"character":15}},"children":[]},{"name":"aPar08","detail":"FirstDate(Date(...","kind":13,"range":{"start":{"line":432,"character":7},"end":{"line":432,"character":15}},"selectionRange":{"start":{"line":432,"character":7},"end":{"line":432,"character":15}},"children":[]},{"name":"aPar09","detail":"\"\"","kind":13,"range":{"start":{"line":433,"character":7},"end":{"line":433,"character":15}},"selectionRange":{"start":{"line":433,"character":7},"end":{"line":433,"character":15}},"children":[]},{"name":"aPar10","detail":"\"\"","kind":13,"range":{"start":{"line":434,"character":7},"end":{"line":434,"character":15}},"selectionRange":{"start":{"line":434,"character":7},"end":{"line":434,"character":15}},"children":[]},{"name":"aPar11","detail":"FirstDate(Date(...","kind":13,"range":{"start":{"line":435,"character":7},"end":{"line":435,"character":15}},"selectionRange":{"start":{"line":435,"character":7},"end":{"line":435,"character":15}},"children":[]},{"name":"aPar12","detail":"\"\"","kind":13,"range":{"start":{"line":436,"character":7},"end":{"line":436,"character":15}},"selectionRange":{"start":{"line":436,"character":7},"end":{"line":436,"character":15}},"children":[]},{"name":"aPar13","detail":"\"\"","kind":13,"range":{"start":{"line":437,"character":7},"end":{"line":437,"character":15}},"selectionRange":{"start":{"line":437,"character":7},"end":{"line":437,"character":15}},"children":[]},{"name":"aPar14","detail":"\"\"","kind":13,"range":{"start":{"line":438,"character":7},"end":{"line":438,"character":15}},"selectionRange":{"start":{"line":438,"character":7},"end":{"line":438,"character":15}},"children":[]},{"name":"aPar15","detail":"\"\"","kind":13,"range":{"start":{"line":439,"character":7},"end":{"line":439,"character":15}},"selectionRange":{"start":{"line":439,"character":7},"end":{"line":439,"character":15}},"children":[]}]}]}

Content-Length: 1072

{"jsonrpc":"2.0","id":136,"result":{"data":[28,0,4,20,0,24,61,4,20,0,9,66,4,20,0,14,4,7,20,0,1,4,7,20,0,51,1,7,20,0,0,31,3,20,0,15,2,7,20,0,34,2,6,20,0,0,7,8,20,0,0,15,5,20,0,0,44,4,20,0,0,73,5,20,0,2,72,5,20,0,0,9,5,20,0,0,6,2,20,0,3,37,3,20,0,0,60,4,20,0,0,37,5,20,0,0,16,5,20,0,0,6,2,20,0,1,37,5,20,0,0,13,3,20,0,0,13,4,20,0,0,37,5,20,0,0,16,5,20,0,0,6,2,20,0,2,37,3,20,0,0,41,4,20,0,0,37,5,20,0,0,16,5,20,0,0,6,2,20,0,1,37,10,20,0,0,18,3,20,0,0,11,5,20,0,0,12,4,20,0,0,37,5,20,0,0,16,5,20,0,0,6,2,20,0,2,37,6,20,0,0,12,4,20,0,0,37,6,20,0,0,21,5,20,0,0,6,2,20,0,1,2,8,20,0,0,9,8,20,0,0,15,8,20,0,2,2,7,20,0,0,33,3,20,0,13,4,7,20,0,1,4,7,20,0,32,1,7,20,0,0,29,3,20,0,22,0,4,20,0,15,0,6,20,0,0,7,8,20,0,0,20,5,20,0,0,38,4,20,0,0,72,5,20,0,3,35,6,20,0,0,18,4,20,0,0,37,6,20,0,0,7,5,20,0,0,19,5,20,0,0,6,2,20,0,1,35,6,20,0,0,16,4,20,0,0,39,6,20,0,0,17,5,20,0,0,19,5,20,0,0,6,2,20,0,2,36,7,20,0,0,20,6,20,0,1,2,6,20,0,1,2,4,20,0,0,37,2,20,0,0,14,5,20,0,1,2,8,20,0,7,0,8,20,0,0,9,8,20,0,0,20,8,20,0,122,0,4,20,0,42,56,5,20,0,1,60,5,20,0,2,60,5,20,0,2,75,5,20,0,3,64,5,20,0]}}

Content-Length: 706

{"jsonrpc":"2.0","id":137,"result":[{"range":{"start":{"line":0,"character":10},"end":{"line":0,"character":19}},"target":"file:///d%3A\\totvs%2012\\microsiga\\protheus\\include\\rwmake.ch","tooltip":"d:\\totvs 12\\microsiga\\protheus\\include\\rwmake.ch"},{"range":{"start":{"line":1,"character":10},"end":{"line":1,"character":21}},"target":"file:///d%3A\\totvs%2012\\microsiga\\protheus\\include\\protheus.ch","tooltip":"d:\\totvs 12\\microsiga\\protheus\\include\\protheus.ch"},{"range":{"start":{"line":2,"character":10},"end":{"line":2,"character":20}},"target":"file:///d%3A\\totvs%2012\\microsiga\\protheus\\include\\topconn.ch","tooltip":"d:\\totvs 12\\microsiga\\protheus\\include\\topconn.ch"}]}

Content-Length: 2660

{"jsonrpc":"2.0","id":138,"result":[{"range":{"start":{"line":28,"character":0},"end":{"line":257,"character":0}},"command":{"title":"0 reference","command":"advpl.showXrefs","arguments":["function","file:///d%3A/totvs%2012/microsiga/protheus/projetovscode/03_CONEX%C3%83ONFE/GMT103FIM.PRW",{"line":28,"character":0},[]]}},{"range":{"start":{"line":258,"character":0},"end":{"line":292,"character":0}},"command":{"title":"1 reference","command":"advpl.showXrefs","arguments":["function","file:///d%3A/totvs%2012/microsiga/protheus/projetovscode/03_CONEX%C3%83ONFE/GMT103FIM.PRW",{"line":258,"character":0},[{"uri":"file:///d%3A/totvs%2012/microsiga/protheus/projetovscode/03_CONEX%C3%83ONFE/GMT103FIM.PRW","range":{"start":{"line":242,"character":3},"end":{"line":242,"character":16}}}]]}},{"range":{"start":{"line":293,"character":0},"end":{"line":313,"character":0}},"command":{"title":"1 reference","command":"advpl.showXrefs","arguments":["function","file:///d%3A/totvs%2012/microsiga/protheus/projetovscode/03_CONEX%C3%83ONFE/GMT103FIM.PRW",{"line":293,"character":0},[{"uri":"file:///d%3A/totvs%2012/microsiga/protheus/projetovscode/03_CONEX%C3%83ONFE/GMT103FIM.PRW","range":{"start":{"line":284,"character":32},"end":{"line":284,"character":42}}}]]}},{"range":{"start":{"line":314,"character":0},"end":{"line":340,"character":0}},"command":{"title":"1 reference","command":"advpl.showXrefs","arguments":["function","file:///d%3A/totvs%2012/microsiga/protheus/projetovscode/03_CONEX%C3%83ONFE/GMT103FIM.PRW",{"line":314,"character":0},[{"uri":"file:///d%3A/totvs%2012/microsiga/protheus/projetovscode/03_CONEX%C3%83ONFE/GMT103FIM.PRW","range":{"start":{"line":277,"character":97},"end":{"line":277,"character":104}}}]]}},{"range":{"start":{"line":341,"character":0},"end":{"line":410,"character":0}},"command":{"title":"1 reference","command":"advpl.showXrefs","arguments":["function","file:///d%3A/totvs%2012/microsiga/protheus/projetovscode/03_CONEX%C3%83ONFE/GMT103FIM.PRW",{"line":341,"character":0},[{"uri":"file:///d%3A/totvs%2012/microsiga/protheus/projetovscode/03_CONEX%C3%83ONFE/GMT103FIM.PRW","range":{"start":{"line":287,"character":1},"end":{"line":287,"character":10}}}]]}},{"range":{"start":{"line":411,"character":0},"end":{"line":532,"character":0}},"command":{"title":"1 reference","command":"advpl.showXrefs","arguments":["function","file:///d%3A/totvs%2012/microsiga/protheus/projetovscode/03_CONEX%C3%83ONFE/GMT103FIM.PRW",{"line":411,"character":0},[{"uri":"file:///d%3A/totvs%2012/microsiga/protheus/projetovscode/03_CONEX%C3%83ONFE/GMT103FIM.PRW","range":{"start":{"line":91,"character":2},"end":{"line":91,"character":14}}}]]}}]}

Content-Length: 51

{"jsonrpc":"2.0","id":139,"result":{"contents":[]}}

Content-Length: 91

{"jsonrpc":"2.0","id":140,"result":{"contents":["*local* **nConfirma** *:= PARAMIXB[2]*"]}}

Content-Length: 93

{"jsonrpc":"2.0","id":141,"result":{"contents":["*local* **xInvoice** *:= \"          \"*"]}}

Content-Length: 51

{"jsonrpc":"2.0","id":142,"result":{"contents":[]}}

Content-Length: 88

{"jsonrpc":"2.0","id":143,"result":{"contents":["*local* **nOpcao** *:= PARAMIXB[1]*"]}}

Content-Length: 51

{"jsonrpc":"2.0","id":144,"result":{"contents":[]}}

Content-Length: 51

{"jsonrpc":"2.0","id":145,"result":{"contents":[]}}

Content-Length: 88

{"jsonrpc":"2.0","id":146,"result":{"contents":["*local* **nOpcao** *:= PARAMIXB[1]*"]}}

Content-Length: 88

{"jsonrpc":"2.0","id":147,"result":{"contents":["*local* **nOpcao** *:= PARAMIXB[1]*"]}}

Content-Length: 91

{"jsonrpc":"2.0","id":148,"result":{"contents":["*local* **nConfirma** *:= PARAMIXB[2]*"]}}

Content-Length: 51

{"jsonrpc":"2.0","id":149,"result":{"contents":[]}}

Content-Length: 51

{"jsonrpc":"2.0","id":150,"result":{"contents":[]}}

Content-Length: 51

{"jsonrpc":"2.0","id":151,"result":{"contents":[]}}

Content-Length: 51

{"jsonrpc":"2.0","id":152,"result":{"contents":[]}}

Content-Length: 51

{"jsonrpc":"2.0","id":153,"result":{"contents":[]}}

Content-Length: 51

{"jsonrpc":"2.0","id":154,"result":{"contents":[]}}

Content-Length: 51

{"jsonrpc":"2.0","id":155,"result":{"contents":[]}}

Content-Length: 51

{"jsonrpc":"2.0","id":156,"result":{"contents":[]}}

Content-Length: 51

{"jsonrpc":"2.0","id":157,"result":{"contents":[]}}

Content-Length: 51

{"jsonrpc":"2.0","id":158,"result":{"contents":[]}}

Content-Length: 51

{"jsonrpc":"2.0","id":159,"result":{"contents":[]}}

Content-Length: 51

{"jsonrpc":"2.0","id":160,"result":{"contents":[]}}

Content-Length: 51

{"jsonrpc":"2.0","id":161,"result":{"contents":[]}}

Content-Length: 51

{"jsonrpc":"2.0","id":162,"result":{"contents":[]}}

Content-Length: 51

{"jsonrpc":"2.0","id":163,"result":{"contents":[]}}

Content-Length: 51

{"jsonrpc":"2.0","id":164,"result":{"contents":[]}}

Content-Length: 2660

{"jsonrpc":"2.0","id":165,"result":[{"range":{"start":{"line":28,"character":0},"end":{"line":257,"character":0}},"command":{"title":"0 reference","command":"advpl.showXrefs","arguments":["function","file:///d%3A/totvs%2012/microsiga/protheus/projetovscode/03_CONEX%C3%83ONFE/GMT103FIM.PRW",{"line":28,"character":0},[]]}},{"range":{"start":{"line":258,"character":0},"end":{"line":292,"character":0}},"command":{"title":"1 reference","command":"advpl.showXrefs","arguments":["function","file:///d%3A/totvs%2012/microsiga/protheus/projetovscode/03_CONEX%C3%83ONFE/GMT103FIM.PRW",{"line":258,"character":0},[{"uri":"file:///d%3A/totvs%2012/microsiga/protheus/projetovscode/03_CONEX%C3%83ONFE/GMT103FIM.PRW","range":{"start":{"line":242,"character":3},"end":{"line":242,"character":16}}}]]}},{"range":{"start":{"line":293,"character":0},"end":{"line":313,"character":0}},"command":{"title":"1 reference","command":"advpl.showXrefs","arguments":["function","file:///d%3A/totvs%2012/microsiga/protheus/projetovscode/03_CONEX%C3%83ONFE/GMT103FIM.PRW",{"line":293,"character":0},[{"uri":"file:///d%3A/totvs%2012/microsiga/protheus/projetovscode/03_CONEX%C3%83ONFE/GMT103FIM.PRW","range":{"start":{"line":284,"character":32},"end":{"line":284,"character":42}}}]]}},{"range":{"start":{"line":314,"character":0},"end":{"line":340,"character":0}},"command":{"title":"1 reference","command":"advpl.showXrefs","arguments":["function","file:///d%3A/totvs%2012/microsiga/protheus/projetovscode/03_CONEX%C3%83ONFE/GMT103FIM.PRW",{"line":314,"character":0},[{"uri":"file:///d%3A/totvs%2012/microsiga/protheus/projetovscode/03_CONEX%C3%83ONFE/GMT103FIM.PRW","range":{"start":{"line":277,"character":97},"end":{"line":277,"character":104}}}]]}},{"range":{"start":{"line":341,"character":0},"end":{"line":410,"character":0}},"command":{"title":"1 reference","command":"advpl.showXrefs","arguments":["function","file:///d%3A/totvs%2012/microsiga/protheus/projetovscode/03_CONEX%C3%83ONFE/GMT103FIM.PRW",{"line":341,"character":0},[{"uri":"file:///d%3A/totvs%2012/microsiga/protheus/projetovscode/03_CONEX%C3%83ONFE/GMT103FIM.PRW","range":{"start":{"line":287,"character":1},"end":{"line":287,"character":10}}}]]}},{"range":{"start":{"line":411,"character":0},"end":{"line":532,"character":0}},"command":{"title":"1 reference","command":"advpl.showXrefs","arguments":["function","file:///d%3A/totvs%2012/microsiga/protheus/projetovscode/03_CONEX%C3%83ONFE/GMT103FIM.PRW",{"line":411,"character":0},[{"uri":"file:///d%3A/totvs%2012/microsiga/protheus/projetovscode/03_CONEX%C3%83ONFE/GMT103FIM.PRW","range":{"start":{"line":91,"character":2},"end":{"line":91,"character":14}}}]]}}]}

Content-Length: 51

{"jsonrpc":"2.0","id":166,"result":{"contents":[]}}

Content-Length: 51

{"jsonrpc":"2.0","id":167,"result":{"contents":[]}}

Content-Length: 51

{"jsonrpc":"2.0","id":168,"result":{"contents":[]}}

Content-Length: 51

{"jsonrpc":"2.0","id":169,"result":{"contents":[]}}

Content-Length: 51

{"jsonrpc":"2.0","id":170,"result":{"contents":[]}}

Content-Length: 51

{"jsonrpc":"2.0","id":171,"result":{"contents":[]}}

Content-Length: 51

{"jsonrpc":"2.0","id":172,"result":{"contents":[]}}

Content-Length: 2660

{"jsonrpc":"2.0","id":173,"result":[{"range":{"start":{"line":28,"character":0},"end":{"line":257,"character":0}},"command":{"title":"0 reference","command":"advpl.showXrefs","arguments":["function","file:///d%3A/totvs%2012/microsiga/protheus/projetovscode/03_CONEX%C3%83ONFE/GMT103FIM.PRW",{"line":28,"character":0},[]]}},{"range":{"start":{"line":258,"character":0},"end":{"line":292,"character":0}},"command":{"title":"1 reference","command":"advpl.showXrefs","arguments":["function","file:///d%3A/totvs%2012/microsiga/protheus/projetovscode/03_CONEX%C3%83ONFE/GMT103FIM.PRW",{"line":258,"character":0},[{"uri":"file:///d%3A/totvs%2012/microsiga/protheus/projetovscode/03_CONEX%C3%83ONFE/GMT103FIM.PRW","range":{"start":{"line":242,"character":3},"end":{"line":242,"character":16}}}]]}},{"range":{"start":{"line":293,"character":0},"end":{"line":313,"character":0}},"command":{"title":"1 reference","command":"advpl.showXrefs","arguments":["function","file:///d%3A/totvs%2012/microsiga/protheus/projetovscode/03_CONEX%C3%83ONFE/GMT103FIM.PRW",{"line":293,"character":0},[{"uri":"file:///d%3A/totvs%2012/microsiga/protheus/projetovscode/03_CONEX%C3%83ONFE/GMT103FIM.PRW","range":{"start":{"line":284,"character":32},"end":{"line":284,"character":42}}}]]}},{"range":{"start":{"line":314,"character":0},"end":{"line":340,"character":0}},"command":{"title":"1 reference","command":"advpl.showXrefs","arguments":["function","file:///d%3A/totvs%2012/microsiga/protheus/projetovscode/03_CONEX%C3%83ONFE/GMT103FIM.PRW",{"line":314,"character":0},[{"uri":"file:///d%3A/totvs%2012/microsiga/protheus/projetovscode/03_CONEX%C3%83ONFE/GMT103FIM.PRW","range":{"start":{"line":277,"character":97},"end":{"line":277,"character":104}}}]]}},{"range":{"start":{"line":341,"character":0},"end":{"line":410,"character":0}},"command":{"title":"1 reference","command":"advpl.showXrefs","arguments":["function","file:///d%3A/totvs%2012/microsiga/protheus/projetovscode/03_CONEX%C3%83ONFE/GMT103FIM.PRW",{"line":341,"character":0},[{"uri":"file:///d%3A/totvs%2012/microsiga/protheus/projetovscode/03_CONEX%C3%83ONFE/GMT103FIM.PRW","range":{"start":{"line":287,"character":1},"end":{"line":287,"character":10}}}]]}},{"range":{"start":{"line":411,"character":0},"end":{"line":532,"character":0}},"command":{"title":"1 reference","command":"advpl.showXrefs","arguments":["function","file:///d%3A/totvs%2012/microsiga/protheus/projetovscode/03_CONEX%C3%83ONFE/GMT103FIM.PRW",{"line":411,"character":0},[{"uri":"file:///d%3A/totvs%2012/microsiga/protheus/projetovscode/03_CONEX%C3%83ONFE/GMT103FIM.PRW","range":{"start":{"line":91,"character":2},"end":{"line":91,"character":14}}}]]}}]}

Content-Length: 51

{"jsonrpc":"2.0","id":174,"result":{"contents":[]}}

Content-Length: 90

{"jsonrpc":"2.0","id":175,"result":{"contents":["*local* **aGMT103FIM** *:= GetArea()*"]}}

Content-Length: 90

{"jsonrpc":"2.0","id":176,"result":{"contents":["*local* **aGMT103FIM** *:= GetArea()*"]}}

Content-Length: 90

{"jsonrpc":"2.0","id":177,"result":{"contents":["*local* **aGMT103FIM** *:= GetArea()*"]}}

Content-Length: 51

{"jsonrpc":"2.0","id":178,"result":{"contents":[]}}

Content-Length: 90

{"jsonrpc":"2.0","id":179,"result":{"contents":["*local* **aGMT103FIM** *:= GetArea()*"]}}

Content-Length: 90

{"jsonrpc":"2.0","id":180,"result":{"contents":["*local* **aGMT103FIM** *:= GetArea()*"]}}

Content-Length: 90

{"jsonrpc":"2.0","id":181,"result":{"contents":["*local* **aGMT103FIM** *:= GetArea()*"]}}

Content-Length: 2660

{"jsonrpc":"2.0","id":182,"result":[{"range":{"start":{"line":28,"character":0},"end":{"line":257,"character":0}},"command":{"title":"0 reference","command":"advpl.showXrefs","arguments":["function","file:///d%3A/totvs%2012/microsiga/protheus/projetovscode/03_CONEX%C3%83ONFE/GMT103FIM.PRW",{"line":28,"character":0},[]]}},{"range":{"start":{"line":258,"character":0},"end":{"line":292,"character":0}},"command":{"title":"1 reference","command":"advpl.showXrefs","arguments":["function","file:///d%3A/totvs%2012/microsiga/protheus/projetovscode/03_CONEX%C3%83ONFE/GMT103FIM.PRW",{"line":258,"character":0},[{"uri":"file:///d%3A/totvs%2012/microsiga/protheus/projetovscode/03_CONEX%C3%83ONFE/GMT103FIM.PRW","range":{"start":{"line":242,"character":3},"end":{"line":242,"character":16}}}]]}},{"range":{"start":{"line":293,"character":0},"end":{"line":313,"character":0}},"command":{"title":"1 reference","command":"advpl.showXrefs","arguments":["function","file:///d%3A/totvs%2012/microsiga/protheus/projetovscode/03_CONEX%C3%83ONFE/GMT103FIM.PRW",{"line":293,"character":0},[{"uri":"file:///d%3A/totvs%2012/microsiga/protheus/projetovscode/03_CONEX%C3%83ONFE/GMT103FIM.PRW","range":{"start":{"line":284,"character":32},"end":{"line":284,"character":42}}}]]}},{"range":{"start":{"line":314,"character":0},"end":{"line":340,"character":0}},"command":{"title":"1 reference","command":"advpl.showXrefs","arguments":["function","file:///d%3A/totvs%2012/microsiga/protheus/projetovscode/03_CONEX%C3%83ONFE/GMT103FIM.PRW",{"line":314,"character":0},[{"uri":"file:///d%3A/totvs%2012/microsiga/protheus/projetovscode/03_CONEX%C3%83ONFE/GMT103FIM.PRW","range":{"start":{"line":277,"character":97},"end":{"line":277,"character":104}}}]]}},{"range":{"start":{"line":341,"character":0},"end":{"line":410,"character":0}},"command":{"title":"1 reference","command":"advpl.showXrefs","arguments":["function","file:///d%3A/totvs%2012/microsiga/protheus/projetovscode/03_CONEX%C3%83ONFE/GMT103FIM.PRW",{"line":341,"character":0},[{"uri":"file:///d%3A/totvs%2012/microsiga/protheus/projetovscode/03_CONEX%C3%83ONFE/GMT103FIM.PRW","range":{"start":{"line":287,"character":1},"end":{"line":287,"character":10}}}]]}},{"range":{"start":{"line":411,"character":0},"end":{"line":532,"character":0}},"command":{"title":"1 reference","command":"advpl.showXrefs","arguments":["function","file:///d%3A/totvs%2012/microsiga/protheus/projetovscode/03_CONEX%C3%83ONFE/GMT103FIM.PRW",{"line":411,"character":0},[{"uri":"file:///d%3A/totvs%2012/microsiga/protheus/projetovscode/03_CONEX%C3%83ONFE/GMT103FIM.PRW","range":{"start":{"line":91,"character":2},"end":{"line":91,"character":14}}}]]}}]}

Content-Length: 186

{"jsonrpc":"2.0","method":"textDocument/publishDiagnostics","params":{"uri":"file:///d%3A/totvs%2012/microsiga/protheus/projetovscode/03_conex%C3%83onfe/gmt103fim.prw","diagnostics":[]}}

Content-Length: 186

{"jsonrpc":"2.0","method":"textDocument/publishDiagnostics","params":{"uri":"file:///d%3A/totvs%2012/microsiga/protheus/projetovscode/03_CONEX%C3%83ONFE/M145ARDEL.prw","diagnostics":[]}}

Content-Length: 679

{"jsonrpc":"2.0","id":183,"result":[{"name":"Protheus.ch","kind":1,"range":{"start":{"line":0,"character":10},"end":{"line":0,"character":21}},"selectionRange":{"start":{"line":0,"character":10},"end":{"line":0,"character":21}},"children":[]},{"name":"m145ardel","detail":"","kind":12,"range":{"start":{"line":11,"character":0},"end":{"line":22,"character":0}},"selectionRange":{"start":{"line":11,"character":0},"end":{"line":22,"character":0}},"children":[{"name":"lRet","detail":".T.","kind":13,"range":{"start":{"line":12,"character":6},"end":{"line":12,"character":12}},"selectionRange":{"start":{"line":12,"character":6},"end":{"line":12,"character":12}},"children":[]}]}]}

Content-Length: 58

{"jsonrpc":"2.0","id":184,"result":{"data":[11,0,4,20,0]}}

Content-Length: 262

{"jsonrpc":"2.0","id":185,"result":[{"range":{"start":{"line":0,"character":10},"end":{"line":0,"character":21}},"target":"file:///d%3A\\totvs%2012\\microsiga\\protheus\\include\\Protheus.ch","tooltip":"d:\\totvs 12\\microsiga\\protheus\\include\\Protheus.ch"}]}

Content-Length: 323

{"jsonrpc":"2.0","id":186,"result":[{"range":{"start":{"line":11,"character":0},"end":{"line":22,"character":0}},"command":{"title":"0 reference","command":"advpl.showXrefs","arguments":["function","file:///d%3A/totvs%2012/microsiga/protheus/projetovscode/03_CONEX%C3%83ONFE/M145ARDEL.prw",{"line":11,"character":0},[]]}}]}

Content-Length: 186

{"jsonrpc":"2.0","method":"textDocument/publishDiagnostics","params":{"uri":"file:///d%3A/totvs%2012/microsiga/protheus/projetovscode/03_conex%C3%83onfe/m145ardel.prw","diagnostics":[]}}

Content-Length: 185

{"jsonrpc":"2.0","method":"textDocument/publishDiagnostics","params":{"uri":"file:///d%3A/totvs%2012/microsiga/protheus/projetovscode/03_CONEX%C3%83ONFE/MT103CPS.PRW","diagnostics":[]}}

Content-Length: 252

{"jsonrpc":"2.0","id":187,"result":[{"name":"mt103cps","detail":"","kind":12,"range":{"start":{"line":0,"character":0},"end":{"line":10,"character":0}},"selectionRange":{"start":{"line":0,"character":0},"end":{"line":10,"character":0}},"children":[]}]}

Content-Length: 57

{"jsonrpc":"2.0","id":188,"result":{"data":[0,0,4,20,0]}}

Content-Length: 38

{"jsonrpc":"2.0","id":189,"result":[]}

Content-Length: 320

{"jsonrpc":"2.0","id":190,"result":[{"range":{"start":{"line":0,"character":0},"end":{"line":10,"character":0}},"command":{"title":"0 reference","command":"advpl.showXrefs","arguments":["function","file:///d%3A/totvs%2012/microsiga/protheus/projetovscode/03_CONEX%C3%83ONFE/MT103CPS.PRW",{"line":0,"character":0},[]]}}]}

Content-Length: 185

{"jsonrpc":"2.0","method":"textDocument/publishDiagnostics","params":{"uri":"file:///d%3A/totvs%2012/microsiga/protheus/projetovscode/03_conex%C3%83onfe/mt103cps.prw","diagnostics":[]}}

Content-Length: 185

{"jsonrpc":"2.0","method":"textDocument/publishDiagnostics","params":{"uri":"file:///d%3A/totvs%2012/microsiga/protheus/projetovscode/03_CONEX%C3%83ONFE/MT103CWH.PRW","diagnostics":[]}}

Content-Length: 465

{"jsonrpc":"2.0","id":191,"result":[{"name":"mt103cwh","detail":"","kind":12,"range":{"start":{"line":7,"character":0},"end":{"line":12,"character":0}},"selectionRange":{"start":{"line":7,"character":0},"end":{"line":12,"character":0}},"children":[{"name":"lRet","detail":".T.","kind":13,"range":{"start":{"line":8,"character":7},"end":{"line":8,"character":13}},"selectionRange":{"start":{"line":8,"character":7},"end":{"line":8,"character":13}},"children":[]}]}]}

Content-Length: 57

{"jsonrpc":"2.0","id":192,"result":{"data":[7,0,4,20,0]}}

Content-Length: 38

{"jsonrpc":"2.0","id":193,"result":[]}

Content-Length: 320

{"jsonrpc":"2.0","id":194,"result":[{"range":{"start":{"line":7,"character":0},"end":{"line":12,"character":0}},"command":{"title":"0 reference","command":"advpl.showXrefs","arguments":["function","file:///d%3A/totvs%2012/microsiga/protheus/projetovscode/03_CONEX%C3%83ONFE/MT103CWH.PRW",{"line":7,"character":0},[]]}}]}

Content-Length: 185

{"jsonrpc":"2.0","method":"textDocument/publishDiagnostics","params":{"uri":"file:///d%3A/totvs%2012/microsiga/protheus/projetovscode/03_conex%C3%83onfe/mt103cwh.prw","diagnostics":[]}}

Content-Length: 185

{"jsonrpc":"2.0","method":"textDocument/publishDiagnostics","params":{"uri":"file:///d%3A/totvs%2012/microsiga/protheus/projetovscode/03_CONEX%C3%83ONFE/MT103IP2.prw","diagnostics":[]}}

Content-Length: 250

{"jsonrpc":"2.0","id":195,"result":[{"name":"mt103ip2","detail":"","kind":12,"range":{"start":{"line":6,"character":0},"end":{"line":8,"character":0}},"selectionRange":{"start":{"line":6,"character":0},"end":{"line":8,"character":0}},"children":[]}]}

Content-Length: 57

{"jsonrpc":"2.0","id":196,"result":{"data":[6,0,4,20,0]}}

Content-Length: 38

{"jsonrpc":"2.0","id":197,"result":[]}

Content-Length: 319

{"jsonrpc":"2.0","id":198,"result":[{"range":{"start":{"line":6,"character":0},"end":{"line":8,"character":0}},"command":{"title":"0 reference","command":"advpl.showXrefs","arguments":["function","file:///d%3A/totvs%2012/microsiga/protheus/projetovscode/03_CONEX%C3%83ONFE/MT103IP2.prw",{"line":6,"character":0},[]]}}]}

Content-Length: 185

{"jsonrpc":"2.0","method":"textDocument/publishDiagnostics","params":{"uri":"file:///d%3A/totvs%2012/microsiga/protheus/projetovscode/03_conex%C3%83onfe/mt103ip2.prw","diagnostics":[]}}

Content-Length: 185

{"jsonrpc":"2.0","method":"textDocument/publishDiagnostics","params":{"uri":"file:///d%3A/totvs%2012/microsiga/protheus/projetovscode/03_CONEX%C3%83ONFE/MT116AGR.prw","diagnostics":[]}}

Content-Length: 457

{"jsonrpc":"2.0","id":199,"result":[{"name":"Protheus.ch","kind":1,"range":{"start":{"line":0,"character":10},"end":{"line":0,"character":21}},"selectionRange":{"start":{"line":0,"character":10},"end":{"line":0,"character":21}},"children":[]},{"name":"mt116agr","detail":"","kind":12,"range":{"start":{"line":2,"character":0},"end":{"line":6,"character":0}},"selectionRange":{"start":{"line":2,"character":0},"end":{"line":6,"character":0}},"children":[]}]}

Content-Length: 57

{"jsonrpc":"2.0","id":200,"result":{"data":[2,0,4,20,0]}}

Content-Length: 262

{"jsonrpc":"2.0","id":201,"result":[{"range":{"start":{"line":0,"character":10},"end":{"line":0,"character":21}},"target":"file:///d%3A\\totvs%2012\\microsiga\\protheus\\include\\Protheus.ch","tooltip":"d:\\totvs 12\\microsiga\\protheus\\include\\Protheus.ch"}]}

Content-Length: 319

{"jsonrpc":"2.0","id":202,"result":[{"range":{"start":{"line":2,"character":0},"end":{"line":6,"character":0}},"command":{"title":"0 reference","command":"advpl.showXrefs","arguments":["function","file:///d%3A/totvs%2012/microsiga/protheus/projetovscode/03_CONEX%C3%83ONFE/MT116AGR.prw",{"line":2,"character":0},[]]}}]}

Content-Length: 185

{"jsonrpc":"2.0","method":"textDocument/publishDiagnostics","params":{"uri":"file:///d%3A/totvs%2012/microsiga/protheus/projetovscode/03_conex%C3%83onfe/mt116agr.prw","diagnostics":[]}}

Content-Length: 185

{"jsonrpc":"2.0","method":"textDocument/publishDiagnostics","params":{"uri":"file:///d%3A/totvs%2012/microsiga/protheus/projetovscode/03_CONEX%C3%83ONFE/MT116GRV.PRW","diagnostics":[]}}

Content-Length: 250

{"jsonrpc":"2.0","id":203,"result":[{"name":"mt116grv","detail":"","kind":12,"range":{"start":{"line":6,"character":0},"end":{"line":8,"character":0}},"selectionRange":{"start":{"line":6,"character":0},"end":{"line":8,"character":0}},"children":[]}]}

Content-Length: 57

{"jsonrpc":"2.0","id":204,"result":{"data":[6,0,4,20,0]}}

Content-Length: 38

{"jsonrpc":"2.0","id":205,"result":[]}

Content-Length: 319

{"jsonrpc":"2.0","id":206,"result":[{"range":{"start":{"line":6,"character":0},"end":{"line":8,"character":0}},"command":{"title":"0 reference","command":"advpl.showXrefs","arguments":["function","file:///d%3A/totvs%2012/microsiga/protheus/projetovscode/03_CONEX%C3%83ONFE/MT116GRV.PRW",{"line":6,"character":0},[]]}}]}

Content-Length: 185

{"jsonrpc":"2.0","method":"textDocument/publishDiagnostics","params":{"uri":"file:///d%3A/totvs%2012/microsiga/protheus/projetovscode/03_conex%C3%83onfe/mt116grv.prw","diagnostics":[]}}

Content-Length: 185

{"jsonrpc":"2.0","method":"textDocument/publishDiagnostics","params":{"uri":"file:///d%3A/totvs%2012/microsiga/protheus/projetovscode/03_CONEX%C3%83ONFE/MT140CAB.PRW","diagnostics":[]}}

Content-Length: 250

{"jsonrpc":"2.0","id":207,"result":[{"name":"mt140cab","detail":"","kind":12,"range":{"start":{"line":7,"character":0},"end":{"line":9,"character":0}},"selectionRange":{"start":{"line":7,"character":0},"end":{"line":9,"character":0}},"children":[]}]}

Content-Length: 57

{"jsonrpc":"2.0","id":208,"result":{"data":[7,0,4,20,0]}}

Content-Length: 38

{"jsonrpc":"2.0","id":209,"result":[]}

Content-Length: 319

{"jsonrpc":"2.0","id":210,"result":[{"range":{"start":{"line":7,"character":0},"end":{"line":9,"character":0}},"command":{"title":"0 reference","command":"advpl.showXrefs","arguments":["function","file:///d%3A/totvs%2012/microsiga/protheus/projetovscode/03_CONEX%C3%83ONFE/MT140CAB.PRW",{"line":7,"character":0},[]]}}]}

Content-Length: 185

{"jsonrpc":"2.0","method":"textDocument/publishDiagnostics","params":{"uri":"file:///d%3A/totvs%2012/microsiga/protheus/projetovscode/03_conex%C3%83onfe/mt140cab.prw","diagnostics":[]}}

Content-Length: 186

{"jsonrpc":"2.0","method":"textDocument/publishDiagnostics","params":{"uri":"file:///d%3A/totvs%2012/microsiga/protheus/projetovscode/03_CONEX%C3%83ONFE/MTA103MNU.PRW","diagnostics":[]}}

Content-Length: 252

{"jsonrpc":"2.0","id":211,"result":[{"name":"gmta103mnu","detail":"","kind":12,"range":{"start":{"line":7,"character":0},"end":{"line":9,"character":0}},"selectionRange":{"start":{"line":7,"character":0},"end":{"line":9,"character":0}},"children":[]}]}

Content-Length: 57

{"jsonrpc":"2.0","id":212,"result":{"data":[7,0,4,20,0]}}

Content-Length: 38

{"jsonrpc":"2.0","id":213,"result":[]}

Content-Length: 320

{"jsonrpc":"2.0","id":214,"result":[{"range":{"start":{"line":7,"character":0},"end":{"line":9,"character":0}},"command":{"title":"0 reference","command":"advpl.showXrefs","arguments":["function","file:///d%3A/totvs%2012/microsiga/protheus/projetovscode/03_CONEX%C3%83ONFE/MTA103MNU.PRW",{"line":7,"character":0},[]]}}]}

Content-Length: 186

{"jsonrpc":"2.0","method":"textDocument/publishDiagnostics","params":{"uri":"file:///d%3A/totvs%2012/microsiga/protheus/projetovscode/03_conex%C3%83onfe/mta103mnu.prw","diagnostics":[]}}

Content-Length: 185

{"jsonrpc":"2.0","method":"textDocument/publishDiagnostics","params":{"uri":"file:///d%3A/totvs%2012/microsiga/protheus/projetovscode/03_CONEX%C3%83ONFE/MTCOLSE2.PRW","diagnostics":[]}}

Content-Length: 464

{"jsonrpc":"2.0","id":215,"result":[{"name":"mtcolse2","detail":"","kind":12,"range":{"start":{"line":7,"character":0},"end":{"line":15,"character":0}},"selectionRange":{"start":{"line":7,"character":0},"end":{"line":15,"character":0}},"children":[{"name":"aSE2","detail":"{}","kind":13,"range":{"start":{"line":8,"character":6},"end":{"line":8,"character":12}},"selectionRange":{"start":{"line":8,"character":6},"end":{"line":8,"character":12}},"children":[]}]}]}

Content-Length: 57

{"jsonrpc":"2.0","id":216,"result":{"data":[7,0,4,20,0]}}

Content-Length: 38

{"jsonrpc":"2.0","id":217,"result":[]}

Content-Length: 320

{"jsonrpc":"2.0","id":218,"result":[{"range":{"start":{"line":7,"character":0},"end":{"line":15,"character":0}},"command":{"title":"0 reference","command":"advpl.showXrefs","arguments":["function","file:///d%3A/totvs%2012/microsiga/protheus/projetovscode/03_CONEX%C3%83ONFE/MTCOLSE2.PRW",{"line":7,"character":0},[]]}}]}

Content-Length: 185

{"jsonrpc":"2.0","method":"textDocument/publishDiagnostics","params":{"uri":"file:///d%3A/totvs%2012/microsiga/protheus/projetovscode/03_conex%C3%83onfe/mtcolse2.prw","diagnostics":[]}}

Content-Length: 186

{"jsonrpc":"2.0","method":"textDocument/publishDiagnostics","params":{"uri":"file:///d%3A/totvs%2012/microsiga/protheus/projetovscode/03_CONEX%C3%83ONFE/MTA103MNU.PRW","diagnostics":[]}}

Content-Length: 252

{"jsonrpc":"2.0","id":219,"result":[{"name":"gmta103mnu","detail":"","kind":12,"range":{"start":{"line":7,"character":0},"end":{"line":9,"character":0}},"selectionRange":{"start":{"line":7,"character":0},"end":{"line":9,"character":0}},"children":[]}]}

Content-Length: 57

{"jsonrpc":"2.0","id":220,"result":{"data":[7,0,4,20,0]}}

Content-Length: 38

{"jsonrpc":"2.0","id":221,"result":[]}

Content-Length: 320

{"jsonrpc":"2.0","id":222,"result":[{"range":{"start":{"line":7,"character":0},"end":{"line":9,"character":0}},"command":{"title":"0 reference","command":"advpl.showXrefs","arguments":["function","file:///d%3A/totvs%2012/microsiga/protheus/projetovscode/03_CONEX%C3%83ONFE/MTA103MNU.PRW",{"line":7,"character":0},[]]}}]}

Content-Length: 186

{"jsonrpc":"2.0","method":"textDocument/publishDiagnostics","params":{"uri":"file:///d%3A/totvs%2012/microsiga/protheus/projetovscode/03_conex%C3%83onfe/mta103mnu.prw","diagnostics":[]}}

Content-Length: 185

{"jsonrpc":"2.0","method":"textDocument/publishDiagnostics","params":{"uri":"file:///d%3A/totvs%2012/microsiga/protheus/projetovscode/03_CONEX%C3%83ONFE/MT140TOK.prw","diagnostics":[]}}

Content-Length: 463

{"jsonrpc":"2.0","id":223,"result":[{"name":"mt140tok","detail":"","kind":12,"range":{"start":{"line":0,"character":0},"end":{"line":5,"character":0}},"selectionRange":{"start":{"line":0,"character":0},"end":{"line":5,"character":0}},"children":[{"name":"lRet","detail":".T.","kind":13,"range":{"start":{"line":1,"character":7},"end":{"line":1,"character":13}},"selectionRange":{"start":{"line":1,"character":7},"end":{"line":1,"character":13}},"children":[]}]}]}

Content-Length: 57

{"jsonrpc":"2.0","id":224,"result":{"data":[0,0,4,20,0]}}

Content-Length: 38

{"jsonrpc":"2.0","id":225,"result":[]}

Content-Length: 319

{"jsonrpc":"2.0","id":226,"result":[{"range":{"start":{"line":0,"character":0},"end":{"line":5,"character":0}},"command":{"title":"0 reference","command":"advpl.showXrefs","arguments":["function","file:///d%3A/totvs%2012/microsiga/protheus/projetovscode/03_CONEX%C3%83ONFE/MT140TOK.prw",{"line":0,"character":0},[]]}}]}

Content-Length: 185

{"jsonrpc":"2.0","method":"textDocument/publishDiagnostics","params":{"uri":"file:///d%3A/totvs%2012/microsiga/protheus/projetovscode/03_conex%C3%83onfe/mt140tok.prw","diagnostics":[]}}

Content-Length: 185

{"jsonrpc":"2.0","method":"textDocument/publishDiagnostics","params":{"uri":"file:///d%3A/totvs%2012/microsiga/protheus/projetovscode/03_CONEX%C3%83ONFE/MT140SAI.prw","diagnostics":[]}}

Content-Length: 252

{"jsonrpc":"2.0","id":227,"result":[{"name":"mt140sai","detail":"","kind":12,"range":{"start":{"line":7,"character":0},"end":{"line":14,"character":0}},"selectionRange":{"start":{"line":7,"character":0},"end":{"line":14,"character":0}},"children":[]}]}

Content-Length: 57

{"jsonrpc":"2.0","id":228,"result":{"data":[7,0,4,20,0]}}

Content-Length: 38

{"jsonrpc":"2.0","id":229,"result":[]}

Content-Length: 320

{"jsonrpc":"2.0","id":230,"result":[{"range":{"start":{"line":7,"character":0},"end":{"line":14,"character":0}},"command":{"title":"0 reference","command":"advpl.showXrefs","arguments":["function","file:///d%3A/totvs%2012/microsiga/protheus/projetovscode/03_CONEX%C3%83ONFE/MT140SAI.prw",{"line":7,"character":0},[]]}}]}

Content-Length: 185

{"jsonrpc":"2.0","method":"textDocument/publishDiagnostics","params":{"uri":"file:///d%3A/totvs%2012/microsiga/protheus/projetovscode/03_conex%C3%83onfe/mt140sai.prw","diagnostics":[]}}

Content-Length: 185

{"jsonrpc":"2.0","method":"textDocument/publishDiagnostics","params":{"uri":"file:///d%3A/totvs%2012/microsiga/protheus/projetovscode/03_CONEX%C3%83ONFE/MT140LOK.prw","diagnostics":[]}}

Content-Length: 466

{"jsonrpc":"2.0","id":231,"result":[{"name":"gmt140lok","detail":"","kind":12,"range":{"start":{"line":1,"character":0},"end":{"line":12,"character":0}},"selectionRange":{"start":{"line":1,"character":0},"end":{"line":12,"character":0}},"children":[{"name":"lRet","detail":".T.","kind":13,"range":{"start":{"line":2,"character":6},"end":{"line":2,"character":12}},"selectionRange":{"start":{"line":2,"character":6},"end":{"line":2,"character":12}},"children":[]}]}]}

Content-Length: 57

{"jsonrpc":"2.0","id":232,"result":{"data":[1,0,4,20,0]}}

Content-Length: 38

{"jsonrpc":"2.0","id":233,"result":[]}

Content-Length: 320

{"jsonrpc":"2.0","id":234,"result":[{"range":{"start":{"line":1,"character":0},"end":{"line":12,"character":0}},"command":{"title":"0 reference","command":"advpl.showXrefs","arguments":["function","file:///d%3A/totvs%2012/microsiga/protheus/projetovscode/03_CONEX%C3%83ONFE/MT140LOK.prw",{"line":1,"character":0},[]]}}]}

Content-Length: 185

{"jsonrpc":"2.0","method":"textDocument/publishDiagnostics","params":{"uri":"file:///d%3A/totvs%2012/microsiga/protheus/projetovscode/03_conex%C3%83onfe/mt140lok.prw","diagnostics":[]}}

Content-Length: 185

{"jsonrpc":"2.0","method":"textDocument/publishDiagnostics","params":{"uri":"file:///d%3A/totvs%2012/microsiga/protheus/projetovscode/03_CONEX%C3%83ONFE/MT140CAB.PRW","diagnostics":[]}}

Content-Length: 250

{"jsonrpc":"2.0","id":235,"result":[{"name":"mt140cab","detail":"","kind":12,"range":{"start":{"line":7,"character":0},"end":{"line":9,"character":0}},"selectionRange":{"start":{"line":7,"character":0},"end":{"line":9,"character":0}},"children":[]}]}

Content-Length: 57

{"jsonrpc":"2.0","id":236,"result":{"data":[7,0,4,20,0]}}

Content-Length: 38

{"jsonrpc":"2.0","id":237,"result":[]}

Content-Length: 319

{"jsonrpc":"2.0","id":238,"result":[{"range":{"start":{"line":7,"character":0},"end":{"line":9,"character":0}},"command":{"title":"0 reference","command":"advpl.showXrefs","arguments":["function","file:///d%3A/totvs%2012/microsiga/protheus/projetovscode/03_CONEX%C3%83ONFE/MT140CAB.PRW",{"line":7,"character":0},[]]}}]}

Content-Length: 185

{"jsonrpc":"2.0","method":"textDocument/publishDiagnostics","params":{"uri":"file:///d%3A/totvs%2012/microsiga/protheus/projetovscode/03_conex%C3%83onfe/mt140cab.prw","diagnostics":[]}}

Content-Length: 185

{"jsonrpc":"2.0","method":"textDocument/publishDiagnostics","params":{"uri":"file:///d%3A/totvs%2012/microsiga/protheus/projetovscode/03_CONEX%C3%83ONFE/MT116GRV.PRW","diagnostics":[]}}

Content-Length: 250

{"jsonrpc":"2.0","id":239,"result":[{"name":"mt116grv","detail":"","kind":12,"range":{"start":{"line":6,"character":0},"end":{"line":8,"character":0}},"selectionRange":{"start":{"line":6,"character":0},"end":{"line":8,"character":0}},"children":[]}]}

Content-Length: 57

{"jsonrpc":"2.0","id":240,"result":{"data":[6,0,4,20,0]}}

Content-Length: 38

{"jsonrpc":"2.0","id":241,"result":[]}

Content-Length: 319

{"jsonrpc":"2.0","id":242,"result":[{"range":{"start":{"line":6,"character":0},"end":{"line":8,"character":0}},"command":{"title":"0 reference","command":"advpl.showXrefs","arguments":["function","file:///d%3A/totvs%2012/microsiga/protheus/projetovscode/03_CONEX%C3%83ONFE/MT116GRV.PRW",{"line":6,"character":0},[]]}}]}

Content-Length: 185

{"jsonrpc":"2.0","method":"textDocument/publishDiagnostics","params":{"uri":"file:///d%3A/totvs%2012/microsiga/protheus/projetovscode/03_conex%C3%83onfe/mt116grv.prw","diagnostics":[]}}

Content-Length: 185

{"jsonrpc":"2.0","method":"textDocument/publishDiagnostics","params":{"uri":"file:///d%3A/totvs%2012/microsiga/protheus/projetovscode/03_CONEX%C3%83ONFE/MT116AGR.prw","diagnostics":[]}}

Content-Length: 457

{"jsonrpc":"2.0","id":243,"result":[{"name":"Protheus.ch","kind":1,"range":{"start":{"line":0,"character":10},"end":{"line":0,"character":21}},"selectionRange":{"start":{"line":0,"character":10},"end":{"line":0,"character":21}},"children":[]},{"name":"mt116agr","detail":"","kind":12,"range":{"start":{"line":2,"character":0},"end":{"line":6,"character":0}},"selectionRange":{"start":{"line":2,"character":0},"end":{"line":6,"character":0}},"children":[]}]}

Content-Length: 57

{"jsonrpc":"2.0","id":244,"result":{"data":[2,0,4,20,0]}}

Content-Length: 262

{"jsonrpc":"2.0","id":245,"result":[{"range":{"start":{"line":0,"character":10},"end":{"line":0,"character":21}},"target":"file:///d%3A\\totvs%2012\\microsiga\\protheus\\include\\Protheus.ch","tooltip":"d:\\totvs 12\\microsiga\\protheus\\include\\Protheus.ch"}]}

Content-Length: 319

{"jsonrpc":"2.0","id":246,"result":[{"range":{"start":{"line":2,"character":0},"end":{"line":6,"character":0}},"command":{"title":"0 reference","command":"advpl.showXrefs","arguments":["function","file:///d%3A/totvs%2012/microsiga/protheus/projetovscode/03_CONEX%C3%83ONFE/MT116AGR.prw",{"line":2,"character":0},[]]}}]}

Content-Length: 185

{"jsonrpc":"2.0","method":"textDocument/publishDiagnostics","params":{"uri":"file:///d%3A/totvs%2012/microsiga/protheus/projetovscode/03_conex%C3%83onfe/mt116agr.prw","diagnostics":[]}}

Content-Length: 185

{"jsonrpc":"2.0","method":"textDocument/publishDiagnostics","params":{"uri":"file:///d%3A/totvs%2012/microsiga/protheus/projetovscode/03_CONEX%C3%83ONFE/MT103IP2.prw","diagnostics":[]}}

Content-Length: 250

{"jsonrpc":"2.0","id":247,"result":[{"name":"mt103ip2","detail":"","kind":12,"range":{"start":{"line":6,"character":0},"end":{"line":8,"character":0}},"selectionRange":{"start":{"line":6,"character":0},"end":{"line":8,"character":0}},"children":[]}]}

Content-Length: 57

{"jsonrpc":"2.0","id":248,"result":{"data":[6,0,4,20,0]}}

Content-Length: 38

{"jsonrpc":"2.0","id":249,"result":[]}

Content-Length: 319

{"jsonrpc":"2.0","id":250,"result":[{"range":{"start":{"line":6,"character":0},"end":{"line":8,"character":0}},"command":{"title":"0 reference","command":"advpl.showXrefs","arguments":["function","file:///d%3A/totvs%2012/microsiga/protheus/projetovscode/03_CONEX%C3%83ONFE/MT103IP2.prw",{"line":6,"character":0},[]]}}]}

Content-Length: 185

{"jsonrpc":"2.0","method":"textDocument/publishDiagnostics","params":{"uri":"file:///d%3A/totvs%2012/microsiga/protheus/projetovscode/03_conex%C3%83onfe/mt103ip2.prw","diagnostics":[]}}

Content-Length: 185

{"jsonrpc":"2.0","method":"textDocument/publishDiagnostics","params":{"uri":"file:///d%3A/totvs%2012/microsiga/protheus/projetovscode/03_CONEX%C3%83ONFE/MT103CWH.PRW","diagnostics":[]}}

Content-Length: 465

{"jsonrpc":"2.0","id":251,"result":[{"name":"mt103cwh","detail":"","kind":12,"range":{"start":{"line":7,"character":0},"end":{"line":12,"character":0}},"selectionRange":{"start":{"line":7,"character":0},"end":{"line":12,"character":0}},"children":[{"name":"lRet","detail":".T.","kind":13,"range":{"start":{"line":8,"character":7},"end":{"line":8,"character":13}},"selectionRange":{"start":{"line":8,"character":7},"end":{"line":8,"character":13}},"children":[]}]}]}

Content-Length: 57

{"jsonrpc":"2.0","id":252,"result":{"data":[7,0,4,20,0]}}

Content-Length: 38

{"jsonrpc":"2.0","id":253,"result":[]}

Content-Length: 320

{"jsonrpc":"2.0","id":254,"result":[{"range":{"start":{"line":7,"character":0},"end":{"line":12,"character":0}},"command":{"title":"0 reference","command":"advpl.showXrefs","arguments":["function","file:///d%3A/totvs%2012/microsiga/protheus/projetovscode/03_CONEX%C3%83ONFE/MT103CWH.PRW",{"line":7,"character":0},[]]}}]}

Content-Length: 185

{"jsonrpc":"2.0","method":"textDocument/publishDiagnostics","params":{"uri":"file:///d%3A/totvs%2012/microsiga/protheus/projetovscode/03_conex%C3%83onfe/mt103cwh.prw","diagnostics":[]}}

Content-Length: 185

{"jsonrpc":"2.0","method":"textDocument/publishDiagnostics","params":{"uri":"file:///d%3A/totvs%2012/microsiga/protheus/projetovscode/03_CONEX%C3%83ONFE/MT103CPS.PRW","diagnostics":[]}}

Content-Length: 252

{"jsonrpc":"2.0","id":255,"result":[{"name":"mt103cps","detail":"","kind":12,"range":{"start":{"line":0,"character":0},"end":{"line":10,"character":0}},"selectionRange":{"start":{"line":0,"character":0},"end":{"line":10,"character":0}},"children":[]}]}

Content-Length: 57

{"jsonrpc":"2.0","id":256,"result":{"data":[0,0,4,20,0]}}

Content-Length: 38

{"jsonrpc":"2.0","id":257,"result":[]}

Content-Length: 320

{"jsonrpc":"2.0","id":258,"result":[{"range":{"start":{"line":0,"character":0},"end":{"line":10,"character":0}},"command":{"title":"0 reference","command":"advpl.showXrefs","arguments":["function","file:///d%3A/totvs%2012/microsiga/protheus/projetovscode/03_CONEX%C3%83ONFE/MT103CPS.PRW",{"line":0,"character":0},[]]}}]}

Content-Length: 185

{"jsonrpc":"2.0","method":"textDocument/publishDiagnostics","params":{"uri":"file:///d%3A/totvs%2012/microsiga/protheus/projetovscode/03_conex%C3%83onfe/mt103cps.prw","diagnostics":[]}}

Content-Length: 186

{"jsonrpc":"2.0","method":"textDocument/publishDiagnostics","params":{"uri":"file:///d%3A/totvs%2012/microsiga/protheus/projetovscode/03_CONEX%C3%83ONFE/M145ARDEL.prw","diagnostics":[]}}

Content-Length: 679

{"jsonrpc":"2.0","id":259,"result":[{"name":"Protheus.ch","kind":1,"range":{"start":{"line":0,"character":10},"end":{"line":0,"character":21}},"selectionRange":{"start":{"line":0,"character":10},"end":{"line":0,"character":21}},"children":[]},{"name":"m145ardel","detail":"","kind":12,"range":{"start":{"line":11,"character":0},"end":{"line":22,"character":0}},"selectionRange":{"start":{"line":11,"character":0},"end":{"line":22,"character":0}},"children":[{"name":"lRet","detail":".T.","kind":13,"range":{"start":{"line":12,"character":6},"end":{"line":12,"character":12}},"selectionRange":{"start":{"line":12,"character":6},"end":{"line":12,"character":12}},"children":[]}]}]}

Content-Length: 58

{"jsonrpc":"2.0","id":260,"result":{"data":[11,0,4,20,0]}}

Content-Length: 262

{"jsonrpc":"2.0","id":261,"result":[{"range":{"start":{"line":0,"character":10},"end":{"line":0,"character":21}},"target":"file:///d%3A\\totvs%2012\\microsiga\\protheus\\include\\Protheus.ch","tooltip":"d:\\totvs 12\\microsiga\\protheus\\include\\Protheus.ch"}]}

Content-Length: 323

{"jsonrpc":"2.0","id":262,"result":[{"range":{"start":{"line":11,"character":0},"end":{"line":22,"character":0}},"command":{"title":"0 reference","command":"advpl.showXrefs","arguments":["function","file:///d%3A/totvs%2012/microsiga/protheus/projetovscode/03_CONEX%C3%83ONFE/M145ARDEL.prw",{"line":11,"character":0},[]]}}]}

Content-Length: 186

{"jsonrpc":"2.0","method":"textDocument/publishDiagnostics","params":{"uri":"file:///d%3A/totvs%2012/microsiga/protheus/projetovscode/03_conex%C3%83onfe/m145ardel.prw","diagnostics":[]}}

Content-Length: 530

{"jsonrpc":"2.0","method":"textDocument/publishDiagnostics","params":{"uri":"file:///d%3A/totvs%2012/microsiga/protheus/projetovscode/03_CONEX%C3%83ONFE/GMT103FIM.PRW","diagnostics":[{"range":{"start":{"line":321,"character":0},"end":{"line":322,"character":0}},"code":0,"severity":2,"source":"Linter","message":"W0003 Local variable CCODTITU never used"},{"range":{"start":{"line":320,"character":0},"end":{"line":321,"character":0}},"code":0,"severity":2,"source":"Linter","message":"W0003 Local variable LGRAVOU never used"}]}}

Content-Length: 11640

{"jsonrpc":"2.0","id":263,"result":[{"name":"rwmake.ch","kind":1,"range":{"start":{"line":0,"character":10},"end":{"line":0,"character":19}},"selectionRange":{"start":{"line":0,"character":10},"end":{"line":0,"character":19}},"children":[]},{"name":"protheus.ch","kind":1,"range":{"start":{"line":1,"character":10},"end":{"line":1,"character":21}},"selectionRange":{"start":{"line":1,"character":10},"end":{"line":1,"character":21}},"children":[]},{"name":"topconn.ch","kind":1,"range":{"start":{"line":2,"character":10},"end":{"line":2,"character":20}},"selectionRange":{"start":{"line":2,"character":10},"end":{"line":2,"character":20}},"children":[]},{"name":"gmt103fim","detail":"","kind":12,"range":{"start":{"line":28,"character":0},"end":{"line":257,"character":0}},"selectionRange":{"start":{"line":28,"character":0},"end":{"line":257,"character":0}},"children":[{"name":"aGMT103FIM","detail":"GetArea()","kind":13,"range":{"start":{"line":33,"character":6},"end":{"line":33,"character":18}},"selectionRange":{"start":{"line":33,"character":6},"end":{"line":33,"character":18}},"children":[]},{"name":"cQuery","detail":"\"\"","kind":13,"range":{"start":{"line":34,"character":6},"end":{"line":34,"character":14}},"selectionRange":{"start":{"line":34,"character":6},"end":{"line":34,"character":14}},"children":[]},{"name":"nOpcao","detail":"PARAMIXB[1]","kind":13,"range":{"start":{"line":35,"character":6},"end":{"line":35,"character":14}},"selectionRange":{"start":{"line":35,"character":6},"end":{"line":35,"character":14}},"children":[]},{"name":"nConfirma","detail":"PARAMIXB[2]","kind":13,"range":{"start":{"line":36,"character":6},"end":{"line":36,"character":17}},"selectionRange":{"start":{"line":36,"character":6},"end":{"line":36,"character":17}},"children":[]},{"name":"Usuario","detail":"\"\"","kind":13,"range":{"start":{"line":37,"character":6},"end":{"line":37,"character":15}},"selectionRange":{"start":{"line":37,"character":6},"end":{"line":37,"character":15}},"children":[]},{"name":"xInvoice","detail":"\"          \"","kind":13,"range":{"start":{"line":38,"character":6},"end":{"line":38,"character":16}},"selectionRange":{"start":{"line":38,"character":6},"end":{"line":38,"character":16}},"children":[]},{"name":"xNatCC","detail":"\"          \"","kind":13,"range":{"start":{"line":39,"character":6},"end":{"line":39,"character":14}},"selectionRange":{"start":{"line":39,"character":6},"end":{"line":39,"character":14}},"children":[]},{"name":"oEdit1","detail":"","kind":13,"range":{"start":{"line":40,"character":6},"end":{"line":40,"character":14}},"selectionRange":{"start":{"line":40,"character":6},"end":{"line":40,"character":14}},"children":[]},{"name":"oEdit2","detail":"","kind":13,"range":{"start":{"line":41,"character":6},"end":{"line":41,"character":14}},"selectionRange":{"start":{"line":41,"character":6},"end":{"line":41,"character":14}},"children":[]},{"name":"aTpCC","detail":"{}","kind":13,"range":{"start":{"line":42,"character":6},"end":{"line":42,"character":13}},"selectionRange":{"start":{"line":42,"character":6},"end":{"line":42,"character":13}},"children":[]}]},{"name":"swapagaprov","detail":"","kind":12,"range":{"start":{"line":258,"character":0},"end":{"line":292,"character":0}},"selectionRange":{"start":{"line":258,"character":0},"end":{"line":292,"character":0}},"children":[{"name":"_oInforFin","detail":" [private]","kind":13,"range":{"start":{"line":264,"character":8},"end":{"line":264,"character":20}},"selectionRange":{"start":{"line":264,"character":8},"end":{"line":264,"character":20}},"children":[]},{"name":"OOK","detail":"LoadBitmap(GetR... [private]","kind":13,"range":{"start":{"line":266,"character":8},"end":{"line":266,"character":13}},"selectionRange":{"start":{"line":266,"character":8},"end":{"line":266,"character":13}},"children":[]},{"name":"ONO","detail":"LoadBitmap(GetR... [private]","kind":13,"range":{"start":{"line":267,"character":8},"end":{"line":267,"character":13}},"selectionRange":{"start":{"line":267,"character":8},"end":{"line":267,"character":13}},"children":[]},{"name":"aListBoxFin","detail":"{} [private]","kind":13,"range":{"start":{"line":270,"character":8},"end":{"line":270,"character":21}},"selectionRange":{"start":{"line":270,"character":8},"end":{"line":270,"character":21}},"children":[]},{"name":"oListBoxFin","detail":" [private]","kind":13,"range":{"start":{"line":271,"character":8},"end":{"line":271,"character":21}},"selectionRange":{"start":{"line":271,"character":8},"end":{"line":271,"character":21}},"children":[]}]},{"name":"fclickmark","detail":"","kind":12,"range":{"start":{"line":293,"character":0},"end":{"line":313,"character":0}},"selectionRange":{"start":{"line":293,"character":0},"end":{"line":313,"character":0}},"children":[{"name":"nLinha","detail":" [parameter]","kind":26,"range":{"start":{"line":293,"character":27},"end":{"line":293,"character":33}},"selectionRange":{"start":{"line":293,"character":27},"end":{"line":293,"character":33}},"children":[]},{"name":"_NI","detail":"0","kind":13,"range":{"start":{"line":299,"character":6},"end":{"line":299,"character":11}},"selectionRange":{"start":{"line":299,"character":6},"end":{"line":299,"character":11}},"children":[]}]},{"name":"fdelpro","detail":"","kind":12,"range":{"start":{"line":314,"character":0},"end":{"line":340,"character":0}},"selectionRange":{"start":{"line":314,"character":0},"end":{"line":340,"character":0}},"children":[{"name":"lGravou","detail":".F.","kind":13,"range":{"start":{"line":320,"character":6},"end":{"line":320,"character":15}},"selectionRange":{"start":{"line":320,"character":6},"end":{"line":320,"character":15}},"children":[]},{"name":"cCodTitu","detail":"\"\"","kind":13,"range":{"start":{"line":321,"character":6},"end":{"line":321,"character":16}},"selectionRange":{"start":{"line":321,"character":6},"end":{"line":321,"character":16}},"children":[]},{"name":"nX","detail":"0","kind":13,"range":{"start":{"line":322,"character":6},"end":{"line":322,"character":10}},"selectionRange":{"start":{"line":322,"character":6},"end":{"line":322,"character":10}},"children":[]}]},{"name":"flistfin1","detail":"","kind":12,"range":{"start":{"line":341,"character":0},"end":{"line":410,"character":0}},"selectionRange":{"start":{"line":341,"character":0},"end":{"line":410,"character":0}},"children":[]},{"name":"qmt103impt","detail":"","kind":12,"range":{"start":{"line":411,"character":0},"end":{"line":532,"character":0}},"selectionRange":{"start":{"line":411,"character":0},"end":{"line":532,"character":0}},"children":[{"name":"aArea","detail":"GetArea()","kind":13,"range":{"start":{"line":418,"character":7},"end":{"line":418,"character":14}},"selectionRange":{"start":{"line":418,"character":7},"end":{"line":418,"character":14}},"children":[]},{"name":"aPergs2","detail":"{}","kind":13,"range":{"start":{"line":419,"character":7},"end":{"line":419,"character":16}},"selectionRange":{"start":{"line":419,"character":7},"end":{"line":419,"character":16}},"children":[]},{"name":"aCombo","detail":"{\"\",\"SP\",\"RJ\",\"...","kind":13,"range":{"start":{"line":420,"character":7},"end":{"line":420,"character":15}},"selectionRange":{"start":{"line":420,"character":7},"end":{"line":420,"character":15}},"children":[]},{"name":"aCombo2","detail":"{\"\",\"0= Declara...","kind":13,"range":{"start":{"line":421,"character":7},"end":{"line":421,"character":16}},"selectionRange":{"start":{"line":421,"character":7},"end":{"line":421,"character":16}},"children":[]},{"name":"aCombo3","detail":"{\"\",\"1= Marítim...","kind":13,"range":{"start":{"line":422,"character":7},"end":{"line":422,"character":16}},"selectionRange":{"start":{"line":422,"character":7},"end":{"line":422,"character":16}},"children":[]},{"name":"aCombo4","detail":"{\"\",\"1= Importa...","kind":13,"range":{"start":{"line":423,"character":7},"end":{"line":423,"character":16}},"selectionRange":{"start":{"line":423,"character":7},"end":{"line":423,"character":16}},"children":[]},{"name":"aCombo5","detail":"{\"\",\"0= Execurt...","kind":13,"range":{"start":{"line":424,"character":7},"end":{"line":424,"character":16}},"selectionRange":{"start":{"line":424,"character":7},"end":{"line":424,"character":16}},"children":[]},{"name":"nTipo","detail":"1","kind":13,"range":{"start":{"line":425,"character":7},"end":{"line":425,"character":14}},"selectionRange":{"start":{"line":425,"character":7},"end":{"line":425,"character":14}},"children":[]},{"name":"dDataDe","detail":"FirstDate(Date(...","kind":13,"range":{"start":{"line":426,"character":7},"end":{"line":426,"character":16}},"selectionRange":{"start":{"line":426,"character":7},"end":{"line":426,"character":16}},"children":[]},{"name":"aPar03","detail":"\"\"","kind":13,"range":{"start":{"line":427,"character":7},"end":{"line":427,"character":15}},"selectionRange":{"start":{"line":427,"character":7},"end":{"line":427,"character":15}},"children":[]},{"name":"aPar04","detail":"\"\"","kind":13,"range":{"start":{"line":428,"character":7},"end":{"line":428,"character":15}},"selectionRange":{"start":{"line":428,"character":7},"end":{"line":428,"character":15}},"children":[]},{"name":"aPar05","detail":"\"\"","kind":13,"range":{"start":{"line":429,"character":7},"end":{"line":429,"character":15}},"selectionRange":{"start":{"line":429,"character":7},"end":{"line":429,"character":15}},"children":[]},{"name":"aPar06","detail":"\"\"","kind":13,"range":{"start":{"line":430,"character":7},"end":{"line":430,"character":15}},"selectionRange":{"start":{"line":430,"character":7},"end":{"line":430,"character":15}},"children":[]},{"name":"aPar07","detail":"\"\"","kind":13,"range":{"start":{"line":431,"character":7},"end":{"line":431,"character":15}},"selectionRange":{"start":{"line":431,"character":7},"end":{"line":431,"character":15}},"children":[]},{"name":"aPar08","detail":"FirstDate(Date(...","kind":13,"range":{"start":{"line":432,"character":7},"end":{"line":432,"character":15}},"selectionRange":{"start":{"line":432,"character":7},"end":{"line":432,"character":15}},"children":[]},{"name":"aPar09","detail":"\"\"","kind":13,"range":{"start":{"line":433,"character":7},"end":{"line":433,"character":15}},"selectionRange":{"start":{"line":433,"character":7},"end":{"line":433,"character":15}},"children":[]},{"name":"aPar10","detail":"\"\"","kind":13,"range":{"start":{"line":434,"character":7},"end":{"line":434,"character":15}},"selectionRange":{"start":{"line":434,"character":7},"end":{"line":434,"character":15}},"children":[]},{"name":"aPar11","detail":"FirstDate(Date(...","kind":13,"range":{"start":{"line":435,"character":7},"end":{"line":435,"character":15}},"selectionRange":{"start":{"line":435,"character":7},"end":{"line":435,"character":15}},"children":[]},{"name":"aPar12","detail":"\"\"","kind":13,"range":{"start":{"line":436,"character":7},"end":{"line":436,"character":15}},"selectionRange":{"start":{"line":436,"character":7},"end":{"line":436,"character":15}},"children":[]},{"name":"aPar13","detail":"\"\"","kind":13,"range":{"start":{"line":437,"character":7},"end":{"line":437,"character":15}},"selectionRange":{"start":{"line":437,"character":7},"end":{"line":437,"character":15}},"children":[]},{"name":"aPar14","detail":"\"\"","kind":13,"range":{"start":{"line":438,"character":7},"end":{"line":438,"character":15}},"selectionRange":{"start":{"line":438,"character":7},"end":{"line":438,"character":15}},"children":[]},{"name":"aPar15","detail":"\"\"","kind":13,"range":{"start":{"line":439,"character":7},"end":{"line":439,"character":15}},"selectionRange":{"start":{"line":439,"character":7},"end":{"line":439,"character":15}},"children":[]}]}]}

Content-Length: 1072

{"jsonrpc":"2.0","id":264,"result":{"data":[28,0,4,20,0,24,61,4,20,0,9,66,4,20,0,14,4,7,20,0,1,4,7,20,0,51,1,7,20,0,0,31,3,20,0,15,2,7,20,0,34,2,6,20,0,0,7,8,20,0,0,15,5,20,0,0,44,4,20,0,0,73,5,20,0,2,72,5,20,0,0,9,5,20,0,0,6,2,20,0,3,37,3,20,0,0,60,4,20,0,0,37,5,20,0,0,16,5,20,0,0,6,2,20,0,1,37,5,20,0,0,13,3,20,0,0,13,4,20,0,0,37,5,20,0,0,16,5,20,0,0,6,2,20,0,2,37,3,20,0,0,41,4,20,0,0,37,5,20,0,0,16,5,20,0,0,6,2,20,0,1,37,10,20,0,0,18,3,20,0,0,11,5,20,0,0,12,4,20,0,0,37,5,20,0,0,16,5,20,0,0,6,2,20,0,2,37,6,20,0,0,12,4,20,0,0,37,6,20,0,0,21,5,20,0,0,6,2,20,0,1,2,8,20,0,0,9,8,20,0,0,15,8,20,0,2,2,7,20,0,0,33,3,20,0,13,4,7,20,0,1,4,7,20,0,32,1,7,20,0,0,29,3,20,0,22,0,4,20,0,15,0,6,20,0,0,7,8,20,0,0,20,5,20,0,0,38,4,20,0,0,72,5,20,0,3,35,6,20,0,0,18,4,20,0,0,37,6,20,0,0,7,5,20,0,0,19,5,20,0,0,6,2,20,0,1,35,6,20,0,0,16,4,20,0,0,39,6,20,0,0,17,5,20,0,0,19,5,20,0,0,6,2,20,0,2,36,7,20,0,0,20,6,20,0,1,2,6,20,0,1,2,4,20,0,0,37,2,20,0,0,14,5,20,0,1,2,8,20,0,7,0,8,20,0,0,9,8,20,0,0,20,8,20,0,122,0,4,20,0,42,56,5,20,0,1,60,5,20,0,2,60,5,20,0,2,75,5,20,0,3,64,5,20,0]}}

Content-Length: 706

{"jsonrpc":"2.0","id":265,"result":[{"range":{"start":{"line":0,"character":10},"end":{"line":0,"character":19}},"target":"file:///d%3A\\totvs%2012\\microsiga\\protheus\\include\\rwmake.ch","tooltip":"d:\\totvs 12\\microsiga\\protheus\\include\\rwmake.ch"},{"range":{"start":{"line":1,"character":10},"end":{"line":1,"character":21}},"target":"file:///d%3A\\totvs%2012\\microsiga\\protheus\\include\\protheus.ch","tooltip":"d:\\totvs 12\\microsiga\\protheus\\include\\protheus.ch"},{"range":{"start":{"line":2,"character":10},"end":{"line":2,"character":20}},"target":"file:///d%3A\\totvs%2012\\microsiga\\protheus\\include\\topconn.ch","tooltip":"d:\\totvs 12\\microsiga\\protheus\\include\\topconn.ch"}]}

Content-Length: 2660

{"jsonrpc":"2.0","id":266,"result":[{"range":{"start":{"line":28,"character":0},"end":{"line":257,"character":0}},"command":{"title":"0 reference","command":"advpl.showXrefs","arguments":["function","file:///d%3A/totvs%2012/microsiga/protheus/projetovscode/03_CONEX%C3%83ONFE/GMT103FIM.PRW",{"line":28,"character":0},[]]}},{"range":{"start":{"line":258,"character":0},"end":{"line":292,"character":0}},"command":{"title":"1 reference","command":"advpl.showXrefs","arguments":["function","file:///d%3A/totvs%2012/microsiga/protheus/projetovscode/03_CONEX%C3%83ONFE/GMT103FIM.PRW",{"line":258,"character":0},[{"uri":"file:///d%3A/totvs%2012/microsiga/protheus/projetovscode/03_CONEX%C3%83ONFE/GMT103FIM.PRW","range":{"start":{"line":242,"character":3},"end":{"line":242,"character":16}}}]]}},{"range":{"start":{"line":293,"character":0},"end":{"line":313,"character":0}},"command":{"title":"1 reference","command":"advpl.showXrefs","arguments":["function","file:///d%3A/totvs%2012/microsiga/protheus/projetovscode/03_CONEX%C3%83ONFE/GMT103FIM.PRW",{"line":293,"character":0},[{"uri":"file:///d%3A/totvs%2012/microsiga/protheus/projetovscode/03_CONEX%C3%83ONFE/GMT103FIM.PRW","range":{"start":{"line":284,"character":32},"end":{"line":284,"character":42}}}]]}},{"range":{"start":{"line":314,"character":0},"end":{"line":340,"character":0}},"command":{"title":"1 reference","command":"advpl.showXrefs","arguments":["function","file:///d%3A/totvs%2012/microsiga/protheus/projetovscode/03_CONEX%C3%83ONFE/GMT103FIM.PRW",{"line":314,"character":0},[{"uri":"file:///d%3A/totvs%2012/microsiga/protheus/projetovscode/03_CONEX%C3%83ONFE/GMT103FIM.PRW","range":{"start":{"line":277,"character":97},"end":{"line":277,"character":104}}}]]}},{"range":{"start":{"line":341,"character":0},"end":{"line":410,"character":0}},"command":{"title":"1 reference","command":"advpl.showXrefs","arguments":["function","file:///d%3A/totvs%2012/microsiga/protheus/projetovscode/03_CONEX%C3%83ONFE/GMT103FIM.PRW",{"line":341,"character":0},[{"uri":"file:///d%3A/totvs%2012/microsiga/protheus/projetovscode/03_CONEX%C3%83ONFE/GMT103FIM.PRW","range":{"start":{"line":287,"character":1},"end":{"line":287,"character":10}}}]]}},{"range":{"start":{"line":411,"character":0},"end":{"line":532,"character":0}},"command":{"title":"1 reference","command":"advpl.showXrefs","arguments":["function","file:///d%3A/totvs%2012/microsiga/protheus/projetovscode/03_CONEX%C3%83ONFE/GMT103FIM.PRW",{"line":411,"character":0},[{"uri":"file:///d%3A/totvs%2012/microsiga/protheus/projetovscode/03_CONEX%C3%83ONFE/GMT103FIM.PRW","range":{"start":{"line":91,"character":2},"end":{"line":91,"character":14}}}]]}}]}

Content-Length: 186

{"jsonrpc":"2.0","method":"textDocument/publishDiagnostics","params":{"uri":"file:///d%3A/totvs%2012/microsiga/protheus/projetovscode/03_conex%C3%83onfe/gmt103fim.prw","diagnostics":[]}}

Content-Length: 186

{"jsonrpc":"2.0","method":"textDocument/publishDiagnostics","params":{"uri":"file:///d%3A/totvs%2012/microsiga/protheus/projetovscode/03_CONEX%C3%83ONFE/M145ARDEL.prw","diagnostics":[]}}

Content-Length: 679

{"jsonrpc":"2.0","id":267,"result":[{"name":"Protheus.ch","kind":1,"range":{"start":{"line":0,"character":10},"end":{"line":0,"character":21}},"selectionRange":{"start":{"line":0,"character":10},"end":{"line":0,"character":21}},"children":[]},{"name":"m145ardel","detail":"","kind":12,"range":{"start":{"line":11,"character":0},"end":{"line":22,"character":0}},"selectionRange":{"start":{"line":11,"character":0},"end":{"line":22,"character":0}},"children":[{"name":"lRet","detail":".T.","kind":13,"range":{"start":{"line":12,"character":6},"end":{"line":12,"character":12}},"selectionRange":{"start":{"line":12,"character":6},"end":{"line":12,"character":12}},"children":[]}]}]}

Content-Length: 58

{"jsonrpc":"2.0","id":268,"result":{"data":[11,0,4,20,0]}}

Content-Length: 262

{"jsonrpc":"2.0","id":269,"result":[{"range":{"start":{"line":0,"character":10},"end":{"line":0,"character":21}},"target":"file:///d%3A\\totvs%2012\\microsiga\\protheus\\include\\Protheus.ch","tooltip":"d:\\totvs 12\\microsiga\\protheus\\include\\Protheus.ch"}]}

Content-Length: 323

{"jsonrpc":"2.0","id":270,"result":[{"range":{"start":{"line":11,"character":0},"end":{"line":22,"character":0}},"command":{"title":"0 reference","command":"advpl.showXrefs","arguments":["function","file:///d%3A/totvs%2012/microsiga/protheus/projetovscode/03_CONEX%C3%83ONFE/M145ARDEL.prw",{"line":11,"character":0},[]]}}]}

Content-Length: 186

{"jsonrpc":"2.0","method":"textDocument/publishDiagnostics","params":{"uri":"file:///d%3A/totvs%2012/microsiga/protheus/projetovscode/03_conex%C3%83onfe/m145ardel.prw","diagnostics":[]}}

Content-Length: 530

{"jsonrpc":"2.0","method":"textDocument/publishDiagnostics","params":{"uri":"file:///d%3A/totvs%2012/microsiga/protheus/projetovscode/03_CONEX%C3%83ONFE/GMT103FIM.PRW","diagnostics":[{"range":{"start":{"line":321,"character":0},"end":{"line":322,"character":0}},"code":0,"severity":2,"source":"Linter","message":"W0003 Local variable CCODTITU never used"},{"range":{"start":{"line":320,"character":0},"end":{"line":321,"character":0}},"code":0,"severity":2,"source":"Linter","message":"W0003 Local variable LGRAVOU never used"}]}}

Content-Length: 11640

{"jsonrpc":"2.0","id":271,"result":[{"name":"rwmake.ch","kind":1,"range":{"start":{"line":0,"character":10},"end":{"line":0,"character":19}},"selectionRange":{"start":{"line":0,"character":10},"end":{"line":0,"character":19}},"children":[]},{"name":"protheus.ch","kind":1,"range":{"start":{"line":1,"character":10},"end":{"line":1,"character":21}},"selectionRange":{"start":{"line":1,"character":10},"end":{"line":1,"character":21}},"children":[]},{"name":"topconn.ch","kind":1,"range":{"start":{"line":2,"character":10},"end":{"line":2,"character":20}},"selectionRange":{"start":{"line":2,"character":10},"end":{"line":2,"character":20}},"children":[]},{"name":"gmt103fim","detail":"","kind":12,"range":{"start":{"line":28,"character":0},"end":{"line":257,"character":0}},"selectionRange":{"start":{"line":28,"character":0},"end":{"line":257,"character":0}},"children":[{"name":"aGMT103FIM","detail":"GetArea()","kind":13,"range":{"start":{"line":33,"character":6},"end":{"line":33,"character":18}},"selectionRange":{"start":{"line":33,"character":6},"end":{"line":33,"character":18}},"children":[]},{"name":"cQuery","detail":"\"\"","kind":13,"range":{"start":{"line":34,"character":6},"end":{"line":34,"character":14}},"selectionRange":{"start":{"line":34,"character":6},"end":{"line":34,"character":14}},"children":[]},{"name":"nOpcao","detail":"PARAMIXB[1]","kind":13,"range":{"start":{"line":35,"character":6},"end":{"line":35,"character":14}},"selectionRange":{"start":{"line":35,"character":6},"end":{"line":35,"character":14}},"children":[]},{"name":"nConfirma","detail":"PARAMIXB[2]","kind":13,"range":{"start":{"line":36,"character":6},"end":{"line":36,"character":17}},"selectionRange":{"start":{"line":36,"character":6},"end":{"line":36,"character":17}},"children":[]},{"name":"Usuario","detail":"\"\"","kind":13,"range":{"start":{"line":37,"character":6},"end":{"line":37,"character":15}},"selectionRange":{"start":{"line":37,"character":6},"end":{"line":37,"character":15}},"children":[]},{"name":"xInvoice","detail":"\"          \"","kind":13,"range":{"start":{"line":38,"character":6},"end":{"line":38,"character":16}},"selectionRange":{"start":{"line":38,"character":6},"end":{"line":38,"character":16}},"children":[]},{"name":"xNatCC","detail":"\"          \"","kind":13,"range":{"start":{"line":39,"character":6},"end":{"line":39,"character":14}},"selectionRange":{"start":{"line":39,"character":6},"end":{"line":39,"character":14}},"children":[]},{"name":"oEdit1","detail":"","kind":13,"range":{"start":{"line":40,"character":6},"end":{"line":40,"character":14}},"selectionRange":{"start":{"line":40,"character":6},"end":{"line":40,"character":14}},"children":[]},{"name":"oEdit2","detail":"","kind":13,"range":{"start":{"line":41,"character":6},"end":{"line":41,"character":14}},"selectionRange":{"start":{"line":41,"character":6},"end":{"line":41,"character":14}},"children":[]},{"name":"aTpCC","detail":"{}","kind":13,"range":{"start":{"line":42,"character":6},"end":{"line":42,"character":13}},"selectionRange":{"start":{"line":42,"character":6},"end":{"line":42,"character":13}},"children":[]}]},{"name":"swapagaprov","detail":"","kind":12,"range":{"start":{"line":258,"character":0},"end":{"line":292,"character":0}},"selectionRange":{"start":{"line":258,"character":0},"end":{"line":292,"character":0}},"children":[{"name":"_oInforFin","detail":" [private]","kind":13,"range":{"start":{"line":264,"character":8},"end":{"line":264,"character":20}},"selectionRange":{"start":{"line":264,"character":8},"end":{"line":264,"character":20}},"children":[]},{"name":"OOK","detail":"LoadBitmap(GetR... [private]","kind":13,"range":{"start":{"line":266,"character":8},"end":{"line":266,"character":13}},"selectionRange":{"start":{"line":266,"character":8},"end":{"line":266,"character":13}},"children":[]},{"name":"ONO","detail":"LoadBitmap(GetR... [private]","kind":13,"range":{"start":{"line":267,"character":8},"end":{"line":267,"character":13}},"selectionRange":{"start":{"line":267,"character":8},"end":{"line":267,"character":13}},"children":[]},{"name":"aListBoxFin","detail":"{} [private]","kind":13,"range":{"start":{"line":270,"character":8},"end":{"line":270,"character":21}},"selectionRange":{"start":{"line":270,"character":8},"end":{"line":270,"character":21}},"children":[]},{"name":"oListBoxFin","detail":" [private]","kind":13,"range":{"start":{"line":271,"character":8},"end":{"line":271,"character":21}},"selectionRange":{"start":{"line":271,"character":8},"end":{"line":271,"character":21}},"children":[]}]},{"name":"fclickmark","detail":"","kind":12,"range":{"start":{"line":293,"character":0},"end":{"line":313,"character":0}},"selectionRange":{"start":{"line":293,"character":0},"end":{"line":313,"character":0}},"children":[{"name":"nLinha","detail":" [parameter]","kind":26,"range":{"start":{"line":293,"character":27},"end":{"line":293,"character":33}},"selectionRange":{"start":{"line":293,"character":27},"end":{"line":293,"character":33}},"children":[]},{"name":"_NI","detail":"0","kind":13,"range":{"start":{"line":299,"character":6},"end":{"line":299,"character":11}},"selectionRange":{"start":{"line":299,"character":6},"end":{"line":299,"character":11}},"children":[]}]},{"name":"fdelpro","detail":"","kind":12,"range":{"start":{"line":314,"character":0},"end":{"line":340,"character":0}},"selectionRange":{"start":{"line":314,"character":0},"end":{"line":340,"character":0}},"children":[{"name":"lGravou","detail":".F.","kind":13,"range":{"start":{"line":320,"character":6},"end":{"line":320,"character":15}},"selectionRange":{"start":{"line":320,"character":6},"end":{"line":320,"character":15}},"children":[]},{"name":"cCodTitu","detail":"\"\"","kind":13,"range":{"start":{"line":321,"character":6},"end":{"line":321,"character":16}},"selectionRange":{"start":{"line":321,"character":6},"end":{"line":321,"character":16}},"children":[]},{"name":"nX","detail":"0","kind":13,"range":{"start":{"line":322,"character":6},"end":{"line":322,"character":10}},"selectionRange":{"start":{"line":322,"character":6},"end":{"line":322,"character":10}},"children":[]}]},{"name":"flistfin1","detail":"","kind":12,"range":{"start":{"line":341,"character":0},"end":{"line":410,"character":0}},"selectionRange":{"start":{"line":341,"character":0},"end":{"line":410,"character":0}},"children":[]},{"name":"qmt103impt","detail":"","kind":12,"range":{"start":{"line":411,"character":0},"end":{"line":532,"character":0}},"selectionRange":{"start":{"line":411,"character":0},"end":{"line":532,"character":0}},"children":[{"name":"aArea","detail":"GetArea()","kind":13,"range":{"start":{"line":418,"character":7},"end":{"line":418,"character":14}},"selectionRange":{"start":{"line":418,"character":7},"end":{"line":418,"character":14}},"children":[]},{"name":"aPergs2","detail":"{}","kind":13,"range":{"start":{"line":419,"character":7},"end":{"line":419,"character":16}},"selectionRange":{"start":{"line":419,"character":7},"end":{"line":419,"character":16}},"children":[]},{"name":"aCombo","detail":"{\"\",\"SP\",\"RJ\",\"...","kind":13,"range":{"start":{"line":420,"character":7},"end":{"line":420,"character":15}},"selectionRange":{"start":{"line":420,"character":7},"end":{"line":420,"character":15}},"children":[]},{"name":"aCombo2","detail":"{\"\",\"0= Declara...","kind":13,"range":{"start":{"line":421,"character":7},"end":{"line":421,"character":16}},"selectionRange":{"start":{"line":421,"character":7},"end":{"line":421,"character":16}},"children":[]},{"name":"aCombo3","detail":"{\"\",\"1= Marítim...","kind":13,"range":{"start":{"line":422,"character":7},"end":{"line":422,"character":16}},"selectionRange":{"start":{"line":422,"character":7},"end":{"line":422,"character":16}},"children":[]},{"name":"aCombo4","detail":"{\"\",\"1= Importa...","kind":13,"range":{"start":{"line":423,"character":7},"end":{"line":423,"character":16}},"selectionRange":{"start":{"line":423,"character":7},"end":{"line":423,"character":16}},"children":[]},{"name":"aCombo5","detail":"{\"\",\"0= Execurt...","kind":13,"range":{"start":{"line":424,"character":7},"end":{"line":424,"character":16}},"selectionRange":{"start":{"line":424,"character":7},"end":{"line":424,"character":16}},"children":[]},{"name":"nTipo","detail":"1","kind":13,"range":{"start":{"line":425,"character":7},"end":{"line":425,"character":14}},"selectionRange":{"start":{"line":425,"character":7},"end":{"line":425,"character":14}},"children":[]},{"name":"dDataDe","detail":"FirstDate(Date(...","kind":13,"range":{"start":{"line":426,"character":7},"end":{"line":426,"character":16}},"selectionRange":{"start":{"line":426,"character":7},"end":{"line":426,"character":16}},"children":[]},{"name":"aPar03","detail":"\"\"","kind":13,"range":{"start":{"line":427,"character":7},"end":{"line":427,"character":15}},"selectionRange":{"start":{"line":427,"character":7},"end":{"line":427,"character":15}},"children":[]},{"name":"aPar04","detail":"\"\"","kind":13,"range":{"start":{"line":428,"character":7},"end":{"line":428,"character":15}},"selectionRange":{"start":{"line":428,"character":7},"end":{"line":428,"character":15}},"children":[]},{"name":"aPar05","detail":"\"\"","kind":13,"range":{"start":{"line":429,"character":7},"end":{"line":429,"character":15}},"selectionRange":{"start":{"line":429,"character":7},"end":{"line":429,"character":15}},"children":[]},{"name":"aPar06","detail":"\"\"","kind":13,"range":{"start":{"line":430,"character":7},"end":{"line":430,"character":15}},"selectionRange":{"start":{"line":430,"character":7},"end":{"line":430,"character":15}},"children":[]},{"name":"aPar07","detail":"\"\"","kind":13,"range":{"start":{"line":431,"character":7},"end":{"line":431,"character":15}},"selectionRange":{"start":{"line":431,"character":7},"end":{"line":431,"character":15}},"children":[]},{"name":"aPar08","detail":"FirstDate(Date(...","kind":13,"range":{"start":{"line":432,"character":7},"end":{"line":432,"character":15}},"selectionRange":{"start":{"line":432,"character":7},"end":{"line":432,"character":15}},"children":[]},{"name":"aPar09","detail":"\"\"","kind":13,"range":{"start":{"line":433,"character":7},"end":{"line":433,"character":15}},"selectionRange":{"start":{"line":433,"character":7},"end":{"line":433,"character":15}},"children":[]},{"name":"aPar10","detail":"\"\"","kind":13,"range":{"start":{"line":434,"character":7},"end":{"line":434,"character":15}},"selectionRange":{"start":{"line":434,"character":7},"end":{"line":434,"character":15}},"children":[]},{"name":"aPar11","detail":"FirstDate(Date(...","kind":13,"range":{"start":{"line":435,"character":7},"end":{"line":435,"character":15}},"selectionRange":{"start":{"line":435,"character":7},"end":{"line":435,"character":15}},"children":[]},{"name":"aPar12","detail":"\"\"","kind":13,"range":{"start":{"line":436,"character":7},"end":{"line":436,"character":15}},"selectionRange":{"start":{"line":436,"character":7},"end":{"line":436,"character":15}},"children":[]},{"name":"aPar13","detail":"\"\"","kind":13,"range":{"start":{"line":437,"character":7},"end":{"line":437,"character":15}},"selectionRange":{"start":{"line":437,"character":7},"end":{"line":437,"character":15}},"children":[]},{"name":"aPar14","detail":"\"\"","kind":13,"range":{"start":{"line":438,"character":7},"end":{"line":438,"character":15}},"selectionRange":{"start":{"line":438,"character":7},"end":{"line":438,"character":15}},"children":[]},{"name":"aPar15","detail":"\"\"","kind":13,"range":{"start":{"line":439,"character":7},"end":{"line":439,"character":15}},"selectionRange":{"start":{"line":439,"character":7},"end":{"line":439,"character":15}},"children":[]}]}]}

Content-Length: 1072

{"jsonrpc":"2.0","id":272,"result":{"data":[28,0,4,20,0,24,61,4,20,0,9,66,4,20,0,14,4,7,20,0,1,4,7,20,0,51,1,7,20,0,0,31,3,20,0,15,2,7,20,0,34,2,6,20,0,0,7,8,20,0,0,15,5,20,0,0,44,4,20,0,0,73,5,20,0,2,72,5,20,0,0,9,5,20,0,0,6,2,20,0,3,37,3,20,0,0,60,4,20,0,0,37,5,20,0,0,16,5,20,0,0,6,2,20,0,1,37,5,20,0,0,13,3,20,0,0,13,4,20,0,0,37,5,20,0,0,16,5,20,0,0,6,2,20,0,2,37,3,20,0,0,41,4,20,0,0,37,5,20,0,0,16,5,20,0,0,6,2,20,0,1,37,10,20,0,0,18,3,20,0,0,11,5,20,0,0,12,4,20,0,0,37,5,20,0,0,16,5,20,0,0,6,2,20,0,2,37,6,20,0,0,12,4,20,0,0,37,6,20,0,0,21,5,20,0,0,6,2,20,0,1,2,8,20,0,0,9,8,20,0,0,15,8,20,0,2,2,7,20,0,0,33,3,20,0,13,4,7,20,0,1,4,7,20,0,32,1,7,20,0,0,29,3,20,0,22,0,4,20,0,15,0,6,20,0,0,7,8,20,0,0,20,5,20,0,0,38,4,20,0,0,72,5,20,0,3,35,6,20,0,0,18,4,20,0,0,37,6,20,0,0,7,5,20,0,0,19,5,20,0,0,6,2,20,0,1,35,6,20,0,0,16,4,20,0,0,39,6,20,0,0,17,5,20,0,0,19,5,20,0,0,6,2,20,0,2,36,7,20,0,0,20,6,20,0,1,2,6,20,0,1,2,4,20,0,0,37,2,20,0,0,14,5,20,0,1,2,8,20,0,7,0,8,20,0,0,9,8,20,0,0,20,8,20,0,122,0,4,20,0,42,56,5,20,0,1,60,5,20,0,2,60,5,20,0,2,75,5,20,0,3,64,5,20,0]}}

Content-Length: 706

{"jsonrpc":"2.0","id":273,"result":[{"range":{"start":{"line":0,"character":10},"end":{"line":0,"character":19}},"target":"file:///d%3A\\totvs%2012\\microsiga\\protheus\\include\\rwmake.ch","tooltip":"d:\\totvs 12\\microsiga\\protheus\\include\\rwmake.ch"},{"range":{"start":{"line":1,"character":10},"end":{"line":1,"character":21}},"target":"file:///d%3A\\totvs%2012\\microsiga\\protheus\\include\\protheus.ch","tooltip":"d:\\totvs 12\\microsiga\\protheus\\include\\protheus.ch"},{"range":{"start":{"line":2,"character":10},"end":{"line":2,"character":20}},"target":"file:///d%3A\\totvs%2012\\microsiga\\protheus\\include\\topconn.ch","tooltip":"d:\\totvs 12\\microsiga\\protheus\\include\\topconn.ch"}]}

Content-Length: 2660

{"jsonrpc":"2.0","id":274,"result":[{"range":{"start":{"line":28,"character":0},"end":{"line":257,"character":0}},"command":{"title":"0 reference","command":"advpl.showXrefs","arguments":["function","file:///d%3A/totvs%2012/microsiga/protheus/projetovscode/03_CONEX%C3%83ONFE/GMT103FIM.PRW",{"line":28,"character":0},[]]}},{"range":{"start":{"line":258,"character":0},"end":{"line":292,"character":0}},"command":{"title":"1 reference","command":"advpl.showXrefs","arguments":["function","file:///d%3A/totvs%2012/microsiga/protheus/projetovscode/03_CONEX%C3%83ONFE/GMT103FIM.PRW",{"line":258,"character":0},[{"uri":"file:///d%3A/totvs%2012/microsiga/protheus/projetovscode/03_CONEX%C3%83ONFE/GMT103FIM.PRW","range":{"start":{"line":242,"character":3},"end":{"line":242,"character":16}}}]]}},{"range":{"start":{"line":293,"character":0},"end":{"line":313,"character":0}},"command":{"title":"1 reference","command":"advpl.showXrefs","arguments":["function","file:///d%3A/totvs%2012/microsiga/protheus/projetovscode/03_CONEX%C3%83ONFE/GMT103FIM.PRW",{"line":293,"character":0},[{"uri":"file:///d%3A/totvs%2012/microsiga/protheus/projetovscode/03_CONEX%C3%83ONFE/GMT103FIM.PRW","range":{"start":{"line":284,"character":32},"end":{"line":284,"character":42}}}]]}},{"range":{"start":{"line":314,"character":0},"end":{"line":340,"character":0}},"command":{"title":"1 reference","command":"advpl.showXrefs","arguments":["function","file:///d%3A/totvs%2012/microsiga/protheus/projetovscode/03_CONEX%C3%83ONFE/GMT103FIM.PRW",{"line":314,"character":0},[{"uri":"file:///d%3A/totvs%2012/microsiga/protheus/projetovscode/03_CONEX%C3%83ONFE/GMT103FIM.PRW","range":{"start":{"line":277,"character":97},"end":{"line":277,"character":104}}}]]}},{"range":{"start":{"line":341,"character":0},"end":{"line":410,"character":0}},"command":{"title":"1 reference","command":"advpl.showXrefs","arguments":["function","file:///d%3A/totvs%2012/microsiga/protheus/projetovscode/03_CONEX%C3%83ONFE/GMT103FIM.PRW",{"line":341,"character":0},[{"uri":"file:///d%3A/totvs%2012/microsiga/protheus/projetovscode/03_CONEX%C3%83ONFE/GMT103FIM.PRW","range":{"start":{"line":287,"character":1},"end":{"line":287,"character":10}}}]]}},{"range":{"start":{"line":411,"character":0},"end":{"line":532,"character":0}},"command":{"title":"1 reference","command":"advpl.showXrefs","arguments":["function","file:///d%3A/totvs%2012/microsiga/protheus/projetovscode/03_CONEX%C3%83ONFE/GMT103FIM.PRW",{"line":411,"character":0},[{"uri":"file:///d%3A/totvs%2012/microsiga/protheus/projetovscode/03_CONEX%C3%83ONFE/GMT103FIM.PRW","range":{"start":{"line":91,"character":2},"end":{"line":91,"character":14}}}]]}}]}

Content-Length: 186

{"jsonrpc":"2.0","method":"textDocument/publishDiagnostics","params":{"uri":"file:///d%3A/totvs%2012/microsiga/protheus/projetovscode/03_conex%C3%83onfe/gmt103fim.prw","diagnostics":[]}}

Content-Length: 354

{"jsonrpc":"2.0","method":"textDocument/publishDiagnostics","params":{"uri":"file:///d%3A/totvs%2012/microsiga/protheus/projetovscode/03_CONEX%C3%83ONFE/FISMNTNFE.PRW","diagnostics":[{"range":{"start":{"line":13,"character":0},"end":{"line":14,"character":0}},"code":0,"severity":2,"source":"Linter","message":"W0003 Local variable CIDNFE never used"}]}}

Content-Length: 1375

{"jsonrpc":"2.0","id":275,"result":[{"name":"rwmake.ch","kind":1,"range":{"start":{"line":0,"character":10},"end":{"line":0,"character":19}},"selectionRange":{"start":{"line":0,"character":10},"end":{"line":0,"character":19}},"children":[]},{"name":"fismntnfe","detail":"","kind":12,"range":{"start":{"line":11,"character":0},"end":{"line":23,"character":0}},"selectionRange":{"start":{"line":11,"character":0},"end":{"line":23,"character":0}},"children":[{"name":"aArea","detail":"GetArea()","kind":13,"range":{"start":{"line":12,"character":7},"end":{"line":12,"character":14}},"selectionRange":{"start":{"line":12,"character":7},"end":{"line":12,"character":14}},"children":[]},{"name":"cIdNfe","detail":"PARAMIXB[1]","kind":13,"range":{"start":{"line":13,"character":7},"end":{"line":13,"character":15}},"selectionRange":{"start":{"line":13,"character":7},"end":{"line":13,"character":15}},"children":[]},{"name":"aNfeInf","detail":"PARAMIXB[2]","kind":13,"range":{"start":{"line":14,"character":7},"end":{"line":14,"character":16}},"selectionRange":{"start":{"line":14,"character":7},"end":{"line":14,"character":16}},"children":[]},{"name":"cCodRetNfe","detail":"aNfeInf[1][9]","kind":13,"range":{"start":{"line":15,"character":7},"end":{"line":15,"character":19}},"selectionRange":{"start":{"line":15,"character":7},"end":{"line":15,"character":19}},"children":[]}]}]}

Content-Length: 58

{"jsonrpc":"2.0","id":276,"result":{"data":[11,0,4,20,0]}}

Content-Length: 258

{"jsonrpc":"2.0","id":277,"result":[{"range":{"start":{"line":0,"character":10},"end":{"line":0,"character":19}},"target":"file:///d%3A\\totvs%2012\\microsiga\\protheus\\include\\rwmake.ch","tooltip":"d:\\totvs 12\\microsiga\\protheus\\include\\rwmake.ch"}]}

Content-Length: 323

{"jsonrpc":"2.0","id":278,"result":[{"range":{"start":{"line":11,"character":0},"end":{"line":23,"character":0}},"command":{"title":"0 reference","command":"advpl.showXrefs","arguments":["function","file:///d%3A/totvs%2012/microsiga/protheus/projetovscode/03_CONEX%C3%83ONFE/FISMNTNFE.PRW",{"line":11,"character":0},[]]}}]}

Content-Length: 186

{"jsonrpc":"2.0","method":"textDocument/publishDiagnostics","params":{"uri":"file:///d%3A/totvs%2012/microsiga/protheus/projetovscode/03_conex%C3%83onfe/fismntnfe.prw","diagnostics":[]}}

Content-Length: 184

{"jsonrpc":"2.0","method":"textDocument/publishDiagnostics","params":{"uri":"file:///d%3A/totvs%2012/microsiga/protheus/projetovscode/03_CONEX%C3%83ONFE/A140EXC.PRW","diagnostics":[]}}

Content-Length: 249

{"jsonrpc":"2.0","id":279,"result":[{"name":"a140exc","detail":"","kind":12,"range":{"start":{"line":7,"character":0},"end":{"line":9,"character":0}},"selectionRange":{"start":{"line":7,"character":0},"end":{"line":9,"character":0}},"children":[]}]}

Content-Length: 57

{"jsonrpc":"2.0","id":280,"result":{"data":[7,0,4,20,0]}}

Content-Length: 38

{"jsonrpc":"2.0","id":281,"result":[]}

Content-Length: 318

{"jsonrpc":"2.0","id":282,"result":[{"range":{"start":{"line":7,"character":0},"end":{"line":9,"character":0}},"command":{"title":"0 reference","command":"advpl.showXrefs","arguments":["function","file:///d%3A/totvs%2012/microsiga/protheus/projetovscode/03_CONEX%C3%83ONFE/A140EXC.PRW",{"line":7,"character":0},[]]}}]}

Content-Length: 184

{"jsonrpc":"2.0","method":"textDocument/publishDiagnostics","params":{"uri":"file:///d%3A/totvs%2012/microsiga/protheus/projetovscode/03_conex%C3%83onfe/a140exc.prw","diagnostics":[]}}

Content-Length: 185

{"jsonrpc":"2.0","method":"textDocument/publishDiagnostics","params":{"uri":"file:///d%3A/totvs%2012/microsiga/protheus/projetovscode/03_CONEX%C3%83ONFE/A103CND2.prw","diagnostics":[]}}

Content-Length: 250

{"jsonrpc":"2.0","id":283,"result":[{"name":"a103cnd2","detail":"","kind":12,"range":{"start":{"line":7,"character":0},"end":{"line":9,"character":0}},"selectionRange":{"start":{"line":7,"character":0},"end":{"line":9,"character":0}},"children":[]}]}

Content-Length: 57

{"jsonrpc":"2.0","id":284,"result":{"data":[7,0,4,20,0]}}

Content-Length: 38

{"jsonrpc":"2.0","id":285,"result":[]}

Content-Length: 319

{"jsonrpc":"2.0","id":286,"result":[{"range":{"start":{"line":7,"character":0},"end":{"line":9,"character":0}},"command":{"title":"0 reference","command":"advpl.showXrefs","arguments":["function","file:///d%3A/totvs%2012/microsiga/protheus/projetovscode/03_CONEX%C3%83ONFE/A103CND2.prw",{"line":7,"character":0},[]]}}]}

Content-Length: 185

{"jsonrpc":"2.0","method":"textDocument/publishDiagnostics","params":{"uri":"file:///d%3A/totvs%2012/microsiga/protheus/projetovscode/03_conex%C3%83onfe/a103cnd2.prw","diagnostics":[]}}

Content-Length: 851

{"jsonrpc":"2.0","method":"textDocument/publishDiagnostics","params":{"uri":"file:///d%3A/totvs%2012/microsiga/protheus/projetovscode/02_COMPRAS/A093ACOD.PRW","diagnostics":[{"range":{"start":{"line":20,"character":0},"end":{"line":21,"character":0}},"code":0,"severity":2,"source":"Linter","message":"W0003 Local variable ACOD never used"},{"range":{"start":{"line":21,"character":0},"end":{"line":22,"character":0}},"code":0,"severity":2,"source":"Linter","message":"W0003 Local variable ACODGRD never used"},{"range":{"start":{"line":19,"character":0},"end":{"line":20,"character":0}},"code":0,"severity":2,"source":"Linter","message":"W0003 Local variable CDESPRD never used"},{"range":{"start":{"line":22,"character":0},"end":{"line":23,"character":0}},"code":0,"severity":2,"source":"Linter","message":"W0003 Local variable LGERA never used"}]}}

Content-Length: 2884

{"jsonrpc":"2.0","id":287,"result":[{"name":"TopConn.CH","kind":1,"range":{"start":{"line":0,"character":10},"end":{"line":0,"character":20}},"selectionRange":{"start":{"line":0,"character":10},"end":{"line":0,"character":20}},"children":[]},{"name":"RWMAKE.CH","kind":1,"range":{"start":{"line":1,"character":10},"end":{"line":1,"character":19}},"selectionRange":{"start":{"line":1,"character":10},"end":{"line":1,"character":19}},"children":[]},{"name":"TbiConn.CH","kind":1,"range":{"start":{"line":2,"character":10},"end":{"line":2,"character":20}},"selectionRange":{"start":{"line":2,"character":10},"end":{"line":2,"character":20}},"children":[]},{"name":"PROTHEUS.CH","kind":1,"range":{"start":{"line":3,"character":10},"end":{"line":3,"character":21}},"selectionRange":{"start":{"line":3,"character":10},"end":{"line":3,"character":21}},"children":[]},{"name":"a093acod","detail":"","kind":12,"range":{"start":{"line":12,"character":0},"end":{"line":47,"character":0}},"selectionRange":{"start":{"line":12,"character":0},"end":{"line":47,"character":0}},"children":[{"name":"cCodPrd","detail":"PARAMIXB[1]","kind":13,"range":{"start":{"line":18,"character":6},"end":{"line":18,"character":15}},"selectionRange":{"start":{"line":18,"character":6},"end":{"line":18,"character":15}},"children":[]},{"name":"cDesPrd","detail":"PARAMIXB[2]","kind":13,"range":{"start":{"line":19,"character":6},"end":{"line":19,"character":15}},"selectionRange":{"start":{"line":19,"character":6},"end":{"line":19,"character":15}},"children":[]},{"name":"aCod","detail":"PARAMIXB[3]","kind":13,"range":{"start":{"line":20,"character":6},"end":{"line":20,"character":12}},"selectionRange":{"start":{"line":20,"character":6},"end":{"line":20,"character":12}},"children":[]},{"name":"aCodGrd","detail":"PARAMIXB[4]","kind":13,"range":{"start":{"line":21,"character":6},"end":{"line":21,"character":15}},"selectionRange":{"start":{"line":21,"character":6},"end":{"line":21,"character":15}},"children":[]},{"name":"lGera","detail":"PARAMIXB[5]","kind":13,"range":{"start":{"line":22,"character":6},"end":{"line":22,"character":13}},"selectionRange":{"start":{"line":22,"character":6},"end":{"line":22,"character":13}},"children":[]},{"name":"aArea","detail":"GetArea()","kind":13,"range":{"start":{"line":23,"character":6},"end":{"line":23,"character":13}},"selectionRange":{"start":{"line":23,"character":6},"end":{"line":23,"character":13}},"children":[]},{"name":"cNewCod","detail":"Nil","kind":13,"range":{"start":{"line":24,"character":6},"end":{"line":24,"character":15}},"selectionRange":{"start":{"line":24,"character":6},"end":{"line":24,"character":15}},"children":[]},{"name":"cQuery","detail":"\"\"","kind":13,"range":{"start":{"line":25,"character":6},"end":{"line":25,"character":14}},"selectionRange":{"start":{"line":25,"character":6},"end":{"line":25,"character":14}},"children":[]}]}]}

Content-Length: 82

{"jsonrpc":"2.0","id":288,"result":{"data":[12,0,4,20,0,20,0,7,20,0,0,29,3,20,0]}}

Content-Length: 929

{"jsonrpc":"2.0","id":289,"result":[{"range":{"start":{"line":0,"character":10},"end":{"line":0,"character":20}},"target":"file:///d%3A\\totvs%2012\\microsiga\\protheus\\include\\TopConn.CH","tooltip":"d:\\totvs 12\\microsiga\\protheus\\include\\TopConn.CH"},{"range":{"start":{"line":1,"character":10},"end":{"line":1,"character":19}},"target":"file:///d%3A\\totvs%2012\\microsiga\\protheus\\include\\RWMAKE.CH","tooltip":"d:\\totvs 12\\microsiga\\protheus\\include\\RWMAKE.CH"},{"range":{"start":{"line":2,"character":10},"end":{"line":2,"character":20}},"target":"file:///d%3A\\totvs%2012\\microsiga\\protheus\\include\\TbiConn.CH","tooltip":"d:\\totvs 12\\microsiga\\protheus\\include\\TbiConn.CH"},{"range":{"start":{"line":3,"character":10},"end":{"line":3,"character":21}},"target":"file:///d%3A\\totvs%2012\\microsiga\\protheus\\include\\PROTHEUS.CH","tooltip":"d:\\totvs 12\\microsiga\\protheus\\include\\PROTHEUS.CH"}]}

Content-Length: 314

{"jsonrpc":"2.0","id":290,"result":[{"range":{"start":{"line":12,"character":0},"end":{"line":47,"character":0}},"command":{"title":"0 reference","command":"advpl.showXrefs","arguments":["function","file:///d%3A/totvs%2012/microsiga/protheus/projetovscode/02_COMPRAS/A093ACOD.PRW",{"line":12,"character":0},[]]}}]}

Content-Length: 85

{"jsonrpc":"2.0","id":291,"result":{"contents":["*local* **aArea** *:= GetArea()*"]}}

Content-Length: 177

{"jsonrpc":"2.0","method":"textDocument/publishDiagnostics","params":{"uri":"file:///d%3A/totvs%2012/microsiga/protheus/projetovscode/02_compras/a093acod.prw","diagnostics":[]}}

Content-Length: 176

{"jsonrpc":"2.0","method":"textDocument/publishDiagnostics","params":{"uri":"file:///d%3A/totvs%2012/microsiga/protheus/projetovscode/02_COMPRAS/A100DEL.prw","diagnostics":[]}}

Content-Length: 1294

{"jsonrpc":"2.0","id":292,"result":[{"name":"TopConn.CH","kind":1,"range":{"start":{"line":0,"character":10},"end":{"line":0,"character":20}},"selectionRange":{"start":{"line":0,"character":10},"end":{"line":0,"character":20}},"children":[]},{"name":"RWMAKE.CH","kind":1,"range":{"start":{"line":1,"character":10},"end":{"line":1,"character":19}},"selectionRange":{"start":{"line":1,"character":10},"end":{"line":1,"character":19}},"children":[]},{"name":"PROTHEUS.CH","kind":1,"range":{"start":{"line":2,"character":10},"end":{"line":2,"character":21}},"selectionRange":{"start":{"line":2,"character":10},"end":{"line":2,"character":21}},"children":[]},{"name":"TBICONN.CH","kind":1,"range":{"start":{"line":3,"character":10},"end":{"line":3,"character":20}},"selectionRange":{"start":{"line":3,"character":10},"end":{"line":3,"character":20}},"children":[]},{"name":"a100del","detail":"","kind":12,"range":{"start":{"line":13,"character":0},"end":{"line":25,"character":0}},"selectionRange":{"start":{"line":13,"character":0},"end":{"line":25,"character":0}},"children":[{"name":"lRet","detail":".T.","kind":13,"range":{"start":{"line":18,"character":6},"end":{"line":18,"character":12}},"selectionRange":{"start":{"line":18,"character":6},"end":{"line":18,"character":12}},"children":[]}]}]}

Content-Length: 58

{"jsonrpc":"2.0","id":293,"result":{"data":[13,0,4,20,0]}}

Content-Length: 929

{"jsonrpc":"2.0","id":294,"result":[{"range":{"start":{"line":0,"character":10},"end":{"line":0,"character":20}},"target":"file:///d%3A\\totvs%2012\\microsiga\\protheus\\include\\TopConn.CH","tooltip":"d:\\totvs 12\\microsiga\\protheus\\include\\TopConn.CH"},{"range":{"start":{"line":1,"character":10},"end":{"line":1,"character":19}},"target":"file:///d%3A\\totvs%2012\\microsiga\\protheus\\include\\RWMAKE.CH","tooltip":"d:\\totvs 12\\microsiga\\protheus\\include\\RWMAKE.CH"},{"range":{"start":{"line":2,"character":10},"end":{"line":2,"character":21}},"target":"file:///d%3A\\totvs%2012\\microsiga\\protheus\\include\\PROTHEUS.CH","tooltip":"d:\\totvs 12\\microsiga\\protheus\\include\\PROTHEUS.CH"},{"range":{"start":{"line":3,"character":10},"end":{"line":3,"character":20}},"target":"file:///d%3A\\totvs%2012\\microsiga\\protheus\\include\\TBICONN.CH","tooltip":"d:\\totvs 12\\microsiga\\protheus\\include\\TBICONN.CH"}]}

Content-Length: 313

{"jsonrpc":"2.0","id":295,"result":[{"range":{"start":{"line":13,"character":0},"end":{"line":25,"character":0}},"command":{"title":"0 reference","command":"advpl.showXrefs","arguments":["function","file:///d%3A/totvs%2012/microsiga/protheus/projetovscode/02_COMPRAS/A100DEL.prw",{"line":13,"character":0},[]]}}]}

Content-Length: 313

{"jsonrpc":"2.0","id":296,"result":[{"range":{"start":{"line":13,"character":0},"end":{"line":25,"character":0}},"command":{"title":"0 reference","command":"advpl.showXrefs","arguments":["function","file:///d%3A/totvs%2012/microsiga/protheus/projetovscode/02_COMPRAS/A100DEL.prw",{"line":13,"character":0},[]]}}]}

Content-Length: 176

{"jsonrpc":"2.0","method":"textDocument/publishDiagnostics","params":{"uri":"file:///d%3A/totvs%2012/microsiga/protheus/projetovscode/02_compras/a100del.prw","diagnostics":[]}}

Content-Length: 177

{"jsonrpc":"2.0","method":"textDocument/publishDiagnostics","params":{"uri":"file:///d%3A/totvs%2012/microsiga/protheus/projetovscode/02_COMPRAS/MT103FIN.prw","diagnostics":[]}}

Content-Length: 2472

{"jsonrpc":"2.0","id":297,"result":[{"name":"rwmake.ch","kind":1,"range":{"start":{"line":0,"character":10},"end":{"line":0,"character":19}},"selectionRange":{"start":{"line":0,"character":10},"end":{"line":0,"character":19}},"children":[]},{"name":"protheus.ch","kind":1,"range":{"start":{"line":1,"character":10},"end":{"line":1,"character":21}},"selectionRange":{"start":{"line":1,"character":10},"end":{"line":1,"character":21}},"children":[]},{"name":"topconn.ch","kind":1,"range":{"start":{"line":2,"character":10},"end":{"line":2,"character":20}},"selectionRange":{"start":{"line":2,"character":10},"end":{"line":2,"character":20}},"children":[]},{"name":"mt103fin","detail":"","kind":12,"range":{"start":{"line":11,"character":0},"end":{"line":49,"character":0}},"selectionRange":{"start":{"line":11,"character":0},"end":{"line":49,"character":0}},"children":[{"name":"lRet","detail":".t.","kind":13,"range":{"start":{"line":16,"character":6},"end":{"line":16,"character":12}},"selectionRange":{"start":{"line":16,"character":6},"end":{"line":16,"character":12}},"children":[]},{"name":"lDuplic","detail":".F.","kind":13,"range":{"start":{"line":17,"character":6},"end":{"line":17,"character":15}},"selectionRange":{"start":{"line":17,"character":6},"end":{"line":17,"character":15}},"children":[]},{"name":"aMT103FIN","detail":"GetArea()","kind":13,"range":{"start":{"line":18,"character":6},"end":{"line":18,"character":17}},"selectionRange":{"start":{"line":18,"character":6},"end":{"line":18,"character":17}},"children":[]},{"name":"nX","detail":"0","kind":13,"range":{"start":{"line":19,"character":6},"end":{"line":19,"character":10}},"selectionRange":{"start":{"line":19,"character":6},"end":{"line":19,"character":10}},"children":[]},{"name":"aLocHead","detail":"PARAMIXB[1] [private]","kind":13,"range":{"start":{"line":21,"character":8},"end":{"line":21,"character":18}},"selectionRange":{"start":{"line":21,"character":8},"end":{"line":21,"character":18}},"children":[]},{"name":"aLocCols","detail":"PARAMIXB[2] [private]","kind":13,"range":{"start":{"line":22,"character":8},"end":{"line":22,"character":18}},"selectionRange":{"start":{"line":22,"character":8},"end":{"line":22,"character":18}},"children":[]},{"name":"lLocRet","detail":"PARAMIXB[3] [private]","kind":13,"range":{"start":{"line":23,"character":8},"end":{"line":23,"character":17}},"selectionRange":{"start":{"line":23,"character":8},"end":{"line":23,"character":17}},"children":[]}]}]}

Content-Length: 58

{"jsonrpc":"2.0","id":298,"result":{"data":[11,0,4,20,0]}}

Content-Length: 706

{"jsonrpc":"2.0","id":299,"result":[{"range":{"start":{"line":0,"character":10},"end":{"line":0,"character":19}},"target":"file:///d%3A\\totvs%2012\\microsiga\\protheus\\include\\rwmake.ch","tooltip":"d:\\totvs 12\\microsiga\\protheus\\include\\rwmake.ch"},{"range":{"start":{"line":1,"character":10},"end":{"line":1,"character":21}},"target":"file:///d%3A\\totvs%2012\\microsiga\\protheus\\include\\protheus.ch","tooltip":"d:\\totvs 12\\microsiga\\protheus\\include\\protheus.ch"},{"range":{"start":{"line":2,"character":10},"end":{"line":2,"character":20}},"target":"file:///d%3A\\totvs%2012\\microsiga\\protheus\\include\\topconn.ch","tooltip":"d:\\totvs 12\\microsiga\\protheus\\include\\topconn.ch"}]}

Content-Length: 314

{"jsonrpc":"2.0","id":300,"result":[{"range":{"start":{"line":11,"character":0},"end":{"line":49,"character":0}},"command":{"title":"0 reference","command":"advpl.showXrefs","arguments":["function","file:///d%3A/totvs%2012/microsiga/protheus/projetovscode/02_COMPRAS/MT103FIN.prw",{"line":11,"character":0},[]]}}]}

Content-Length: 51

{"jsonrpc":"2.0","id":301,"result":{"contents":[]}}

Content-Length: 314

{"jsonrpc":"2.0","id":302,"result":[{"range":{"start":{"line":11,"character":0},"end":{"line":49,"character":0}},"command":{"title":"0 reference","command":"advpl.showXrefs","arguments":["function","file:///d%3A/totvs%2012/microsiga/protheus/projetovscode/02_COMPRAS/MT103FIN.prw",{"line":11,"character":0},[]]}}]}

Content-Length: 51

{"jsonrpc":"2.0","id":303,"result":{"contents":[]}}

Content-Length: 177

{"jsonrpc":"2.0","method":"textDocument/publishDiagnostics","params":{"uri":"file:///d%3A/totvs%2012/microsiga/protheus/projetovscode/02_COMPRAS/MT103FIN.prw","diagnostics":[]}}

Content-Length: 314

{"jsonrpc":"2.0","id":304,"result":[{"range":{"start":{"line":11,"character":0},"end":{"line":51,"character":0}},"command":{"title":"0 reference","command":"advpl.showXrefs","arguments":["function","file:///d%3A/totvs%2012/microsiga/protheus/projetovscode/02_COMPRAS/MT103FIN.prw",{"line":11,"character":0},[]]}}]}

Content-Length: 58

{"jsonrpc":"2.0","id":305,"result":{"data":[11,0,4,20,0]}}

Content-Length: 2472

{"jsonrpc":"2.0","id":306,"result":[{"name":"rwmake.ch","kind":1,"range":{"start":{"line":0,"character":10},"end":{"line":0,"character":19}},"selectionRange":{"start":{"line":0,"character":10},"end":{"line":0,"character":19}},"children":[]},{"name":"protheus.ch","kind":1,"range":{"start":{"line":1,"character":10},"end":{"line":1,"character":21}},"selectionRange":{"start":{"line":1,"character":10},"end":{"line":1,"character":21}},"children":[]},{"name":"topconn.ch","kind":1,"range":{"start":{"line":2,"character":10},"end":{"line":2,"character":20}},"selectionRange":{"start":{"line":2,"character":10},"end":{"line":2,"character":20}},"children":[]},{"name":"mt103fin","detail":"","kind":12,"range":{"start":{"line":11,"character":0},"end":{"line":51,"character":0}},"selectionRange":{"start":{"line":11,"character":0},"end":{"line":51,"character":0}},"children":[{"name":"lRet","detail":".t.","kind":13,"range":{"start":{"line":16,"character":6},"end":{"line":16,"character":12}},"selectionRange":{"start":{"line":16,"character":6},"end":{"line":16,"character":12}},"children":[]},{"name":"lDuplic","detail":".F.","kind":13,"range":{"start":{"line":17,"character":6},"end":{"line":17,"character":15}},"selectionRange":{"start":{"line":17,"character":6},"end":{"line":17,"character":15}},"children":[]},{"name":"aMT103FIN","detail":"GetArea()","kind":13,"range":{"start":{"line":18,"character":6},"end":{"line":18,"character":17}},"selectionRange":{"start":{"line":18,"character":6},"end":{"line":18,"character":17}},"children":[]},{"name":"nX","detail":"0","kind":13,"range":{"start":{"line":19,"character":6},"end":{"line":19,"character":10}},"selectionRange":{"start":{"line":19,"character":6},"end":{"line":19,"character":10}},"children":[]},{"name":"aLocHead","detail":"PARAMIXB[1] [private]","kind":13,"range":{"start":{"line":21,"character":8},"end":{"line":21,"character":18}},"selectionRange":{"start":{"line":21,"character":8},"end":{"line":21,"character":18}},"children":[]},{"name":"aLocCols","detail":"PARAMIXB[2] [private]","kind":13,"range":{"start":{"line":22,"character":8},"end":{"line":22,"character":18}},"selectionRange":{"start":{"line":22,"character":8},"end":{"line":22,"character":18}},"children":[]},{"name":"lLocRet","detail":"PARAMIXB[3] [private]","kind":13,"range":{"start":{"line":23,"character":8},"end":{"line":23,"character":17}},"selectionRange":{"start":{"line":23,"character":8},"end":{"line":23,"character":17}},"children":[]}]}]}

Content-Length: 177

{"jsonrpc":"2.0","method":"textDocument/publishDiagnostics","params":{"uri":"file:///d%3A/totvs%2012/microsiga/protheus/projetovscode/02_COMPRAS/MT103FIN.prw","diagnostics":[]}}

Content-Length: 314

{"jsonrpc":"2.0","id":307,"result":[{"range":{"start":{"line":11,"character":0},"end":{"line":52,"character":0}},"command":{"title":"0 reference","command":"advpl.showXrefs","arguments":["function","file:///d%3A/totvs%2012/microsiga/protheus/projetovscode/02_COMPRAS/MT103FIN.prw",{"line":11,"character":0},[]]}}]}

Content-Length: 58

{"jsonrpc":"2.0","id":308,"result":{"data":[11,0,4,20,0]}}

Content-Length: 2472

{"jsonrpc":"2.0","id":309,"result":[{"name":"rwmake.ch","kind":1,"range":{"start":{"line":0,"character":10},"end":{"line":0,"character":19}},"selectionRange":{"start":{"line":0,"character":10},"end":{"line":0,"character":19}},"children":[]},{"name":"protheus.ch","kind":1,"range":{"start":{"line":1,"character":10},"end":{"line":1,"character":21}},"selectionRange":{"start":{"line":1,"character":10},"end":{"line":1,"character":21}},"children":[]},{"name":"topconn.ch","kind":1,"range":{"start":{"line":2,"character":10},"end":{"line":2,"character":20}},"selectionRange":{"start":{"line":2,"character":10},"end":{"line":2,"character":20}},"children":[]},{"name":"mt103fin","detail":"","kind":12,"range":{"start":{"line":11,"character":0},"end":{"line":52,"character":0}},"selectionRange":{"start":{"line":11,"character":0},"end":{"line":52,"character":0}},"children":[{"name":"lRet","detail":".t.","kind":13,"range":{"start":{"line":16,"character":6},"end":{"line":16,"character":12}},"selectionRange":{"start":{"line":16,"character":6},"end":{"line":16,"character":12}},"children":[]},{"name":"lDuplic","detail":".F.","kind":13,"range":{"start":{"line":17,"character":6},"end":{"line":17,"character":15}},"selectionRange":{"start":{"line":17,"character":6},"end":{"line":17,"character":15}},"children":[]},{"name":"aMT103FIN","detail":"GetArea()","kind":13,"range":{"start":{"line":18,"character":6},"end":{"line":18,"character":17}},"selectionRange":{"start":{"line":18,"character":6},"end":{"line":18,"character":17}},"children":[]},{"name":"nX","detail":"0","kind":13,"range":{"start":{"line":19,"character":6},"end":{"line":19,"character":10}},"selectionRange":{"start":{"line":19,"character":6},"end":{"line":19,"character":10}},"children":[]},{"name":"aLocHead","detail":"PARAMIXB[1] [private]","kind":13,"range":{"start":{"line":21,"character":8},"end":{"line":21,"character":18}},"selectionRange":{"start":{"line":21,"character":8},"end":{"line":21,"character":18}},"children":[]},{"name":"aLocCols","detail":"PARAMIXB[2] [private]","kind":13,"range":{"start":{"line":22,"character":8},"end":{"line":22,"character":18}},"selectionRange":{"start":{"line":22,"character":8},"end":{"line":22,"character":18}},"children":[]},{"name":"lLocRet","detail":"PARAMIXB[3] [private]","kind":13,"range":{"start":{"line":23,"character":8},"end":{"line":23,"character":17}},"selectionRange":{"start":{"line":23,"character":8},"end":{"line":23,"character":17}},"children":[]}]}]}

Content-Length: 706

{"jsonrpc":"2.0","id":310,"result":[{"range":{"start":{"line":0,"character":10},"end":{"line":0,"character":19}},"target":"file:///d%3A\\totvs%2012\\microsiga\\protheus\\include\\rwmake.ch","tooltip":"d:\\totvs 12\\microsiga\\protheus\\include\\rwmake.ch"},{"range":{"start":{"line":1,"character":10},"end":{"line":1,"character":21}},"target":"file:///d%3A\\totvs%2012\\microsiga\\protheus\\include\\protheus.ch","tooltip":"d:\\totvs 12\\microsiga\\protheus\\include\\protheus.ch"},{"range":{"start":{"line":2,"character":10},"end":{"line":2,"character":20}},"target":"file:///d%3A\\totvs%2012\\microsiga\\protheus\\include\\topconn.ch","tooltip":"d:\\totvs 12\\microsiga\\protheus\\include\\topconn.ch"}]}

Content-Length: 314

{"jsonrpc":"2.0","id":311,"result":[{"range":{"start":{"line":11,"character":0},"end":{"line":52,"character":0}},"command":{"title":"0 reference","command":"advpl.showXrefs","arguments":["function","file:///d%3A/totvs%2012/microsiga/protheus/projetovscode/02_COMPRAS/MT103FIN.prw",{"line":11,"character":0},[]]}}]}

Content-Length: 51

{"jsonrpc":"2.0","id":312,"result":{"contents":[]}}

Content-Length: 314

{"jsonrpc":"2.0","id":313,"result":[{"range":{"start":{"line":11,"character":0},"end":{"line":52,"character":0}},"command":{"title":"0 reference","command":"advpl.showXrefs","arguments":["function","file:///d%3A/totvs%2012/microsiga/protheus/projetovscode/02_COMPRAS/MT103FIN.prw",{"line":11,"character":0},[]]}}]}

Content-Length: 1152

{"jsonrpc":"2.0","id":314,"result":[{"range":{"start":{"line":0,"character":10},"end":{"line":0,"character":21}},"target":"file:///d%3A\\totvs%2012\\microsiga\\protheus\\include\\PROTHEUS.CH","tooltip":"d:\\totvs 12\\microsiga\\protheus\\include\\PROTHEUS.CH"},{"range":{"start":{"line":1,"character":10},"end":{"line":1,"character":20}},"target":"file:///d%3A\\totvs%2012\\microsiga\\protheus\\include\\RESTFUL.CH","tooltip":"d:\\totvs 12\\microsiga\\protheus\\include\\RESTFUL.CH"},{"range":{"start":{"line":2,"character":10},"end":{"line":2,"character":19}},"target":"file:///d%3A\\totvs%2012\\microsiga\\protheus\\include\\rwmake.ch","tooltip":"d:\\totvs 12\\microsiga\\protheus\\include\\rwmake.ch"},{"range":{"start":{"line":3,"character":10},"end":{"line":3,"character":20}},"target":"file:///d%3A\\totvs%2012\\microsiga\\protheus\\include\\tbiconn.ch","tooltip":"d:\\totvs 12\\microsiga\\protheus\\include\\tbiconn.ch"},{"range":{"start":{"line":4,"character":10},"end":{"line":4,"character":20}},"target":"file:///d%3A\\totvs%2012\\microsiga\\protheus\\include\\TOPCONN.CH","tooltip":"d:\\totvs 12\\microsiga\\protheus\\include\\TOPCONN.CH"}]}

Content-Length: 1122

{"jsonrpc":"2.0","id":315,"result":{"data":[27,0,8,20,0,0,9,4,20,0,0,13,9,20,0,0,10,9,20,0,16,28,3,20,0,12,2,7,20,0,0,30,3,20,0,13,32,3,20,0,36,0,7,20,0,0,30,3,20,0,11,0,6,20,0,0,7,8,20,0,0,15,5,20,0,0,31,4,20,0,0,72,5,20,0,3,70,5,20,0,0,9,5,20,0,0,6,2,20,0,3,35,5,20,0,0,13,3,20,0,0,11,4,20,0,0,10,4,20,0,0,37,5,20,0,0,16,5,20,0,0,6,2,20,0,1,35,3,20,0,0,14,4,20,0,0,37,5,20,0,0,16,5,20,0,0,6,2,20,0,1,35,5,20,0,0,13,3,20,0,0,11,4,20,0,0,37,5,20,0,0,16,5,20,0,0,6,2,20,0,1,35,3,20,0,0,14,4,20,0,0,37,5,20,0,0,16,5,20,0,0,6,2,20,0,1,35,5,20,0,0,13,3,20,0,0,11,5,20,0,0,40,4,20,0,0,37,8,20,0,0,9,5,20,0,0,16,5,20,0,0,6,2,20,0,1,35,3,20,0,0,13,4,20,0,0,37,5,20,0,0,16,5,20,0,0,6,2,20,0,1,35,6,20,0,0,12,6,20,0,0,36,5,20,0,0,14,4,20,0,0,13,4,20,0,0,37,5,20,0,0,6,2,20,0,2,0,8,20,0,0,9,8,20,0,0,15,8,20,0,111,0,4,20,0,5,0,7,20,0,1,0,7,20,0,1,0,7,20,0,1,0,7,20,0,1,0,7,20,0,18,38,2,20,0,0,20,2,20,0,0,21,2,20,0,1,45,2,20,0,17,4,4,20,0,8,1,7,20,0,0,29,3,20,0,177,1,6,20,0,0,7,8,20,0,0,15,5,20,0,0,28,4,20,0,0,37,2,20,0,0,12,5,20,0,6,30,3,20,0,12,1,8,20,0,0,9,8,20,0,13,0,8,20,0,20,26,3,20,0,6,18,3,20,0,2,73,4,20,0,5,17,4,20,0]}}

Content-Length: 4842

{"jsonrpc":"2.0","id":316,"result":[{"range":{"start":{"line":82,"character":0},"end":{"line":133,"character":0}},"command":{"title":"2 references","command":"advpl.showXrefs","arguments":["function","file:///d%3A/totvs%2012/microsiga/protheus/projetovscode/10_lib/relinweb.prw",{"line":82,"character":0},[{"uri":"file:///d%3A/totvs%2012/microsiga/protheus/projetovscode/10_lib/relinweb.prw","range":{"start":{"line":300,"character":2},"end":{"line":300,"character":8}}},{"uri":"file:///d%3A/totvs%2012/microsiga/protheus/projetovscode/10_lib/relinweb.prw","range":{"start":{"line":458,"character":18},"end":{"line":458,"character":24}}}]]}},{"range":{"start":{"line":134,"character":0},"end":{"line":203,"character":0}},"command":{"title":"1 reference","command":"advpl.showXrefs","arguments":["function","file:///d%3A/totvs%2012/microsiga/protheus/projetovscode/10_lib/relinweb.prw",{"line":134,"character":0},[{"uri":"file:///d%3A/totvs%2012/microsiga/protheus/projetovscode/10_lib/relinweb.prw","range":{"start":{"line":125,"character":73},"end":{"line":125,"character":82}}}]]}},{"range":{"start":{"line":204,"character":0},"end":{"line":239,"character":0}},"command":{"title":"1 reference","command":"advpl.showXrefs","arguments":["function","file:///d%3A/totvs%2012/microsiga/protheus/projetovscode/10_lib/relinweb.prw",{"line":204,"character":0},[{"uri":"file:///d%3A/totvs%2012/microsiga/protheus/projetovscode/10_lib/relinweb.prw","range":{"start":{"line":127,"character":54},"end":{"line":127,"character":60}}}]]}},{"range":{"start":{"line":240,"character":0},"end":{"line":494,"character":0}},"command":{"title":"11 references","command":"advpl.showXrefs","arguments":["function","file:///d%3A/totvs%2012/microsiga/protheus/projetovscode/10_lib/relinweb.prw",{"line":240,"character":0},[{"uri":"file:///d%3A/totvs%2012/microsiga/protheus/projetovscode/11_MNT/MNTA990A.PRW","range":{"start":{"line":20,"character":64},"end":{"line":20,"character":74}}},{"uri":"file:///d%3A/totvs%2012/microsiga/protheus/projetovscode/07_FINANCEIRO/F060ACT.PRW","range":{"start":{"line":143,"character":103},"end":{"line":143,"character":113}}},{"uri":"file:///d%3A/totvs%2012/microsiga/protheus/projetovscode/07_FINANCEIRO/AutPag.prw","range":{"start":{"line":167,"character":0},"end":{"line":167,"character":10}}},{"uri":"file:///d%3A/totvs%2012/microsiga/protheus/projetovscode/05_ESTOQUE/MPFEST.prw","range":{"start":{"line":47,"character":107},"end":{"line":47,"character":117}}},{"uri":"file:///d%3A/totvs%2012/microsiga/protheus/projetovscode/05_ESTOQUE/MPFEST.prw","range":{"start":{"line":218,"character":1},"end":{"line":218,"character":11}}},{"uri":"file:///d%3A/totvs%2012/microsiga/protheus/projetovscode/05_ESTOQUE/MPFEST.prw","range":{"start":{"line":220,"character":1},"end":{"line":220,"character":11}}},{"uri":"file:///d%3A/totvs%2012/microsiga/protheus/projetovscode/05_ESTOQUE/MMOVESTEND.PRW","range":{"start":{"line":121,"character":0},"end":{"line":121,"character":10}}},{"uri":"file:///d%3A/totvs%2012/microsiga/protheus/projetovscode/05_ESTOQUE/MESTNOTA.PRW","range":{"start":{"line":125,"character":2},"end":{"line":125,"character":12}}},{"uri":"file:///d%3A/totvs%2012/microsiga/protheus/projetovscode/05_ESTOQUE/MESTNOTA.PRW","range":{"start":{"line":127,"character":2},"end":{"line":127,"character":12}}},{"uri":"file:///d%3A/totvs%2012/microsiga/protheus/projetovscode/02_COMPRAS/IMPPC.PRW","range":{"start":{"line":309,"character":2},"end":{"line":309,"character":12}}},{"uri":"file:///d%3A/totvs%2012/microsiga/protheus/projetovscode/02_COMPRAS/IMPPC.PRW","range":{"start":{"line":311,"character":2},"end":{"line":311,"character":12}}}]]}},{"range":{"start":{"line":495,"character":0},"end":{"line":505,"character":0}},"command":{"title":"0 reference","command":"advpl.showXrefs","arguments":["function","file:///d%3A/totvs%2012/microsiga/protheus/projetovscode/10_lib/relinweb.prw",{"line":495,"character":0},[]]}},{"range":{"start":{"line":506,"character":0},"end":{"line":594,"character":0}},"command":{"title":"0 reference","command":"advpl.showXrefs","arguments":["function","file:///d%3A/totvs%2012/microsiga/protheus/projetovscode/10_lib/relinweb.prw",{"line":506,"character":0},[]]}},{"range":{"start":{"line":0,"character":0},"end":{"line":0,"character":0}}},{"range":{"start":{"line":13,"character":7},"end":{"line":13,"character":16}},"command":{"title":"0 reference","command":"advpl.showXrefs","arguments":["function","file:///d%3A/totvs%2012/microsiga/protheus/projetovscode/10_lib/relinweb.prw",{"line":13,"character":7},[]]}},{"range":{"start":{"line":14,"character":7},"end":{"line":14,"character":20}},"command":{"title":"0 reference","command":"advpl.showXrefs","arguments":["function","file:///d%3A/totvs%2012/microsiga/protheus/projetovscode/10_lib/relinweb.prw",{"line":14,"character":7},[]]}}]}

Content-Length: 173

{"jsonrpc":"2.0","method":"textDocument/publishDiagnostics","params":{"uri":"file:///d%3A/totvs%2012/microsiga/protheus/projetovscode/10_lib/relinweb.prw","diagnostics":[]}}

Content-Length: 706

{"jsonrpc":"2.0","id":318,"result":[{"range":{"start":{"line":0,"character":10},"end":{"line":0,"character":19}},"target":"file:///d%3A\\totvs%2012\\microsiga\\protheus\\include\\rwmake.ch","tooltip":"d:\\totvs 12\\microsiga\\protheus\\include\\rwmake.ch"},{"range":{"start":{"line":1,"character":10},"end":{"line":1,"character":21}},"target":"file:///d%3A\\totvs%2012\\microsiga\\protheus\\include\\protheus.ch","tooltip":"d:\\totvs 12\\microsiga\\protheus\\include\\protheus.ch"},{"range":{"start":{"line":2,"character":10},"end":{"line":2,"character":20}},"target":"file:///d%3A\\totvs%2012\\microsiga\\protheus\\include\\topconn.ch","tooltip":"d:\\totvs 12\\microsiga\\protheus\\include\\topconn.ch"}]}

Content-Length: 314

{"jsonrpc":"2.0","id":319,"result":[{"range":{"start":{"line":11,"character":0},"end":{"line":52,"character":0}},"command":{"title":"0 reference","command":"advpl.showXrefs","arguments":["function","file:///d%3A/totvs%2012/microsiga/protheus/projetovscode/02_COMPRAS/MT103FIN.prw",{"line":11,"character":0},[]]}}]}

Content-Length: 58

{"jsonrpc":"2.0","id":320,"result":{"data":[11,0,4,20,0]}}

Content-Length: 98

{"jsonrpc":"2.0","method":"window/logMessage","params":{"type":3,"message":"Starting recompile."}}

Content-Length: 189

{"jsonrpc":"2.0","method":"window/logMessage","params":{"type":1,"message":"Retrieve connection error: An error ocurred while autoReconnect.\\n\\rServer: 192.168.1.103:1.236 [serverName]"}}

Content-Length: 74

{"jsonrpc":"2.0","id":321,"result":{"returnCode":40820,"compileInfos":[]}}

Content-Length: 126

{"jsonrpc":"2.0","method":"window/logMessage","params":{"type":3,"message":"Server 'DEV_COMPILA' successfully disconnected."}}

Content-Length: 57

{"jsonrpc":"2.0","id":322,"result":{"message":"Success"}}

Content-Length: 128

{"jsonrpc":"2.0","method":"window/logMessage","params":{"type":3,"message":"Starting reconnection to the server 'DEV_COMPILA'"}}

Content-Length: 195

{"jsonrpc":"2.0","id":323,"error":{"code":4086,"message":"Could not connect to server.         \nThe secure key is set to FALSE.         \nCheck whether the server has disabled the SSL as well"}}

Content-Length: 144

{"jsonrpc":"2.0","method":"window/logMessage","params":{"type":1,"message":"Reconnection failed. Could not reconnect to server (DEV_COMPILA)."}}

Content-Length: 147

{"jsonrpc":"2.0","method":"window/logMessage","params":{"type":3,"message":"Starting connection to the server 'DEV_COMPILA' (192.168.1.103@1236)"}}

Content-Length: 195

{"jsonrpc":"2.0","id":324,"error":{"code":4088,"message":"Could not connect to server.         \nThe secure key is set to FALSE.         \nCheck whether the server has disabled the SSL as well"}}

Content-Length: 145

{"jsonrpc":"2.0","method":"window/logMessage","params":{"type":1,"message":"Connection failed. Could not connect to server 192.168.1.103:1236."}}

Content-Length: 147

{"jsonrpc":"2.0","method":"window/logMessage","params":{"type":3,"message":"Starting connection to the server 'DEV_COMPILA' (192.168.1.103@1236)"}}

Content-Length: 127

{"jsonrpc":"2.0","method":"window/logMessage","params":{"type":3,"message":"Connection to the server 'DEV_COMPILA' finished."}}

Content-Length: 643

{"jsonrpc":"2.0","id":325,"result":{"connectionToken":"djM6NjFxOWMxbzU3ZGFsNG1uYTZramNldjRqdHE3ZGdwOjE6MTkyLjE2OC4xLjEwMzoxMjM2OjA6Ny4wMC4yMTAzMjRQOjM=:djE6Q09NUElMQV9ROm5vdXNlcjpVdnM2bW4wT004V3I4OVgwZFNWYW9TUkVONDlFa1FKVHRoRFd6SHZQYys0PQ==|djI6MTczMjgyNDgyNjoyOjE6MQ==.lSiWzv0hI4pSQmfpabByCu2PchOOb3NxGVdkbEP3w5cgeGKMqxnD9fG64wKMCbs1ahQMTa12VbvY9ZFGOiXUUVo0C7B0Br+YGx5QPr1R6qS1eBBeZazEDOyPtq+FtXmGzzBBapfeNreVS1eNnPaMPsiniGilpI7/65fls7KWLxwn8Rniqy6j7aiyALwcshwbSuBPeI9Kd/Rhp7T179ptwpWzndIxyizxOyY19y+gzD+TnCkgv8iu6jcJmlXubff9oMdcMFvoEEvKKF+ONuUmdydcqD2aNmbBIujlSl/2GCs5tvRf84gh5Cj1Rn+YIzDF4gM2hHOQOs5HS39mvJhT5g==","needAuthentication":true}}

Content-Length: 116

{"jsonrpc":"2.0","method":"window/logMessage","params":{"type":3,"message":"Starting user 'Admin' authentication."}}

Content-Length: 103

{"jsonrpc":"2.0","method":"window/logMessage","params":{"type":3,"message":"Secure authenticating..."}}

Content-Length: 111

{"jsonrpc":"2.0","method":"window/logMessage","params":{"type":3,"message":"User authenticated successfully."}}

Content-Length: 116

{"jsonrpc":"2.0","method":"window/logMessage","params":{"type":3,"message":"User 'Admin' authentication finished."}}

Content-Length: 613

{"jsonrpc":"2.0","id":326,"result":{"connectionToken":"djM6NjFxOWMxbzU3ZGFsNG1uYTZramNldjRqdHE3ZGdwOjE6MTkyLjE2OC4xLjEwMzoxMjM2OjA6Ny4wMC4yMTAzMjRQOjM=:djE6Q09NUElMQV9ROkFkbWluOnBSYlllaDdBTFBCVnRLSkp5OWZ3bW5XKzhTbzQ3VXVlU2F2V3V2YXROZlU9|djI6MTczMjgyNDgzOTowOjE6MQ==.srq82rrNDIANmxddE1vzkCr7ob1Fzn5LBv4zE2dlPlOR8xin+gqZf7maNDg/2KWB8ieyn+Oaf/S+WpMgCZ4QXDFcljh39DxgMyrGBBeJWWaPFeCveqqlww2m/Yd2pmWcnJe/wn7edmQMbR894XeH8i/jfTsrH89yhpGvzasVLUpVj9LccxEC9EFhibu8MIXfBkBnLLccBnJZVE0fssjk1U7XLFcVHU6tzsqiiF5wKLtfLlS4degYxpBTA9uD4Wf8CuPCTYe+KdWOBAph/DA3kKNt/8PSGuMLierLnav9XGMrZ2S4CSjunrY8OvOU3cnKER2GDEwfu4AxtzjBY3N9yQ=="}}

Content-Length: 472

{"jsonrpc":"2.0","id":327,"result":{"message":"OK","serverInformations":{"server":{"serverDetectedType":1,"environmentDetectedType":1},"permissions":{"operation":["DISCONNECT_USER","SEND_MESSAGE","BLOCK_NEW_CONNECTION","STOP_SERVER","APPLY_PATCH","BUILD_PATCH","MONITOR","COMPILE","APPLY_TEMPLATE"],"text":["M:Disconnect User","M:Send Message to User","M:Block New Connection","M:Stop Server","S:Apply Patch","S:Build Patch","M:Monitor","S:Compile","S:Apply Template"]}}}}

Content-Length: 314

{"jsonrpc":"2.0","id":328,"result":[{"range":{"start":{"line":11,"character":0},"end":{"line":52,"character":0}},"command":{"title":"0 reference","command":"advpl.showXrefs","arguments":["function","file:///d%3A/totvs%2012/microsiga/protheus/projetovscode/02_COMPRAS/MT103FIN.prw",{"line":11,"character":0},[]]}}]}

Content-Length: 51

{"jsonrpc":"2.0","id":329,"result":{"contents":[]}}

Content-Length: 98

{"jsonrpc":"2.0","method":"window/logMessage","params":{"type":3,"message":"Starting recompile."}}

Content-Length: 120

{"jsonrpc":"2.0","method":"window/logMessage","params":{"type":3,"message":"Starting build for environment COMPILA_Q."}}

Content-Length: 113

{"jsonrpc":"2.0","method":"window/logMessage","params":{"type":3,"message":"Starting build using RPO token ..."}}

Content-Length: 100

{"jsonrpc":"2.0","method":"window/logMessage","params":{"type":3,"message":"Start file recompile."}}

Content-Length: 133

{"jsonrpc":"2.0","method":"window/logMessage","params":{"type":3,"message":"Using Includes: d:/totvs 12/microsiga/protheus/include"}}

Content-Length: 177

{"jsonrpc":"2.0","method":"textDocument/publishDiagnostics","params":{"uri":"file:///d%3A/TOTVS%2012/Microsiga/Protheus/ProjetoVSCode/02_COMPRAS/MT103FIN.prw","diagnostics":[]}}

Content-Length: 177

{"jsonrpc":"2.0","method":"window/logMessage","params":{"type":3,"message":"Start secure compiling d:/TOTVS 12/Microsiga/Protheus/ProjetoVSCode/02_COMPRAS/MT103FIN.prw (1/1)."}}

Content-Length: 187

{"jsonrpc":"2.0","method":"window/logMessage","params":{"type":3,"message":"[SUCCESS] Source d:/TOTVS 12/Microsiga/Protheus/ProjetoVSCode/02_COMPRAS/MT103FIN.prw compiled successfully."}}

Content-Length: 177

{"jsonrpc":"2.0","method":"textDocument/publishDiagnostics","params":{"uri":"file:///d%3A/TOTVS%2012/Microsiga/Protheus/ProjetoVSCode/02_COMPRAS/MT103FIN.prw","diagnostics":[]}}

Content-Length: 127

{"jsonrpc":"2.0","method":"window/logMessage","params":{"type":3,"message":"Committing end build. This could take a while..."}}

Content-Length: 111

{"jsonrpc":"2.0","method":"window/logMessage","params":{"type":3,"message":"All files compiled successfully."}}

Content-Length: 98

{"jsonrpc":"2.0","method":"window/logMessage","params":{"type":3,"message":"Recompile finished."}}

Content-Length: 225

{"jsonrpc":"2.0","id":330,"result":{"returnCode":0,"compileInfos":[{"status":"SUCCESS","filePath":"d:/TOTVS 12/Microsiga/Protheus/ProjetoVSCode/02_COMPRAS/MT103FIN.prw","message":"Source compiled successfully","detail":""}]}}

Content-Length: 51

{"jsonrpc":"2.0","id":331,"result":{"contents":[]}}

Content-Length: 51

{"jsonrpc":"2.0","id":332,"result":{"contents":[]}}

Content-Length: 51

{"jsonrpc":"2.0","id":333,"result":{"contents":[]}}

Content-Length: 51

{"jsonrpc":"2.0","id":334,"result":{"contents":[]}}

Content-Length: 314

{"jsonrpc":"2.0","id":335,"result":[{"range":{"start":{"line":11,"character":0},"end":{"line":52,"character":0}},"command":{"title":"0 reference","command":"advpl.showXrefs","arguments":["function","file:///d%3A/totvs%2012/microsiga/protheus/projetovscode/02_COMPRAS/MT103FIN.prw",{"line":11,"character":0},[]]}}]}

Content-Length: 314

{"jsonrpc":"2.0","id":336,"result":[{"range":{"start":{"line":11,"character":0},"end":{"line":52,"character":0}},"command":{"title":"0 reference","command":"advpl.showXrefs","arguments":["function","file:///d%3A/totvs%2012/microsiga/protheus/projetovscode/02_COMPRAS/MT103FIN.prw",{"line":11,"character":0},[]]}}]}

Content-Length: 51

{"jsonrpc":"2.0","id":337,"result":{"contents":[]}}

Content-Length: 51

{"jsonrpc":"2.0","id":338,"result":{"contents":[]}}

Content-Length: 51

{"jsonrpc":"2.0","id":339,"result":{"contents":[]}}

Content-Length: 51

{"jsonrpc":"2.0","id":340,"result":{"contents":[]}}

Content-Length: 51

{"jsonrpc":"2.0","id":341,"result":{"contents":[]}}

Content-Length: 51

{"jsonrpc":"2.0","id":342,"result":{"contents":[]}}

Content-Length: 314

{"jsonrpc":"2.0","id":343,"result":[{"range":{"start":{"line":11,"character":0},"end":{"line":52,"character":0}},"command":{"title":"0 reference","command":"advpl.showXrefs","arguments":["function","file:///d%3A/totvs%2012/microsiga/protheus/projetovscode/02_COMPRAS/MT103FIN.prw",{"line":11,"character":0},[]]}}]}

Content-Length: 314

{"jsonrpc":"2.0","id":344,"result":[{"range":{"start":{"line":11,"character":0},"end":{"line":52,"character":0}},"command":{"title":"0 reference","command":"advpl.showXrefs","arguments":["function","file:///d%3A/totvs%2012/microsiga/protheus/projetovscode/02_COMPRAS/MT103FIN.prw",{"line":11,"character":0},[]]}}]}

Content-Length: 514

{"jsonrpc":"2.0","method":"textDocument/publishDiagnostics","params":{"uri":"file:///d%3A/totvs%2012/microsiga/protheus/projetovscode/02_COMPRAS/MT100LOK.prw","diagnostics":[{"range":{"start":{"line":28,"character":0},"end":{"line":29,"character":0}},"code":0,"severity":2,"source":"Linter","message":"W0008 Too few parameters calling MsgYesNo"},{"range":{"start":{"line":16,"character":0},"end":{"line":17,"character":0}},"code":0,"severity":2,"source":"Linter","message":"W0003 Local variable IXD never used"}]}}

Content-Length: 2053

{"jsonrpc":"2.0","id":345,"result":[{"name":"RWMAKE.CH","kind":1,"range":{"start":{"line":0,"character":10},"end":{"line":0,"character":19}},"selectionRange":{"start":{"line":0,"character":10},"end":{"line":0,"character":19}},"children":[]},{"name":"mt100lok","detail":"","kind":12,"range":{"start":{"line":7,"character":0},"end":{"line":142,"character":0}},"selectionRange":{"start":{"line":7,"character":0},"end":{"line":142,"character":0}},"children":[{"name":"aMT100LOK","detail":"GetArea()","kind":13,"range":{"start":{"line":12,"character":6},"end":{"line":12,"character":17}},"selectionRange":{"start":{"line":12,"character":6},"end":{"line":12,"character":17}},"children":[]},{"name":"lRet","detail":".T.","kind":13,"range":{"start":{"line":13,"character":6},"end":{"line":13,"character":12}},"selectionRange":{"start":{"line":13,"character":6},"end":{"line":13,"character":12}},"children":[]},{"name":"cLoteInterno","detail":"\"\"","kind":13,"range":{"start":{"line":14,"character":6},"end":{"line":14,"character":20}},"selectionRange":{"start":{"line":14,"character":6},"end":{"line":14,"character":20}},"children":[]},{"name":"lRetBLFera","detail":".F.","kind":13,"range":{"start":{"line":15,"character":6},"end":{"line":15,"character":18}},"selectionRange":{"start":{"line":15,"character":6},"end":{"line":15,"character":18}},"children":[]},{"name":"iXD","detail":"AScan(aHeader,{...","kind":13,"range":{"start":{"line":16,"character":6},"end":{"line":16,"character":11}},"selectionRange":{"start":{"line":16,"character":6},"end":{"line":16,"character":11}},"children":[]}]},{"name":"mcrialote","detail":"","kind":12,"range":{"start":{"line":143,"character":0},"end":{"line":166,"character":0}},"selectionRange":{"start":{"line":143,"character":0},"end":{"line":166,"character":0}},"children":[{"name":"cValorLote","detail":"GetMv(\"MV_NLOTE...","kind":13,"range":{"start":{"line":148,"character":6},"end":{"line":148,"character":18}},"selectionRange":{"start":{"line":148,"character":6},"end":{"line":148,"character":18}},"children":[]}]}]}

Content-Length: 80

{"jsonrpc":"2.0","id":346,"result":{"data":[7,0,4,20,0,13,3,7,20,0,8,5,8,20,0]}}

Content-Length: 258

{"jsonrpc":"2.0","id":347,"result":[{"range":{"start":{"line":0,"character":10},"end":{"line":0,"character":19}},"target":"file:///d%3A\\totvs%2012\\microsiga\\protheus\\include\\RWMAKE.CH","tooltip":"d:\\totvs 12\\microsiga\\protheus\\include\\RWMAKE.CH"}]}

Content-Length: 761

{"jsonrpc":"2.0","id":348,"result":[{"range":{"start":{"line":7,"character":0},"end":{"line":142,"character":0}},"command":{"title":"0 reference","command":"advpl.showXrefs","arguments":["function","file:///d%3A/totvs%2012/microsiga/protheus/projetovscode/02_COMPRAS/MT100LOK.prw",{"line":7,"character":0},[]]}},{"range":{"start":{"line":143,"character":0},"end":{"line":166,"character":0}},"command":{"title":"1 reference","command":"advpl.showXrefs","arguments":["function","file:///d%3A/totvs%2012/microsiga/protheus/projetovscode/02_COMPRAS/MT100LOK.prw",{"line":143,"character":0},[{"uri":"file:///d%3A/totvs%2012/microsiga/protheus/projetovscode/02_COMPRAS/MT100LOK.prw","range":{"start":{"line":92,"character":38},"end":{"line":92,"character":47}}}]]}}]}

Content-Length: 51

{"jsonrpc":"2.0","id":349,"result":{"contents":[]}}

Content-Length: 51

{"jsonrpc":"2.0","id":350,"result":{"contents":[]}}

Content-Length: 706

{"jsonrpc":"2.0","id":351,"result":[{"range":{"start":{"line":0,"character":10},"end":{"line":0,"character":19}},"target":"file:///d%3A\\totvs%2012\\microsiga\\protheus\\include\\rwmake.ch","tooltip":"d:\\totvs 12\\microsiga\\protheus\\include\\rwmake.ch"},{"range":{"start":{"line":1,"character":10},"end":{"line":1,"character":21}},"target":"file:///d%3A\\totvs%2012\\microsiga\\protheus\\include\\protheus.ch","tooltip":"d:\\totvs 12\\microsiga\\protheus\\include\\protheus.ch"},{"range":{"start":{"line":2,"character":10},"end":{"line":2,"character":20}},"target":"file:///d%3A\\totvs%2012\\microsiga\\protheus\\include\\topconn.ch","tooltip":"d:\\totvs 12\\microsiga\\protheus\\include\\topconn.ch"}]}

Content-Length: 58

{"jsonrpc":"2.0","id":352,"result":{"data":[11,0,4,20,0]}}

Content-Length: 314

{"jsonrpc":"2.0","id":353,"result":[{"range":{"start":{"line":11,"character":0},"end":{"line":52,"character":0}},"command":{"title":"0 reference","command":"advpl.showXrefs","arguments":["function","file:///d%3A/totvs%2012/microsiga/protheus/projetovscode/02_COMPRAS/MT103FIN.prw",{"line":11,"character":0},[]]}}]}

Content-Length: 258

{"jsonrpc":"2.0","id":354,"result":[{"range":{"start":{"line":0,"character":10},"end":{"line":0,"character":19}},"target":"file:///d%3A\\totvs%2012\\microsiga\\protheus\\include\\RWMAKE.CH","tooltip":"d:\\totvs 12\\microsiga\\protheus\\include\\RWMAKE.CH"}]}

Content-Length: 80

{"jsonrpc":"2.0","id":355,"result":{"data":[7,0,4,20,0,13,3,7,20,0,8,5,8,20,0]}}

Content-Length: 761

{"jsonrpc":"2.0","id":356,"result":[{"range":{"start":{"line":7,"character":0},"end":{"line":142,"character":0}},"command":{"title":"0 reference","command":"advpl.showXrefs","arguments":["function","file:///d%3A/totvs%2012/microsiga/protheus/projetovscode/02_COMPRAS/MT100LOK.prw",{"line":7,"character":0},[]]}},{"range":{"start":{"line":143,"character":0},"end":{"line":166,"character":0}},"command":{"title":"1 reference","command":"advpl.showXrefs","arguments":["function","file:///d%3A/totvs%2012/microsiga/protheus/projetovscode/02_COMPRAS/MT100LOK.prw",{"line":143,"character":0},[{"uri":"file:///d%3A/totvs%2012/microsiga/protheus/projetovscode/02_COMPRAS/MT100LOK.prw","range":{"start":{"line":92,"character":38},"end":{"line":92,"character":47}}}]]}}]}

Content-Length: 51

{"jsonrpc":"2.0","id":357,"result":{"contents":[]}}

Content-Length: 51

{"jsonrpc":"2.0","id":358,"result":{"contents":[]}}

Content-Length: 761

{"jsonrpc":"2.0","id":359,"result":[{"range":{"start":{"line":7,"character":0},"end":{"line":142,"character":0}},"command":{"title":"0 reference","command":"advpl.showXrefs","arguments":["function","file:///d%3A/totvs%2012/microsiga/protheus/projetovscode/02_COMPRAS/MT100LOK.prw",{"line":7,"character":0},[]]}},{"range":{"start":{"line":143,"character":0},"end":{"line":166,"character":0}},"command":{"title":"1 reference","command":"advpl.showXrefs","arguments":["function","file:///d%3A/totvs%2012/microsiga/protheus/projetovscode/02_COMPRAS/MT100LOK.prw",{"line":143,"character":0},[{"uri":"file:///d%3A/totvs%2012/microsiga/protheus/projetovscode/02_COMPRAS/MT100LOK.prw","range":{"start":{"line":92,"character":38},"end":{"line":92,"character":47}}}]]}}]}

Content-Length: 177

{"jsonrpc":"2.0","method":"textDocument/publishDiagnostics","params":{"uri":"file:///d%3A/totvs%2012/microsiga/protheus/projetovscode/02_compras/mt100lok.prw","diagnostics":[]}}

Content-Length: 706

{"jsonrpc":"2.0","id":360,"result":[{"range":{"start":{"line":0,"character":10},"end":{"line":0,"character":19}},"target":"file:///d%3A\\totvs%2012\\microsiga\\protheus\\include\\rwmake.ch","tooltip":"d:\\totvs 12\\microsiga\\protheus\\include\\rwmake.ch"},{"range":{"start":{"line":1,"character":10},"end":{"line":1,"character":21}},"target":"file:///d%3A\\totvs%2012\\microsiga\\protheus\\include\\protheus.ch","tooltip":"d:\\totvs 12\\microsiga\\protheus\\include\\protheus.ch"},{"range":{"start":{"line":2,"character":10},"end":{"line":2,"character":20}},"target":"file:///d%3A\\totvs%2012\\microsiga\\protheus\\include\\topconn.ch","tooltip":"d:\\totvs 12\\microsiga\\protheus\\include\\topconn.ch"}]}

Content-Length: 314

{"jsonrpc":"2.0","id":361,"result":[{"range":{"start":{"line":11,"character":0},"end":{"line":52,"character":0}},"command":{"title":"0 reference","command":"advpl.showXrefs","arguments":["function","file:///d%3A/totvs%2012/microsiga/protheus/projetovscode/02_COMPRAS/MT103FIN.prw",{"line":11,"character":0},[]]}}]}

Content-Length: 58

{"jsonrpc":"2.0","id":362,"result":{"data":[11,0,4,20,0]}}

Content-Length: 51

{"jsonrpc":"2.0","id":363,"result":{"contents":[]}}

Content-Length: 51

{"jsonrpc":"2.0","id":364,"result":{"contents":[]}}

Content-Length: 314

{"jsonrpc":"2.0","id":365,"result":[{"range":{"start":{"line":11,"character":0},"end":{"line":52,"character":0}},"command":{"title":"0 reference","command":"advpl.showXrefs","arguments":["function","file:///d%3A/totvs%2012/microsiga/protheus/projetovscode/02_COMPRAS/MT103FIN.prw",{"line":11,"character":0},[]]}}]}

Content-Length: 314

{"jsonrpc":"2.0","id":366,"result":[{"range":{"start":{"line":11,"character":0},"end":{"line":52,"character":0}},"command":{"title":"0 reference","command":"advpl.showXrefs","arguments":["function","file:///d%3A/totvs%2012/microsiga/protheus/projetovscode/02_COMPRAS/MT103FIN.prw",{"line":11,"character":0},[]]}}]}

Content-Length: 314

{"jsonrpc":"2.0","id":367,"result":[{"range":{"start":{"line":11,"character":0},"end":{"line":52,"character":0}},"command":{"title":"0 reference","command":"advpl.showXrefs","arguments":["function","file:///d%3A/totvs%2012/microsiga/protheus/projetovscode/02_COMPRAS/MT103FIN.prw",{"line":11,"character":0},[]]}}]}

Content-Length: 314

{"jsonrpc":"2.0","id":368,"result":[{"range":{"start":{"line":11,"character":0},"end":{"line":52,"character":0}},"command":{"title":"0 reference","command":"advpl.showXrefs","arguments":["function","file:///d%3A/totvs%2012/microsiga/protheus/projetovscode/02_COMPRAS/MT103FIN.prw",{"line":11,"character":0},[]]}}]}

Content-Length: 38

{"jsonrpc":"2.0","id":369,"result":[]}

Content-Length: 51

{"jsonrpc":"2.0","id":370,"result":{"contents":[]}}

Content-Length: 314

{"jsonrpc":"2.0","id":371,"result":[{"range":{"start":{"line":11,"character":0},"end":{"line":52,"character":0}},"command":{"title":"0 reference","command":"advpl.showXrefs","arguments":["function","file:///d%3A/totvs%2012/microsiga/protheus/projetovscode/02_COMPRAS/MT103FIN.prw",{"line":11,"character":0},[]]}}]}

Content-Length: 314

{"jsonrpc":"2.0","id":372,"result":[{"range":{"start":{"line":11,"character":0},"end":{"line":52,"character":0}},"command":{"title":"0 reference","command":"advpl.showXrefs","arguments":["function","file:///d%3A/totvs%2012/microsiga/protheus/projetovscode/02_COMPRAS/MT103FIN.prw",{"line":11,"character":0},[]]}}]}

Content-Length: 314

{"jsonrpc":"2.0","id":373,"result":[{"range":{"start":{"line":11,"character":0},"end":{"line":52,"character":0}},"command":{"title":"0 reference","command":"advpl.showXrefs","arguments":["function","file:///d%3A/totvs%2012/microsiga/protheus/projetovscode/02_COMPRAS/MT103FIN.prw",{"line":11,"character":0},[]]}}]}

Content-Length: 314

{"jsonrpc":"2.0","id":374,"result":[{"range":{"start":{"line":11,"character":0},"end":{"line":52,"character":0}},"command":{"title":"0 reference","command":"advpl.showXrefs","arguments":["function","file:///d%3A/totvs%2012/microsiga/protheus/projetovscode/02_COMPRAS/MT103FIN.prw",{"line":11,"character":0},[]]}}]}

Content-Length: 51

{"jsonrpc":"2.0","id":375,"result":{"contents":[]}}

Content-Length: 51

{"jsonrpc":"2.0","id":376,"result":{"contents":[]}}

Content-Length: 314

{"jsonrpc":"2.0","id":377,"result":[{"range":{"start":{"line":11,"character":0},"end":{"line":52,"character":0}},"command":{"title":"0 reference","command":"advpl.showXrefs","arguments":["function","file:///d%3A/totvs%2012/microsiga/protheus/projetovscode/02_COMPRAS/MT103FIN.prw",{"line":11,"character":0},[]]}}]}

Content-Length: 314

{"jsonrpc":"2.0","id":378,"result":[{"range":{"start":{"line":11,"character":0},"end":{"line":52,"character":0}},"command":{"title":"0 reference","command":"advpl.showXrefs","arguments":["function","file:///d%3A/totvs%2012/microsiga/protheus/projetovscode/02_COMPRAS/MT103FIN.prw",{"line":11,"character":0},[]]}}]}

Content-Length: 314

{"jsonrpc":"2.0","id":379,"result":[{"range":{"start":{"line":11,"character":0},"end":{"line":52,"character":0}},"command":{"title":"0 reference","command":"advpl.showXrefs","arguments":["function","file:///d%3A/totvs%2012/microsiga/protheus/projetovscode/02_COMPRAS/MT103FIN.prw",{"line":11,"character":0},[]]}}]}

Content-Length: 51

{"jsonrpc":"2.0","id":380,"result":{"contents":[]}}

Content-Length: 314

{"jsonrpc":"2.0","id":381,"result":[{"range":{"start":{"line":11,"character":0},"end":{"line":52,"character":0}},"command":{"title":"0 reference","command":"advpl.showXrefs","arguments":["function","file:///d%3A/totvs%2012/microsiga/protheus/projetovscode/02_COMPRAS/MT103FIN.prw",{"line":11,"character":0},[]]}}]}

Content-Length: 177

{"jsonrpc":"2.0","method":"textDocument/publishDiagnostics","params":{"uri":"file:///d%3A/totvs%2012/microsiga/protheus/projetovscode/02_COMPRAS/MT103FIN.prw","diagnostics":[]}}

Content-Length: 314

{"jsonrpc":"2.0","id":382,"result":[{"range":{"start":{"line":11,"character":0},"end":{"line":52,"character":0}},"command":{"title":"0 reference","command":"advpl.showXrefs","arguments":["function","file:///d%3A/totvs%2012/microsiga/protheus/projetovscode/02_COMPRAS/MT103FIN.prw",{"line":11,"character":0},[]]}}]}

Content-Length: 58

{"jsonrpc":"2.0","id":383,"result":{"data":[11,0,4,20,0]}}

Content-Length: 2472

{"jsonrpc":"2.0","id":384,"result":[{"name":"rwmake.ch","kind":1,"range":{"start":{"line":0,"character":10},"end":{"line":0,"character":19}},"selectionRange":{"start":{"line":0,"character":10},"end":{"line":0,"character":19}},"children":[]},{"name":"protheus.ch","kind":1,"range":{"start":{"line":1,"character":10},"end":{"line":1,"character":21}},"selectionRange":{"start":{"line":1,"character":10},"end":{"line":1,"character":21}},"children":[]},{"name":"topconn.ch","kind":1,"range":{"start":{"line":2,"character":10},"end":{"line":2,"character":20}},"selectionRange":{"start":{"line":2,"character":10},"end":{"line":2,"character":20}},"children":[]},{"name":"mt103fin","detail":"","kind":12,"range":{"start":{"line":11,"character":0},"end":{"line":52,"character":0}},"selectionRange":{"start":{"line":11,"character":0},"end":{"line":52,"character":0}},"children":[{"name":"lRet","detail":".t.","kind":13,"range":{"start":{"line":16,"character":6},"end":{"line":16,"character":12}},"selectionRange":{"start":{"line":16,"character":6},"end":{"line":16,"character":12}},"children":[]},{"name":"lDuplic","detail":".F.","kind":13,"range":{"start":{"line":17,"character":6},"end":{"line":17,"character":15}},"selectionRange":{"start":{"line":17,"character":6},"end":{"line":17,"character":15}},"children":[]},{"name":"aMT103FIN","detail":"GetArea()","kind":13,"range":{"start":{"line":18,"character":6},"end":{"line":18,"character":17}},"selectionRange":{"start":{"line":18,"character":6},"end":{"line":18,"character":17}},"children":[]},{"name":"nX","detail":"0","kind":13,"range":{"start":{"line":19,"character":6},"end":{"line":19,"character":10}},"selectionRange":{"start":{"line":19,"character":6},"end":{"line":19,"character":10}},"children":[]},{"name":"aLocHead","detail":"PARAMIXB[1] [private]","kind":13,"range":{"start":{"line":21,"character":8},"end":{"line":21,"character":18}},"selectionRange":{"start":{"line":21,"character":8},"end":{"line":21,"character":18}},"children":[]},{"name":"aLocCols","detail":"PARAMIXB[2] [private]","kind":13,"range":{"start":{"line":22,"character":8},"end":{"line":22,"character":18}},"selectionRange":{"start":{"line":22,"character":8},"end":{"line":22,"character":18}},"children":[]},{"name":"lLocRet","detail":"PARAMIXB[3] [private]","kind":13,"range":{"start":{"line":23,"character":8},"end":{"line":23,"character":17}},"selectionRange":{"start":{"line":23,"character":8},"end":{"line":23,"character":17}},"children":[]}]}]}

Content-Length: 706

{"jsonrpc":"2.0","id":385,"result":[{"range":{"start":{"line":0,"character":10},"end":{"line":0,"character":19}},"target":"file:///d%3A\\totvs%2012\\microsiga\\protheus\\include\\rwmake.ch","tooltip":"d:\\totvs 12\\microsiga\\protheus\\include\\rwmake.ch"},{"range":{"start":{"line":1,"character":10},"end":{"line":1,"character":21}},"target":"file:///d%3A\\totvs%2012\\microsiga\\protheus\\include\\protheus.ch","tooltip":"d:\\totvs 12\\microsiga\\protheus\\include\\protheus.ch"},{"range":{"start":{"line":2,"character":10},"end":{"line":2,"character":20}},"target":"file:///d%3A\\totvs%2012\\microsiga\\protheus\\include\\topconn.ch","tooltip":"d:\\totvs 12\\microsiga\\protheus\\include\\topconn.ch"}]}

Content-Length: 314

{"jsonrpc":"2.0","id":386,"result":[{"range":{"start":{"line":11,"character":0},"end":{"line":52,"character":0}},"command":{"title":"0 reference","command":"advpl.showXrefs","arguments":["function","file:///d%3A/totvs%2012/microsiga/protheus/projetovscode/02_COMPRAS/MT103FIN.prw",{"line":11,"character":0},[]]}}]}

Content-Length: 429

{"jsonrpc":"2.0","id":387,"result":{"contents":["## binary function dbselectarea(xarea)\nDefine a Ã¡rea de trabalho especificada como ativa.\n\n\n\n|   |   |\n| - | - |\n| **Parameter** | ``xarea``, variant, Indica a Ã¡rea de trabalho que ficarÃ¡ ativa. |\n| **Author** | [vp tecnologia](https://tdn.totvs.com/display/tec) - [totvs s.a.](https://www.totvs.com/)|\n| **See** | https://tdn.totvs.com/display/tec/dbselectarea|\n"]}}

